# Blender 4.2.10 LTS
# www.blender.org
mtllib pistol.mtl
o Cube
v -0.098005 -0.963285 0.765201
v -0.130673 1.029084 0.102137
v 0.098005 -0.969742 0.709750
v 0.130673 1.029084 0.102138
v -0.098005 -0.901417 1.449054
v -0.098005 0.980462 1.312009
v 0.098005 -0.901417 1.449054
v 0.098005 0.980462 1.312009
v -0.136846 0.251528 0.411778
v 0.136846 0.251528 0.411778
v 0.130673 0.277572 1.097120
v -0.130674 0.277572 1.097120
v -0.164863 0.608187 0.222377
v 0.163991 0.610752 0.220971
v 0.130673 0.552661 1.432955
v -0.130674 0.552661 1.432955
v 0.148784 0.436960 0.319880
v 0.130673 0.429621 1.226950
v -0.130674 0.429621 1.226950
v -0.148968 0.435523 0.320667
v -0.190541 0.836475 0.182200
v 0.189994 0.836475 0.182200
v 0.130673 0.816865 1.283309
v -0.130674 0.816865 1.283309
v -0.098005 1.046344 -1.563672
v 0.098005 1.046345 -1.563672
v -0.098005 0.630127 -1.563579
v 0.098005 0.630127 -1.563579
v -0.187654 0.870645 -1.658646
v 0.187655 0.870645 -1.658646
v -0.099917 0.483461 -0.379081
v -0.103360 0.601053 -0.409432
v 0.091503 0.610033 -0.414352
v 0.095710 0.486455 -0.380721
v 0.136846 -0.099234 0.505845
v 0.130673 -0.120128 1.204111
v -0.130674 -0.120128 1.204111
v -0.136846 -0.097502 0.518880
v -0.046494 0.015916 0.261588
v -0.046494 0.097885 0.231841
v 0.046494 0.097885 0.231841
v 0.046494 0.015916 0.261588
v -0.029658 0.005774 -0.007176
v -0.029658 0.058062 -0.026151
v 0.029658 0.058062 -0.026151
v 0.029658 0.005774 -0.007176
v -0.029658 0.058321 -0.222922
v -0.033810 0.148849 -0.246031
v 0.033810 0.152404 -0.238101
v 0.029658 0.058321 -0.222922
v -0.022243 0.076659 -0.317080
v -0.029658 0.169609 -0.342765
v 0.029658 0.171255 -0.339094
v 0.022243 0.076659 -0.317080
v -0.022243 0.429155 -0.263328
v 0.022243 0.448905 -0.219271
v -0.022243 0.418923 -0.332222
v 0.022243 0.428798 -0.310193
v 0.130673 -0.913528 1.366466
v 0.130673 1.005208 1.177466
v -0.130674 -0.913528 1.366466
v -0.130673 1.005208 1.177466
v -0.196010 0.274900 0.986986
v 0.196010 0.274900 0.986986
v -0.196010 0.560558 1.272537
v 0.196010 0.560558 1.272537
v 0.196010 0.430775 1.101095
v -0.196010 0.430775 1.101095
v -0.196010 0.824101 1.139957
v 0.196010 0.824101 1.139957
v 0.190208 -0.124462 1.140806
v -0.189680 -0.124462 1.140806
v 0.130673 -0.950471 0.907142
v -0.130673 1.024245 0.513364
v -0.196010 0.276487 0.559685
v -0.196010 0.594141 0.581337
v -0.196010 0.435746 0.558818
v -0.196010 0.851289 0.522293
v -0.189680 -0.129315 0.649932
v 0.130673 1.024245 0.513364
v -0.130674 -0.954522 0.913219
v 0.196010 0.276487 0.559685
v 0.196010 0.594141 0.581337
v 0.196010 0.435746 0.558818
v 0.196010 0.851289 0.522293
v 0.190208 -0.130581 0.633221
v -0.170756 0.148458 0.443549
v 0.170756 0.148458 0.443549
v 0.130673 0.164868 1.098912
v -0.130674 0.164868 1.098912
v -0.069741 0.069670 0.242080
v 0.069741 0.069670 0.242080
v -0.044487 0.040064 -0.019619
v 0.044487 0.040064 -0.019619
v -0.044487 0.092610 -0.235365
v 0.044487 0.092610 -0.235365
v -0.029658 0.106917 -0.335893
v 0.029658 0.106917 -0.335893
v 0.191832 0.156509 0.965516
v -0.191453 0.156509 0.965516
v 0.191832 0.167523 0.609271
v -0.191453 0.167523 0.609271
v 0.130673 1.015776 0.825218
v -0.130674 -0.929304 1.147664
v 0.196010 0.278139 0.760288
v 0.196010 0.578606 0.905917
v 0.196010 0.433412 0.813465
v 0.196010 0.840637 0.812341
v -0.167525 0.123940 0.936495
v 0.130673 -0.927531 1.151209
v -0.130673 1.015776 0.825218
v -0.196010 0.278139 0.760288
v -0.196010 0.578606 0.905917
v -0.196010 0.433412 0.813465
v -0.196010 0.840637 0.812341
v 0.142952 0.613665 -0.944874
v -0.189680 0.203738 0.764164
v 0.190208 0.203738 0.764164
v 0.130673 -0.777297 0.623316
v 0.130673 -0.715382 1.396602
v -0.130674 -0.715382 1.396602
v -0.130673 -0.766030 0.708772
v -0.191453 -0.754150 1.323448
v 0.191832 -0.754150 1.323448
v 0.191832 -0.792559 0.795213
v -0.191453 -0.789369 0.859658
v -0.189680 -0.872357 1.128317
v 0.190208 -0.872231 1.118822
v 0.161195 -0.121946 0.883342
v 0.166997 -0.124609 1.083040
v 0.169899 0.123940 0.936495
v 0.169899 0.134226 0.660160
v 0.166997 -0.126100 0.708587
v 0.166997 0.157661 0.780885
v 0.169899 -0.638506 1.243459
v 0.169899 -0.656202 0.877586
v 0.166998 -0.716113 1.081749
v -0.164360 -0.124609 1.083040
v -0.158030 -0.121946 0.883342
v -0.164360 -0.125973 0.711499
v -0.167525 0.134226 0.660160
v -0.164360 0.157661 0.780885
v -0.167525 -0.638506 1.243459
v -0.167525 -0.655442 0.895057
v -0.164360 -0.715987 1.084660
v 0.186895 0.838253 -0.975362
v 0.130673 1.044015 -0.903216
v -0.130673 1.044015 -0.903216
v -0.143499 0.613665 -0.944874
v -0.187309 0.838253 -0.975362
v 0.130674 0.618878 -1.311368
v -0.130673 0.618878 -1.311368
v -0.187654 0.914435 -1.294805
v 0.187655 0.914435 -1.294805
v 0.130674 1.057458 -1.316753
v -0.130673 1.057458 -1.316753
v 0.187655 0.716445 0.380690
v 0.130673 0.673366 1.375363
v -0.130674 0.673366 1.375363
v -0.188414 0.716445 0.380690
v 0.187655 0.768994 -1.658768
v -0.187654 0.768994 -1.658767
v 0.196010 0.682116 1.220958
v -0.196010 0.682116 1.220958
v 0.196010 0.717163 0.555664
v -0.196010 0.717163 0.555664
v -0.196010 0.702116 0.868078
v 0.196010 0.702116 0.868078
v -0.184525 0.711707 -1.113947
v 0.183978 0.711707 -1.113947
v -0.187654 0.713351 -1.303350
v 0.187655 0.713351 -1.303350
v 0.154232 0.855061 -1.291323
v 0.158410 0.807320 -1.128756
v 0.158410 0.746012 -1.133812
v 0.154232 0.870645 -1.658646
v 0.154232 0.760588 -1.299341
v 0.154232 0.768994 -1.658768
v -0.154232 0.768994 -1.658768
v -0.154232 0.870645 -1.658646
v -0.154232 0.855061 -1.291323
v -0.158410 0.807320 -1.128756
v -0.158410 0.746012 -1.133812
v -0.154232 0.760588 -1.299341
v 0.154232 0.714317 0.109633
v 0.158410 0.636494 -0.003338
v 0.158410 0.790840 -0.731965
v 0.158410 0.790944 -0.017978
v 0.158410 0.629422 -0.732843
v 0.154232 0.709532 -0.852695
v -0.158030 0.714317 0.109633
v -0.161828 0.790944 -0.017978
v -0.161828 0.636494 -0.003338
v -0.161828 0.629422 -0.732843
v -0.161828 0.790839 -0.731965
v -0.158030 0.709532 -0.852695
v 0.125319 0.618242 -0.274761
v -0.132968 0.594295 -0.261642
v -0.130928 0.457835 -0.232853
v 0.129399 0.465818 -0.237226
v 0.029658 0.363748 -0.326719
v 0.029658 0.388912 -0.209160
v -0.029658 0.364225 -0.264231
v -0.029658 0.355519 -0.345076
v -0.000000 -0.972617 0.728771
v -0.187280 0.942748 0.117704
v 0.000000 1.060457 0.098808
v 0.125077 -0.933607 0.662934
v 0.125077 -0.965791 0.781007
v 0.125077 0.998652 1.277682
v 0.125077 -0.862164 1.441914
v -0.000000 -0.905759 1.454616
v -0.000000 0.993632 1.324557
v -0.125078 -0.862164 1.441915
v -0.125078 -0.908690 1.426195
v -0.130673 1.026082 0.376598
v -0.167531 0.198349 0.424843
v 0.133573 0.347297 0.413359
v 0.130673 0.351362 1.141912
v -0.130674 0.351362 1.141912
v -0.189628 0.273949 0.483563
v -0.000000 0.278309 1.109493
v 0.187843 0.275762 1.058608
v -0.000000 0.257290 0.390124
v -0.187840 0.523190 0.285684
v 0.186314 0.664929 0.373195
v 0.130673 0.612060 1.431885
v -0.130674 0.612060 1.431885
v -0.193873 0.599419 0.455266
v -0.000000 0.551849 1.449464
v 0.187843 0.555274 1.379884
v -0.000694 0.614373 0.038661
v 0.187135 0.528213 0.282933
v 0.130673 0.494877 1.345622
v -0.130674 0.494877 1.345622
v -0.133584 0.347217 0.413403
v -0.000026 0.411822 0.282549
v 0.187843 0.430003 1.185313
v -0.000000 0.429503 1.239902
v -0.191164 0.436391 0.461419
v -0.188642 0.769269 0.352501
v 0.187223 0.942748 0.117704
v 0.125077 0.913829 1.296234
v -0.125078 0.913829 1.296234
v -0.195447 0.847591 0.404274
v -0.000000 0.816121 1.298061
v 0.187843 0.819259 1.235883
v 0.125078 0.620460 -1.460407
v -0.129652 0.988555 -1.593244
v 0.000000 1.057771 -1.584908
v 0.129652 0.674106 -1.594447
v 0.000000 0.621686 -1.584796
v -0.193921 0.819820 -1.658707
v 0.129652 0.988555 -1.593245
v 0.000000 0.898704 -1.655674
v 0.187983 0.855902 -0.384009
v 0.130673 1.035685 -0.401198
v -0.130673 1.035685 -0.401198
v -0.125077 0.620460 -1.460407
v -0.186293 0.920443 -1.460238
v -0.123235 0.543178 -0.396044
v -0.006552 0.620334 -0.417547
v 0.114952 0.549248 -0.399369
v -0.001732 0.472093 -0.377866
v 0.118464 0.623754 -0.395457
v -0.135015 0.589060 -0.008411
v -0.125961 0.463273 -0.351101
v 0.131874 0.463217 0.020439
v 0.167531 0.067353 0.468818
v 0.130673 0.069160 1.135909
v -0.130674 0.069160 1.135909
v -0.131623 -0.452489 0.631911
v -0.000000 -0.147497 0.502360
v 0.187118 -0.122295 1.172459
v -0.000000 -0.119316 1.215981
v -0.188837 -0.126117 0.601251
v -0.066835 0.088448 0.235266
v -0.000000 0.100841 0.230768
v 0.066835 0.041315 0.252370
v -0.000000 0.006575 0.264977
v -0.082694 0.164381 0.332069
v -0.082694 0.007609 0.386826
v 0.082694 0.164381 0.332069
v 0.082694 0.007452 0.385697
v -0.042633 0.052042 -0.023966
v -0.000000 0.059947 -0.026835
v 0.042633 0.021976 -0.013055
v -0.000000 -0.000184 -0.005013
v 0.031762 0.061654 0.106573
v -0.031762 0.061654 0.106573
v 0.031762 0.005656 0.126895
v -0.031762 0.005656 0.126895
v -0.043387 0.108492 -0.240290
v 0.000000 0.160222 -0.221995
v 0.042633 0.074523 -0.228801
v 0.000000 0.052363 -0.220759
v 0.029658 0.029667 -0.127177
v 0.030103 0.086292 -0.145441
v -0.030103 0.085963 -0.146175
v -0.029658 0.029667 -0.127177
v -0.029658 0.124482 -0.340282
v 0.000000 0.169725 -0.354022
v 0.028388 0.089355 -0.328178
v 0.000000 0.074009 -0.321267
v -0.028388 0.071706 -0.286685
v 0.028388 0.071706 -0.286685
v 0.041533 0.171998 -0.298189
v -0.041533 0.167658 -0.307872
v 0.000000 0.442212 -0.232556
v 0.000000 0.423718 -0.329975
v 0.027118 0.441994 -0.261123
v -0.027118 0.423936 -0.301407
v 0.028388 0.413710 -0.321515
v 0.030103 0.279471 -0.234947
v -0.030103 0.264844 -0.267577
v -0.029658 0.261773 -0.344249
v 0.125077 -0.908690 1.426195
v 0.130673 1.010134 1.013277
v -0.130674 -0.919802 1.268149
v -0.125078 0.998652 1.277682
v -0.187843 0.275762 1.058608
v 0.196010 0.276463 0.880057
v -0.187843 0.555274 1.379884
v 0.196010 0.568971 1.101649
v 0.196010 0.432004 0.967025
v -0.187843 0.430003 1.185313
v -0.187843 0.819259 1.235883
v 0.196010 0.831809 0.987249
v 0.179153 0.136475 0.943476
v -0.187052 -0.122295 1.172459
v -0.187374 -0.874802 1.354858
v 0.187413 -0.874802 1.354858
v 0.196010 0.621113 1.270216
v -0.196010 0.621113 1.270216
v -0.196010 0.350899 1.029794
v 0.196010 0.350899 1.029794
v 0.196010 0.499424 1.200044
v -0.196010 0.499425 1.200044
v 0.190382 0.058402 1.049736
v -0.189870 0.058402 1.049736
v -0.000000 1.035348 1.188066
v -0.000000 -0.924057 1.369871
v -0.187843 0.922289 1.151577
v 0.187843 0.922289 1.151576
v 0.130673 -0.937200 1.032145
v -0.130673 1.020783 0.654625
v -0.196010 0.277631 0.651677
v -0.196010 0.587291 0.728363
v -0.196010 0.434689 0.674166
v -0.196010 0.848147 0.653676
v -0.177620 0.148567 0.643448
v 0.130673 1.026082 0.376598
v -0.125078 -0.962922 0.824521
v 0.189628 0.273949 0.483563
v 0.193784 0.599748 0.455087
v 0.191138 0.436595 0.461307
v 0.195390 0.847591 0.404274
v 0.188903 -0.128481 0.579589
v 0.187843 0.944943 0.515370
v -0.000000 -0.962165 0.921601
v 0.190382 0.065004 0.606146
v 0.196010 0.518964 0.572784
v 0.196010 0.350540 0.552608
v 0.196010 0.658733 0.573623
v 0.187413 -0.914749 0.858028
v -0.187374 -0.915973 0.896837
v -0.196010 0.658733 0.573623
v -0.196010 0.350540 0.552608
v -0.196010 0.518964 0.572784
v -0.189870 0.065162 0.608235
v -0.000000 1.053087 0.512919
v -0.187843 0.944943 0.515370
v -0.167531 0.067565 0.470446
v 0.167531 0.198349 0.424843
v 0.130673 0.222544 1.084913
v -0.130674 0.222544 1.084913
v -0.066835 0.041315 0.252370
v 0.066835 0.088448 0.235266
v -0.042633 0.021976 -0.013055
v 0.042633 0.052042 -0.023966
v -0.042633 0.074523 -0.228801
v 0.043387 0.108924 -0.239327
v -0.028388 0.089355 -0.328178
v 0.029658 0.124688 -0.339823
v 0.195580 0.216004 0.963291
v -0.195541 0.216004 0.963291
v 0.195580 0.222349 0.581228
v -0.195541 0.222349 0.581228
v -0.189870 0.198791 0.682197
v 0.192423 0.161917 0.527028
v -0.187374 0.157822 1.048284
v 0.190382 0.191425 0.857483
v -0.042633 0.105308 -0.299894
v 0.042633 0.105308 -0.299894
v 0.000000 0.106828 -0.347609
v -0.044487 0.063956 -0.139620
v -0.047644 0.042378 0.113568
v 0.047644 0.042378 0.113568
v 0.044487 0.063956 -0.139620
v 0.120248 0.112149 0.350945
v -0.120249 0.112149 0.350945
v 0.187413 0.157822 1.048284
v -0.000000 0.167769 1.116253
v -0.192384 0.161917 0.527028
v 0.130673 1.020783 0.654625
v -0.130674 -0.941916 1.024486
v 0.196010 0.277631 0.651677
v 0.196010 0.587291 0.728363
v 0.196010 0.434689 0.674166
v 0.196010 0.848147 0.653676
v 0.178603 -0.125293 1.121716
v 0.130673 -0.919580 1.268592
v -0.130674 1.010134 1.013277
v -0.196010 0.276463 0.880058
v -0.196010 0.568971 1.101649
v -0.196010 0.432004 0.967025
v -0.196010 0.831809 0.987249
v -0.177020 -0.128152 0.676622
v -0.189870 0.191425 0.857483
v 0.190382 0.198791 0.682197
v 0.179153 -0.700026 1.283458
v -0.177620 -0.724121 0.887205
v -0.187843 0.935686 0.814125
v -0.000000 1.044875 0.829960
v -0.195219 0.229650 0.759234
v -0.196010 0.509818 0.867338
v -0.196010 0.351008 0.776682
v -0.196010 0.641801 0.900735
v -0.187052 -0.901305 1.136376
v 0.187843 0.935686 0.814125
v -0.000000 -0.938810 1.154963
v 0.195285 0.229650 0.759234
v 0.196010 0.509818 0.867338
v 0.196010 0.351008 0.776682
v 0.196010 0.641801 0.900735
v 0.187118 -0.899928 1.133923
v 0.131623 -0.459522 0.578867
v 0.130673 -0.425286 1.304356
v -0.130674 -0.425286 1.304356
v -0.125078 -0.922556 0.748843
v -0.189870 -0.430771 1.248413
v 0.190382 -0.430771 1.248413
v 0.190382 -0.456187 0.689627
v -0.189870 -0.452719 0.737875
v -0.177020 -0.841184 1.122460
v 0.178603 -0.841469 1.114358
v 0.190382 -0.873555 0.970908
v -0.189870 -0.852637 1.246635
v -0.189870 -0.873481 1.001566
v 0.187413 -0.774382 0.675581
v 0.190382 -0.852621 1.245448
v -0.187374 -0.720463 1.368875
v -0.187374 -0.764291 0.773022
v -0.000000 -0.714937 1.406155
v 0.187413 -0.720463 1.368875
v -0.000000 -0.773776 0.646369
v 0.161920 -0.122871 0.995167
v 0.167494 0.055706 0.993586
v 0.167494 0.062652 0.662890
v 0.167494 0.145884 0.869982
v 0.161920 -0.123387 0.782136
v 0.167494 0.153016 0.702847
v 0.161920 0.070208 0.814328
v 0.167494 -0.418146 1.187580
v 0.167494 -0.429800 0.800149
v 0.161920 -0.431870 0.989603
v 0.167494 -0.710180 0.967639
v 0.167494 -0.698713 1.191509
v 0.179153 0.148567 0.643448
v 0.178603 -0.128611 0.667617
v 0.179153 -0.725727 0.850767
v 0.178603 0.189672 0.768477
v -0.164902 0.055706 0.993585
v -0.158821 -0.123371 0.782500
v -0.164902 0.062667 0.663254
v -0.164902 0.153016 0.702847
v -0.158821 -0.122871 0.995167
v -0.164902 0.145884 0.869982
v -0.158821 0.070208 0.814328
v -0.164902 -0.418146 1.187580
v -0.164902 -0.429391 0.809552
v -0.158821 -0.431855 0.989967
v -0.164902 -0.698697 1.191873
v -0.164902 -0.709771 0.977042
v -0.177020 -0.125293 1.121716
v -0.177620 -0.700026 1.283458
v -0.177020 0.189672 0.768477
v -0.177620 0.136475 0.943476
v 0.128617 0.608331 -0.367975
v 0.187732 0.890043 -1.166308
v 0.130674 1.051549 -1.175330
v -0.130673 1.051549 -1.175330
v -0.129380 0.608127 -0.367863
v -0.188684 0.855902 -0.384009
v -0.186920 0.955218 -0.902020
v -0.183404 0.657167 -1.106050
v -0.000056 0.603183 -0.898492
v 0.000000 1.076110 -0.907232
v 0.180574 0.765165 -1.079995
v 0.186876 0.955218 -0.902020
v 0.132014 0.617762 -1.177297
v -0.132070 0.617762 -1.177297
v -0.187760 0.890043 -1.166308
v 0.186293 0.920443 -1.460238
v 0.125078 1.058499 -1.462467
v -0.125077 1.058499 -1.462467
v -0.186799 0.985946 -1.305779
v -0.186799 0.666115 -1.307359
v 0.000000 0.601165 -1.312872
v 0.000000 1.084275 -1.320868
v 0.170943 0.889704 -1.658623
v 0.186799 0.985946 -1.305779
v 0.187905 0.769269 0.352501
v 0.130673 0.737520 1.314533
v -0.130674 0.737520 1.314533
v -0.187068 0.664725 0.373307
v 0.193921 0.819820 -1.658707
v -0.129652 0.674106 -1.594447
v 0.196010 0.745673 1.168022
v -0.196010 0.745673 1.168022
v 0.196010 0.776980 0.536743
v -0.196010 0.776980 0.536742
v -0.196010 0.764306 0.833184
v 0.196010 0.764306 0.833184
v -0.181276 0.765165 -1.079995
v 0.182690 0.657167 -1.106050
v -0.170943 0.736970 -1.301346
v 0.186799 0.666115 -1.307359
v 0.187286 0.705735 -1.187766
v -0.187342 0.705735 -1.187766
v 0.170574 0.708804 -1.065340
v -0.171007 0.628799 0.110400
v 0.196010 0.711469 0.697178
v -0.196010 0.691438 1.056474
v -0.196010 0.711469 0.697178
v 0.194966 0.717932 0.448275
v -0.187843 0.676261 1.324281
v 0.196010 0.691438 1.056474
v -0.186293 0.721747 -1.465999
v 0.000000 0.747829 -1.656107
v 0.186293 0.721747 -1.465999
v 0.187843 0.676261 1.324281
v -0.000000 0.672465 1.391254
v -0.195061 0.717932 0.448275
v 0.154948 0.831883 -1.179298
v 0.155663 0.773802 -1.122183
v 0.154232 0.866513 -1.459665
v 0.147965 0.807824 -1.295332
v 0.147965 0.819820 -1.658707
v 0.154948 0.748888 -1.186710
v 0.154232 0.767175 -1.464787
v 0.170943 0.749935 -1.658790
v 0.170943 0.880196 -1.290254
v 0.170943 0.736970 -1.301346
v 0.171116 0.732556 -1.122126
v 0.171388 0.814082 -1.107044
v -0.147965 0.819820 -1.658707
v -0.154232 0.866513 -1.459665
v -0.154948 0.831883 -1.179298
v -0.155663 0.773802 -1.122183
v -0.147965 0.807824 -1.295332
v -0.154948 0.748888 -1.186710
v -0.154232 0.767175 -1.464787
v -0.170943 0.749935 -1.658790
v -0.170943 0.889704 -1.658623
v -0.170943 0.880196 -1.290254
v -0.171432 0.814082 -1.107044
v -0.171172 0.732556 -1.122126
v 0.154948 0.666379 0.094467
v 0.155663 0.796660 -0.375223
v 0.155663 0.627190 -0.367839
v 0.154948 0.760427 -0.830947
v 0.154948 0.762051 0.083588
v 0.154948 0.658843 -0.833232
v 0.147965 0.711925 -0.371531
v 0.166890 0.620375 -0.843372
v 0.170943 0.715480 0.323951
v 0.171735 0.801855 0.088530
v 0.168783 0.629003 0.110289
v 0.171388 0.802160 -0.842575
v -0.158681 0.762051 0.083588
v -0.159331 0.627190 -0.367839
v -0.159331 0.796660 -0.375223
v -0.158680 0.658843 -0.833232
v -0.158681 0.666379 0.094467
v -0.158681 0.760427 -0.830947
v -0.152333 0.711925 -0.371531
v -0.169096 0.620375 -0.843372
v -0.172830 0.708804 -1.065340
v -0.173222 0.715480 0.323951
v -0.173942 0.801855 0.088530
v -0.173582 0.802160 -0.842575
v 0.131086 0.605851 -0.017610
v -0.129430 0.606058 -0.385762
v -0.132665 0.457525 0.023557
v 0.123448 0.469107 -0.354297
v -0.180568 0.523072 -0.245608
v 0.175979 0.545023 -0.257633
v -0.000191 0.434744 -0.228822
v -0.004398 0.633351 -0.274419
v 0.029658 0.266710 -0.333235
v 0.028388 0.441413 -0.200921
v -0.028388 0.414166 -0.261704
v -0.028388 0.403972 -0.343237
v 0.000000 0.356459 -0.354497
v -0.040780 0.356786 -0.311538
v 0.000000 0.379744 -0.218095
v 0.040780 0.379416 -0.261055
v 0.180295 0.991582 -1.460220
v 0.179978 0.917714 1.249746
v -0.000000 0.914565 1.311352
v -0.187742 0.943857 0.384683
v -0.000000 -0.918732 1.429808
v -0.000000 1.055984 0.374372
v -0.192171 0.218749 0.502990
v -0.000000 0.224631 1.100298
v 0.187766 0.217481 1.038903
v -0.115870 0.145288 0.338936
v -0.194644 0.521996 0.456447
v -0.000000 0.494409 1.360604
v 0.187843 0.496381 1.297460
v -0.006307 0.643098 -0.397991
v -0.000003 0.345172 0.392091
v 0.187843 0.351093 1.104560
v -0.000000 0.351468 1.153581
v -0.188571 0.349909 0.472675
v -0.195118 0.774808 0.431497
v -0.000000 0.736681 1.329612
v 0.187843 0.740218 1.266063
v 0.180295 0.669355 -1.462184
v 0.000000 0.991227 -1.637181
v 0.000000 0.820512 -1.658682
v 0.000000 1.083052 -1.466981
v 0.000000 0.602593 -1.463465
v -0.180295 0.991582 -1.460220
v -0.004405 0.548234 -0.401505
v -0.000457 0.438187 -0.345675
v 0.167715 0.548604 -0.376194
v -0.174479 0.532681 -0.367471
v -0.000000 -0.460694 0.588235
v 0.187161 -0.427189 1.277211
v -0.000000 -0.424932 1.314404
v -0.187337 -0.452278 0.688098
v -0.000000 0.063673 0.105841
v -0.000000 0.169974 0.328629
v -0.000000 -0.013313 0.391086
v 0.115870 0.061050 0.368867
v 0.042633 0.045869 -0.133056
v 0.045658 0.023008 0.120598
v -0.045658 0.055206 0.108913
v -0.000000 -0.000725 0.129211
v 0.000000 0.065983 -0.285116
v -0.042744 0.076678 -0.144110
v 0.000000 0.023709 -0.125015
v 0.000000 0.089554 -0.144747
v 0.000000 0.124418 -0.351941
v 0.039063 0.431189 -0.253462
v 0.040848 0.087351 -0.293124
v -0.042435 0.122684 -0.304419
v 0.000000 0.436154 -0.281289
v 0.000000 0.431502 -0.212310
v -0.039063 0.405741 -0.310229
v 0.000000 0.405427 -0.351381
v -0.187099 -0.427189 1.277211
v 0.178740 -0.835111 0.980711
v 0.196010 0.754358 1.011948
v -0.187843 0.740218 1.266063
v -0.187843 0.351094 1.104560
v 0.196010 0.350957 0.911656
v 0.196010 0.504269 1.044963
v -0.187843 0.496381 1.297460
v 0.195328 0.223580 0.863823
v -0.187759 0.217481 1.038903
v -0.000000 1.027847 1.290145
v -0.000000 -0.930254 1.272117
v -0.179979 0.917714 1.249746
v 0.187843 0.928533 0.994284
v 0.187732 0.943857 0.384683
v -0.000000 -0.974116 0.810735
v 0.192178 0.218749 0.502990
v 0.194564 0.522566 0.456135
v 0.188568 0.349929 0.472664
v 0.195028 0.774808 0.431497
v 0.187399 -0.459344 0.623056
v -0.177170 0.175183 0.855812
v -0.196010 0.772852 0.671022
v -0.196010 0.350802 0.654248
v -0.196010 0.514845 0.706208
v -0.195266 0.227925 0.664925
v -0.000000 1.049460 0.656530
v -0.187843 0.941848 0.650698
v -0.177170 -0.425205 1.228035
v 0.191574 0.066721 0.549434
v -0.187099 0.063723 1.094152
v 0.178740 0.062632 0.633802
v -0.040848 0.087351 -0.293124
v 0.042436 0.123204 -0.303260
v 0.000000 0.089012 -0.339330
v -0.042633 0.045869 -0.133056
v -0.045658 0.023008 0.120598
v 0.045658 0.055206 0.108913
v 0.042744 0.076760 -0.143926
v 0.115870 0.145288 0.338936
v -0.115870 0.061089 0.369150
v 0.187161 0.063723 1.094152
v -0.000000 0.071257 1.151232
v -0.191512 0.067005 0.552062
v 0.178740 0.054716 1.026932
v -0.177170 0.062690 0.634928
v -0.187843 0.928533 0.994284
v -0.000000 1.039788 1.021146
v -0.195266 0.223580 0.863823
v -0.196010 0.504269 1.044963
v -0.196010 0.350957 0.911656
v -0.196010 0.754358 1.011948
v -0.177170 -0.834198 1.004900
v 0.187843 0.941848 0.650698
v -0.000000 -0.949488 1.037510
v 0.195328 0.227925 0.664925
v 0.196010 0.514845 0.706208
v 0.196010 0.350802 0.654248
v 0.196010 0.772852 0.671022
v 0.178740 -0.817948 1.232345
v 0.187161 -0.909120 0.998890
v -0.187099 -0.889650 1.258186
v -0.187099 -0.912542 1.009630
v 0.179901 -0.925294 0.730682
v 0.187161 -0.889478 1.257879
v -0.179894 -0.865440 1.413262
v -0.179894 -0.917597 0.815696
v -0.000000 -0.862100 1.451093
v 0.179901 -0.865440 1.413262
v -0.000000 -0.931408 0.683336
v 0.162619 -0.426777 1.102878
v 0.162619 0.064139 0.915177
v 0.162619 0.068339 0.723952
v 0.162619 -0.432794 0.883756
v 0.178740 0.175183 0.855812
v 0.178740 -0.443186 0.744364
v 0.178740 -0.425205 1.228035
v 0.178740 0.183514 0.692996
v -0.159583 -0.432706 0.885789
v -0.159583 0.068341 0.723998
v -0.159583 0.064139 0.915177
v -0.159583 -0.426776 1.102923
v -0.177170 0.054716 1.026932
v -0.177170 -0.817912 1.233358
v -0.177170 -0.441902 0.770470
v -0.177170 0.183514 0.692996
v -0.186961 0.947697 -0.391889
v -0.172476 0.656416 -1.041969
v -0.000151 0.607347 -0.378873
v 0.000000 1.068164 -0.404962
v 0.171141 0.764149 0.289235
v 0.186881 0.947697 -0.391889
v -0.186825 0.971785 -1.165963
v -0.170943 0.743399 -1.466066
v -0.000010 0.602052 -1.170379
v 0.000000 1.081160 -1.179734
v 0.186432 0.661281 -1.188803
v 0.186818 0.971785 -1.165963
v 0.170943 0.891267 -1.458949
v -0.186516 0.661281 -1.188803
v 0.170221 0.656416 -1.041969
v -0.166873 0.612493 -0.366595
v 0.196010 0.651648 0.721795
v -0.196010 0.630756 1.097994
v -0.196010 0.651648 0.721795
v 0.194631 0.662489 0.458172
v -0.187843 0.615055 1.378400
v 0.196010 0.630756 1.097994
v -0.180295 0.669355 -1.462184
v 0.000000 0.672562 -1.638178
v 0.187843 0.615055 1.378400
v -0.000000 0.611129 1.448524
v -0.194724 0.662438 0.458200
v 0.148932 0.790103 -1.182107
v 0.147965 0.816844 -1.462226
v 0.171030 0.727713 -1.186965
v 0.171098 0.853995 -1.174528
v 0.170488 0.766819 -1.097223
v 0.170943 0.743399 -1.466066
v -0.147965 0.816844 -1.462226
v -0.148932 0.790103 -1.182107
v -0.170943 0.891267 -1.458949
v -0.171105 0.853995 -1.174528
v -0.170569 0.766819 -1.097223
v -0.171040 0.727713 -1.186965
v 0.148932 0.662042 -0.369358
v 0.148932 0.761807 -0.373704
v 0.164626 0.612544 -0.366623
v 0.171296 0.815888 -0.377224
v 0.170744 0.666855 0.304380
v 0.170353 0.761772 -1.034983
v -0.153212 0.761807 -0.373704
v -0.153212 0.662042 -0.369358
v -0.173009 0.666804 0.304408
v -0.173402 0.764149 0.289235
v -0.173536 0.815888 -0.377224
v -0.172605 0.761772 -1.034983
v -0.181216 0.521522 0.011497
v 0.178840 0.537183 0.002917
v -0.000098 0.434950 0.023756
v -0.002277 0.621185 -0.034183
v 0.000000 0.262301 -0.354589
v -0.040891 0.262106 -0.311029
v 0.000000 0.274421 -0.234190
v 0.040891 0.275638 -0.280843
vn 0.7799 0.6256 -0.0175
vn 0.9987 0.0462 -0.0229
vn 0.9067 0.3743 -0.1945
vn 0.7548 0.5890 -0.2886
vn 0.9939 0.0700 0.0855
vn 0.8354 0.5427 0.0871
vn 0.6712 0.1584 0.7241
vn 0.6431 -0.0603 0.7634
vn 0.1150 -0.1289 0.9850
vn 0.1105 -0.1741 0.9785
vn -0.1105 -0.1741 0.9785
vn -0.1150 -0.1289 0.9850
vn -0.9966 0.0827 -0.0043
vn -0.8164 0.5775 0.0013
vn -0.8290 0.5592 0.0012
vn -0.9987 0.0490 -0.0122
vn 0.0823 -0.9927 0.0882
vn 0.0756 -0.9016 0.4259
vn -0.0756 -0.9016 0.4259
vn -0.0823 -0.9927 0.0882
vn 0.2191 0.9756 0.0168
vn 0.2280 0.9736 0.0132
vn -0.2280 0.9736 0.0132
vn -0.2191 0.9756 0.0168
vn -0.9991 -0.0407 -0.0128
vn -0.9980 -0.0046 -0.0629
vn -0.8674 0.1213 -0.4826
vn -0.9628 -0.0732 -0.2603
vn 0.1250 0.2510 0.9599
vn 0.1016 -0.1922 0.9761
vn -0.1016 -0.1922 0.9761
vn -0.1250 0.2510 0.9599
vn 0.9966 -0.0268 0.0775
vn 0.9931 -0.0445 0.1085
vn 0.5710 -0.2229 0.7901
vn 0.6492 0.1468 0.7463
vn -0.8831 -0.0895 -0.4606
vn -0.6210 0.3561 -0.6982
vn -0.4648 0.6581 -0.5924
vn -0.9094 -0.0230 -0.4152
vn -0.9994 -0.0190 -0.0294
vn -0.9999 0.0057 -0.0143
vn -0.9902 0.1110 -0.0851
vn -0.9519 -0.2673 -0.1500
vn 0.0530 -0.8773 0.4770
vn 0.0699 -0.8349 0.5460
vn -0.0699 -0.8349 0.5460
vn -0.0530 -0.8773 0.4770
vn 0.9872 -0.1344 0.0860
vn 0.9924 -0.0971 0.0752
vn 0.4691 -0.7278 0.5002
vn 0.3741 -0.8056 0.4594
vn -0.2810 0.9563 0.0812
vn 0.1335 0.9894 0.0570
vn 0.1093 0.6813 -0.7238
vn -0.2475 0.7412 -0.6240
vn -0.1572 0.0221 -0.9873
vn -0.1951 -0.7857 -0.5870
vn 0.1978 -0.7838 -0.5887
vn 0.1570 0.0219 -0.9874
vn 0.9917 -0.0652 0.1111
vn 0.9901 -0.0971 0.1014
vn 0.4298 -0.6553 0.6212
vn 0.4868 -0.4541 0.7462
vn 0.0768 -0.5160 0.8531
vn 0.0634 -0.7374 0.6725
vn -0.0634 -0.7374 0.6725
vn -0.0768 -0.5160 0.8531
vn -0.9961 -0.0035 -0.0882
vn -0.9975 -0.0171 -0.0691
vn -0.8513 -0.3302 -0.4077
vn -0.7737 -0.0147 -0.6334
vn -1.0000 -0.0031 -0.0086
vn -1.0000 -0.0041 -0.0064
vn -0.9974 -0.0641 -0.0342
vn -0.9954 -0.0384 -0.0873
vn 0.0809 0.6880 0.7212
vn 0.1034 0.3657 0.9250
vn -0.1034 0.3657 0.9250
vn -0.0809 0.6880 0.7212
vn 0.9937 0.0739 0.0848
vn 0.9958 0.0316 0.0855
vn 0.6080 0.2870 0.7402
vn 0.5173 0.5825 0.6269
vn 0.9973 -0.0686 -0.0272
vn 0.6535 -0.7560 -0.0380
vn 0.6578 -0.7068 -0.2604
vn 0.8594 -0.4684 -0.2052
vn -0.1554 0.4025 -0.9021
vn -0.2577 0.5762 -0.7756
vn 0.2577 0.5762 -0.7756
vn 0.1554 0.4025 -0.9021
vn 0.0060 -0.0201 -0.9998
vn 0.0061 0.0235 -0.9997
vn -0.0061 0.0235 -0.9997
vn -0.0060 -0.0201 -0.9998
vn -0.1971 0.9804 -0.0044
vn 0.1971 0.9804 -0.0044
vn 0.1774 0.9662 -0.1870
vn -0.1774 0.9662 -0.1870
vn 0.1380 -0.9904 -0.0125
vn -0.1380 -0.9904 -0.0125
vn -0.1311 -0.9812 -0.1415
vn 0.1311 -0.9812 -0.1415
vn -0.9987 0.0462 -0.0229
vn -0.7799 0.6256 -0.0175
vn -0.7548 0.5890 -0.2886
vn -0.9067 0.3743 -0.1945
vn -0.0272 -0.2910 -0.9563
vn -0.0371 -0.2159 -0.9757
vn 0.0143 -0.2247 -0.9743
vn 0.0176 -0.2931 -0.9559
vn 0.2352 -0.9713 -0.0342
vn -0.1832 -0.9822 -0.0408
vn -0.0969 -0.7200 -0.6872
vn 0.1118 -0.7200 -0.6849
vn 0.8326 0.5529 -0.0316
vn 0.8582 -0.5090 -0.0666
vn 0.4086 -0.4141 -0.8134
vn 0.4634 0.0247 -0.8858
vn -0.7981 -0.5979 -0.0742
vn -0.8404 0.5418 0.0142
vn -0.5620 0.0793 -0.8233
vn -0.4123 -0.4359 -0.8000
vn -0.3779 -0.1955 -0.9050
vn -0.2670 -0.2769 -0.9231
vn 0.0210 -0.2297 -0.9730
vn -0.1225 -0.1591 -0.9796
vn 0.9957 0.0268 0.0890
vn 0.9943 0.0353 0.1004
vn 0.4508 0.2844 0.8461
vn 0.4333 0.2712 0.8595
vn 0.0722 0.3015 0.9507
vn 0.0809 0.3083 0.9478
vn -0.0809 0.3083 0.9478
vn -0.0722 0.3015 0.9507
vn -0.9986 -0.0138 -0.0510
vn -0.9993 -0.0114 -0.0347
vn -0.7556 -0.1913 -0.6265
vn -0.7212 -0.1744 -0.6704
vn -0.0673 0.9563 -0.2845
vn 0.0673 0.9563 -0.2845
vn 0.0641 0.9976 -0.0280
vn -0.0641 0.9976 -0.0280
vn -0.1214 0.6014 -0.7896
vn 0.1214 0.6014 -0.7896
vn 0.0740 0.8165 -0.5726
vn -0.0740 0.8165 -0.5726
vn 0.1997 -0.6552 -0.7286
vn -0.2530 -0.6611 -0.7064
vn -0.2180 -0.9659 -0.1397
vn 0.2156 -0.9663 -0.1407
vn 0.8840 -0.1903 -0.4269
vn 0.7700 -0.3533 -0.5313
vn 0.7641 -0.5977 -0.2427
vn 0.9148 -0.2070 -0.3469
vn 0.9937 -0.1098 -0.0219
vn 0.7507 -0.6480 -0.1290
vn 0.7294 -0.6553 -0.1961
vn 0.9929 -0.1141 -0.0342
vn 0.9792 -0.1499 -0.1365
vn 0.7735 -0.6327 -0.0364
vn 0.7782 -0.6279 -0.0128
vn 0.9937 -0.1097 -0.0216
vn -0.9789 0.0839 -0.1861
vn -0.4426 0.8462 -0.2968
vn -0.4250 0.9047 -0.0312
vn -0.9893 0.1437 -0.0259
vn 0.2004 -0.9783 0.0526
vn -0.2004 -0.9783 0.0526
vn -0.1967 -0.9805 -0.0040
vn 0.1967 -0.9805 -0.0040
vn 0.1805 -0.9621 -0.2046
vn -0.1805 -0.9621 -0.2046
vn -0.1700 -0.9642 -0.2037
vn 0.1700 -0.9642 -0.2037
vn -0.9874 0.1551 0.0318
vn -0.4805 0.8565 0.1885
vn -0.8754 0.4273 0.2259
vn -0.9930 0.1113 0.0384
vn 0.1798 -0.9648 -0.1921
vn -0.1798 -0.9648 -0.1921
vn -0.1691 -0.9442 -0.2826
vn 0.1691 -0.9442 -0.2826
vn -0.0916 0.9679 0.2341
vn 0.0834 0.9681 0.2362
vn 0.2877 0.7430 0.6044
vn -0.3935 0.7300 0.5587
vn -0.3578 -0.2249 -0.9063
vn -0.3600 -0.0470 -0.9318
vn 0.4152 -0.0134 -0.9096
vn 0.3655 -0.2118 -0.9064
vn 0.9788 -0.0031 0.2049
vn 0.9836 0.0506 -0.1729
vn 0.7756 0.5778 -0.2543
vn 0.7170 0.6970 -0.0084
vn 0.9915 -0.1192 -0.0516
vn 0.7431 -0.6519 -0.1511
vn 0.7184 -0.6401 -0.2723
vn 0.9155 -0.2169 -0.3388
vn -0.9993 0.0349 -0.0145
vn -0.9876 0.1307 0.0873
vn -0.9440 -0.0123 -0.3296
vn -0.9370 -0.0814 -0.3397
vn -0.3706 0.9235 -0.0991
vn -0.1480 0.9779 -0.1480
vn -0.0091 0.9674 -0.2532
vn -0.2263 0.9484 -0.2220
vn -0.8492 -0.0325 0.5271
vn -0.2890 -0.1311 0.9483
vn -0.4654 0.7697 0.4371
vn -0.8133 0.4775 0.3326
vn -0.9491 0.0392 -0.3126
vn -0.9756 0.0210 0.2184
vn -0.8825 0.4625 0.0856
vn -0.7787 0.5751 -0.2508
vn 0.6936 0.0692 -0.7171
vn -0.2912 0.0524 -0.9552
vn -0.1673 0.7041 -0.6902
vn 0.4189 0.6739 -0.6086
vn -0.4336 0.2711 0.8594
vn -0.4512 0.2843 0.8459
vn -0.9958 0.0303 0.0861
vn -0.9965 0.0245 0.0796
vn 0.9481 0.3179 0.0067
vn 0.9813 0.1608 0.1061
vn 0.9914 0.0985 0.0858
vn 0.9957 0.0922 0.0071
vn 1.0000 -0.0000 -0.0000
vn -0.5173 0.5825 0.6269
vn -0.6080 0.2870 0.7402
vn -0.9958 0.0316 0.0855
vn -0.9937 0.0739 0.0848
vn -0.4868 -0.4541 0.7462
vn -0.4298 -0.6553 0.6212
vn -0.9901 -0.0971 0.1014
vn -0.9917 -0.0652 0.1111
vn -0.3741 -0.8056 0.4594
vn -0.4691 -0.7278 0.5002
vn -0.9924 -0.0971 0.0752
vn -0.9872 -0.1344 0.0860
vn 0.9854 -0.1697 -0.0168
vn 0.9999 -0.0138 -0.0007
vn 1.0000 -0.0094 -0.0016
vn 0.9953 -0.0932 -0.0272
vn -0.6494 0.1466 0.7462
vn -0.5711 -0.2229 0.7901
vn -0.9931 -0.0448 0.1083
vn -0.9967 -0.0301 0.0752
vn 0.2118 0.7352 0.6439
vn 0.2317 0.9700 0.0738
vn -0.2317 0.9700 0.0738
vn -0.2118 0.7352 0.6439
vn 0.0854 -0.9939 0.0700
vn 0.0823 -0.9947 0.0623
vn -0.0816 -0.9947 0.0633
vn -0.0792 -0.9940 0.0755
vn -0.6431 -0.0603 0.7634
vn -0.6712 0.1584 0.7241
vn -0.8354 0.5427 0.0871
vn -0.9939 0.0700 0.0855
vn 0.9964 0.0847 0.0038
vn 0.8181 0.5748 0.0200
vn 0.8235 0.5670 0.0197
vn 0.9965 0.0832 0.0037
vn 0.9989 0.0460 -0.0132
vn 0.8292 0.5590 0.0012
vn 0.8164 0.5774 0.0013
vn 0.9966 0.0824 -0.0045
vn 0.0516 -0.9986 0.0069
vn 0.0967 -0.9890 0.1115
vn -0.0710 -0.9925 0.0992
vn -0.0975 -0.9949 -0.0267
vn 0.9627 -0.0731 -0.2606
vn 0.8674 0.1213 -0.4826
vn 0.9980 -0.0043 -0.0631
vn 0.9991 -0.0385 -0.0153
vn 0.9525 -0.2615 -0.1557
vn 0.9897 0.1144 -0.0858
vn 0.9999 0.0059 -0.0149
vn 0.9994 -0.0187 -0.0299
vn 0.7738 -0.0148 -0.6333
vn 0.8511 -0.3290 -0.4091
vn 0.9975 -0.0170 -0.0692
vn 0.9961 -0.0035 -0.0882
vn 0.9945 -0.0422 -0.0959
vn 0.9968 -0.0704 -0.0376
vn 1.0000 -0.0045 -0.0071
vn 0.9999 -0.0034 -0.0095
vn 0.6483 -0.1163 -0.7525
vn 0.7172 -0.1226 -0.6860
vn 0.9993 -0.0074 -0.0356
vn 0.9992 -0.0075 -0.0403
vn -0.8479 -0.4932 -0.1943
vn -0.7591 -0.6437 -0.0969
vn -0.9147 -0.3992 -0.0630
vn -0.8470 -0.4887 -0.2091
vn -1.0000 -0.0000 -0.0000
vn -0.9815 -0.1915 0.0086
vn -0.9999 -0.0156 0.0004
vn -0.9999 -0.0110 0.0020
vn -0.9950 -0.0941 0.0339
vn 0.2164 0.9759 0.0272
vn 0.2150 0.9763 0.0243
vn -0.2150 0.9763 0.0243
vn -0.2164 0.9759 0.0272
vn -0.9963 0.0862 0.0037
vn -0.8126 0.5824 0.0195
vn -0.8105 0.5855 0.0139
vn -0.9962 0.0870 0.0020
vn -0.8694 -0.1025 -0.4834
vn -0.8149 -0.1925 -0.5467
vn -0.9451 -0.1085 -0.3083
vn -0.9455 -0.0658 -0.3189
vn 0.8713 -0.1661 -0.4617
vn 0.9610 -0.0926 -0.2605
vn 0.9999 -0.0104 0.0131
vn 1.0000 -0.0075 -0.0013
vn -0.5335 0.3075 0.7879
vn -0.6213 0.3128 0.7185
vn -0.9983 0.0258 0.0524
vn -0.9972 0.0305 0.0678
vn 0.9349 0.0544 0.3506
vn 0.9339 -0.0333 0.3559
vn 0.9161 -0.0339 0.3994
vn 0.9495 0.0627 0.3074
vn -0.7431 -0.6519 -0.1511
vn -0.9915 -0.1192 -0.0516
vn -0.9155 -0.2169 -0.3388
vn -0.7184 -0.6401 -0.2723
vn 0.9908 0.1068 0.0833
vn 0.9993 0.0348 -0.0145
vn 0.9396 -0.0636 -0.3362
vn 0.9526 0.0274 -0.3029
vn -0.2377 -0.7288 -0.6422
vn -0.3389 -0.3976 -0.8527
vn 0.3389 -0.3976 -0.8527
vn 0.2377 -0.7288 -0.6422
vn -0.7507 -0.6480 -0.1290
vn -0.9937 -0.1098 -0.0219
vn -0.9929 -0.1141 -0.0342
vn -0.7294 -0.6553 -0.1961
vn -0.7735 -0.6327 -0.0364
vn -0.9792 -0.1499 -0.1365
vn -0.9937 -0.1097 -0.0216
vn -0.7782 -0.6279 -0.0128
vn 0.4426 0.8462 -0.2968
vn 0.9789 0.0839 -0.1861
vn 0.9893 0.1437 -0.0259
vn 0.4250 0.9047 -0.0312
vn 0.4894 0.8512 0.1895
vn 0.9875 0.1544 0.0317
vn 0.9935 0.1077 0.0376
vn 0.8996 0.3782 0.2185
vn 0.6210 0.3561 -0.6982
vn 0.8831 -0.0895 -0.4606
vn 0.9094 -0.0230 -0.4152
vn 0.4648 0.6581 -0.5924
vn -0.7715 -0.3798 -0.5104
vn -0.8848 -0.1956 -0.4230
vn -0.9148 -0.2081 -0.3462
vn -0.7632 -0.5998 -0.2404
vn 0.9962 0.0357 0.0791
vn 0.9978 0.0307 0.0583
vn 0.6209 0.3129 0.7187
vn 0.5331 0.3076 0.7882
vn 0.1014 0.3286 0.9390
vn 0.1228 0.3480 0.9294
vn -0.1228 0.3480 0.9294
vn -0.1014 0.3286 0.9390
vn -1.0000 -0.0057 0.0073
vn -0.9998 -0.0101 0.0189
vn -0.9612 -0.0986 -0.2578
vn -0.8745 -0.2017 -0.4410
vn 0.8949 -0.3092 -0.3218
vn 0.8609 -0.2325 -0.4526
vn 0.9404 -0.1561 -0.3020
vn 0.8738 -0.3411 -0.3465
vn -0.9201 -0.0298 0.3906
vn -0.8985 0.0921 0.4291
vn -0.9279 0.0844 0.3631
vn -0.8993 -0.0326 0.4361
vn -0.9965 0.0832 0.0037
vn -0.8235 0.5670 0.0197
vn -0.8181 0.5748 0.0200
vn -0.9964 0.0847 0.0038
vn 0.2248 0.9740 0.0276
vn 0.2205 0.9750 0.0276
vn -0.2205 0.9750 0.0276
vn -0.2248 0.9740 0.0276
vn -0.9944 -0.1016 -0.0297
vn -0.9999 -0.0102 -0.0018
vn -0.9999 -0.0150 -0.0007
vn -0.9826 -0.1846 -0.0183
vn -0.9673 0.1993 0.1566
vn -0.9408 0.3390 0.0094
vn -0.9948 0.1017 0.0090
vn -0.9848 0.1264 0.1192
vn 0.9962 0.0870 0.0020
vn 0.8105 0.5855 0.0139
vn 0.8126 0.5824 0.0195
vn 0.9963 0.0862 0.0037
vn 0.0989 -0.9894 0.1066
vn 0.0924 -0.9921 0.0853
vn -0.0723 -0.9927 0.0961
vn -0.0668 -0.9916 0.1104
vn 0.9958 -0.0863 0.0311
vn 0.9999 -0.0101 0.0018
vn 0.9999 -0.0143 0.0004
vn 0.9843 -0.1761 0.0079
vn 0.9652 0.1279 -0.2283
vn 0.9455 0.3204 -0.0577
vn 0.9960 0.0875 -0.0185
vn 0.9906 0.0565 -0.1248
vn 0.5233 -0.8500 0.0609
vn 0.9986 -0.0525 -0.0071
vn 0.9953 -0.0963 0.0043
vn 0.4647 -0.8830 0.0656
vn -0.5304 -0.8429 0.0906
vn -0.9991 -0.0393 0.0150
vn -0.9968 -0.0788 0.0093
vn -0.4682 -0.8803 0.0768
vn -0.4671 -0.8802 0.0841
vn -0.9969 -0.0780 0.0047
vn -0.9991 -0.0430 -0.0064
vn -0.5262 -0.8482 0.0614
vn 0.5087 -0.8306 -0.2264
vn 0.7232 -0.2315 -0.6507
vn 0.9966 -0.0652 -0.0502
vn 0.5941 -0.8028 0.0512
vn 0.4671 -0.8816 0.0671
vn 0.9956 -0.0929 0.0103
vn 0.9989 -0.0434 0.0183
vn 0.5301 -0.8432 0.0890
vn -0.4851 -0.2799 0.8285
vn -0.4521 0.2436 0.8581
vn -0.9933 -0.0104 0.1149
vn -0.6073 -0.7780 0.1607
vn -0.6012 -0.7991 0.0009
vn -0.9950 -0.0632 -0.0774
vn -0.7514 -0.1997 -0.6289
vn -0.6162 -0.6949 -0.3706
vn 0.0635 0.1069 0.9922
vn 0.0704 0.2916 0.9540
vn -0.0704 0.2916 0.9540
vn -0.0635 0.1069 0.9922
vn 0.6072 -0.7781 0.1609
vn 0.9929 -0.0108 0.1186
vn 0.4519 0.2435 0.8582
vn 0.4850 -0.2799 0.8285
vn -0.3634 -0.6345 -0.6821
vn -0.4477 -0.2205 -0.8666
vn -0.1680 -0.2308 -0.9584
vn -0.1140 -0.7446 -0.6577
vn 0.9999 0.0156 -0.0069
vn 1.0000 0.0001 -0.0063
vn 0.9982 -0.0182 -0.0568
vn 0.9986 -0.0007 -0.0528
vn 1.0000 -0.0065 -0.0069
vn 0.9978 -0.0644 -0.0123
vn 0.9929 -0.0959 -0.0700
vn 0.9976 -0.0317 -0.0617
vn 0.9972 0.0167 0.0727
vn 0.9964 -0.0345 0.0781
vn 0.9985 -0.0548 0.0092
vn 1.0000 -0.0012 0.0075
vn 0.9982 0.0311 0.0520
vn 0.9978 0.0219 0.0632
vn 1.0000 0.0046 0.0068
vn 0.9998 0.0196 0.0059
vn 0.7862 -0.6111 -0.0920
vn 0.8676 -0.4626 -0.1823
vn 0.8668 -0.4585 -0.1962
vn 0.9269 -0.3708 -0.0585
vn 0.9831 0.0619 0.1720
vn 0.9684 0.0512 0.2440
vn 0.9736 0.0609 0.2199
vn 0.9822 0.0686 0.1749
vn 0.8377 -0.1814 -0.5152
vn 0.8868 -0.0958 -0.4520
vn 0.9536 -0.0608 -0.2948
vn 0.9532 -0.1003 -0.2851
vn 0.9063 -0.3659 0.2116
vn 0.7940 -0.6062 0.0443
vn 0.9420 -0.3346 0.0274
vn 0.9304 -0.3037 0.2054
vn -0.9997 0.0216 0.0067
vn -1.0000 0.0051 0.0075
vn -0.9969 0.0263 0.0736
vn -0.9972 0.0382 0.0640
vn -1.0000 -0.0013 0.0081
vn -0.9982 -0.0598 0.0100
vn -0.9957 -0.0374 0.0853
vn -0.9965 0.0193 0.0809
vn -0.9971 -0.0346 -0.0672
vn -0.9916 -0.1045 -0.0762
vn -0.9974 -0.0703 -0.0134
vn -0.9999 -0.0071 -0.0075
vn -0.9983 -0.0009 -0.0577
vn -0.9979 -0.0199 -0.0620
vn -1.0000 0.0001 -0.0069
vn -0.9998 0.0170 -0.0076
vn -0.8404 -0.2477 -0.4820
vn -0.8784 -0.3311 -0.3446
vn -0.8548 -0.3640 -0.3698
vn -0.9303 -0.1684 -0.3259
vn -0.9375 0.3418 -0.0655
vn -0.9588 0.1370 -0.2490
vn -0.9888 0.0608 -0.1364
vn -0.9953 0.0948 -0.0208
vn -0.9218 0.1068 0.3727
vn -0.9535 0.1111 0.2801
vn -0.9580 0.1110 0.2644
vn -0.9489 0.0947 0.3010
vn -0.7675 -0.6393 0.0467
vn -0.8913 -0.3925 0.2270
vn -0.9187 -0.3272 0.2212
vn -0.9320 -0.3611 0.0296
vn -0.9997 0.0246 -0.0015
vn -0.8390 0.5442 0.0059
vn -0.8433 0.5373 0.0084
vn -0.9999 0.0106 -0.0014
vn -0.9792 0.0444 0.1980
vn -0.7752 -0.6300 -0.0460
vn -0.9673 0.2474 0.0549
vn -0.9972 0.0309 0.0674
vn -0.0155 -0.9998 0.0099
vn 0.0236 -0.9997 0.0079
vn -0.0412 -0.9992 -0.0007
vn 0.0421 -0.9991 -0.0005
vn -0.2370 0.9714 0.0138
vn 0.2370 0.9714 0.0138
vn 0.2394 0.9708 0.0157
vn -0.2394 0.9708 0.0157
vn 0.9137 -0.3927 -0.1045
vn 0.9523 -0.1637 -0.2574
vn 0.9953 -0.0583 -0.0775
vn 0.9222 -0.3801 -0.0714
vn 0.8393 0.5437 0.0059
vn 0.9998 0.0189 -0.0018
vn 1.0000 0.0057 -0.0010
vn 0.8436 0.5369 0.0084
vn -1.0000 0.0060 0.0017
vn -0.8310 0.5557 0.0248
vn -0.7995 0.5991 0.0427
vn -0.9999 0.0118 0.0012
vn -0.0795 0.9872 0.1380
vn -0.8163 0.5772 0.0227
vn -0.8178 0.5751 0.0227
vn -0.7885 0.6149 0.0133
vn 0.0933 -0.9956 -0.0079
vn -0.0931 -0.9956 -0.0080
vn -0.1262 -0.9920 -0.0015
vn 0.1262 -0.9920 -0.0014
vn -0.2290 0.9732 0.0225
vn 0.2290 0.9732 0.0225
vn 0.2100 0.9772 0.0312
vn -0.2100 0.9772 0.0312
vn 0.9988 -0.0185 0.0452
vn 0.6434 -0.7648 -0.0346
vn 0.6336 -0.7734 -0.0207
vn 0.9998 -0.0188 0.0021
vn 0.8311 0.5555 0.0249
vn 1.0000 0.0038 0.0023
vn 0.9999 0.0116 0.0013
vn 0.7995 0.5991 0.0427
vn 0.3032 -0.9450 0.1230
vn 0.8911 -0.4530 -0.0268
vn 0.8308 -0.5553 -0.0371
vn 0.7951 -0.6065 -0.0039
vn -0.6402 -0.7673 -0.0369
vn -0.9991 -0.0170 0.0380
vn -0.9998 -0.0184 0.0016
vn -0.6335 -0.7735 -0.0210
vn 0.8052 -0.5919 -0.0345
vn 0.9730 0.0509 0.2251
vn 0.9966 0.0345 0.0745
vn 0.9577 0.2812 0.0611
vn -0.1880 -0.9821 -0.0096
vn -0.4877 -0.8730 -0.0047
vn -0.8532 0.5211 -0.0226
vn -0.8700 0.4929 0.0108
vn 0.9921 -0.0371 -0.1200
vn 0.9946 -0.0179 -0.1020
vn 0.9999 -0.0056 -0.0110
vn 0.9999 -0.0072 -0.0152
vn -0.6813 0.0157 0.7319
vn -0.5416 0.5634 0.6239
vn -0.9944 0.0682 0.0806
vn -0.9971 0.0024 0.0757
vn -0.6535 -0.7560 -0.0380
vn -0.9973 -0.0686 -0.0272
vn -0.8594 -0.4684 -0.2052
vn -0.6578 -0.7068 -0.2604
vn -0.2268 -0.6880 -0.6894
vn -0.1463 -0.4705 -0.8702
vn 0.1463 -0.4705 -0.8702
vn 0.2268 -0.6880 -0.6894
vn 0.9971 0.0024 0.0757
vn 0.9944 0.0682 0.0806
vn 0.5416 0.5634 0.6239
vn 0.6813 0.0157 0.7319
vn 0.1257 0.0168 0.9919
vn 0.0862 0.6776 0.7303
vn -0.0862 0.6776 0.7303
vn -0.1257 0.0168 0.9919
vn -0.9999 -0.0072 -0.0144
vn -0.9999 -0.0054 -0.0101
vn -0.9955 -0.0178 -0.0935
vn -0.9924 -0.0421 -0.1160
vn 0.9833 -0.1212 -0.1356
vn 0.9879 0.1408 -0.0653
vn 0.9906 0.1365 0.0104
vn 0.9904 -0.1342 -0.0318
vn 0.9918 -0.1277 -0.0078
vn 0.9918 0.1279 0.0060
vn 0.9923 0.1237 0.0015
vn 0.9923 -0.1237 -0.0022
vn 0.8287 0.5592 -0.0244
vn 0.8109 0.5836 0.0438
vn 0.8070 0.5883 0.0515
vn 0.7740 0.6322 -0.0339
vn 0.9017 -0.4232 -0.0885
vn 0.9545 -0.2818 -0.0980
vn 0.7964 -0.5198 -0.3093
vn 0.8218 -0.5562 -0.1237
vn 0.9799 0.0839 -0.1811
vn 0.8276 0.3384 -0.4477
vn 0.8350 0.3122 -0.4532
vn 0.8502 -0.1413 -0.5071
vn 0.8163 0.5772 0.0227
vn 0.0794 0.9872 0.1380
vn 0.7885 0.6149 0.0133
vn 0.8178 0.5751 0.0227
vn -0.9918 0.1279 0.0060
vn -0.9918 -0.1277 -0.0078
vn -0.9923 -0.1237 -0.0022
vn -0.9923 0.1237 0.0015
vn -0.9879 0.1408 -0.0653
vn -0.9833 -0.1212 -0.1356
vn -0.9904 -0.1342 -0.0318
vn -0.9906 0.1365 0.0104
vn -0.8911 -0.4530 -0.0268
vn -0.3032 -0.9450 0.1230
vn -0.7951 -0.6065 -0.0039
vn -0.8308 -0.5553 -0.0371
vn -0.9539 -0.2830 -0.1000
vn -0.9016 -0.4234 -0.0887
vn -0.8217 -0.5563 -0.1238
vn -0.7959 -0.5202 -0.3097
vn -0.8149 0.3472 -0.4641
vn -0.9777 0.0925 -0.1885
vn -0.8492 -0.1412 -0.5088
vn -0.8337 0.3129 -0.4550
vn -0.8105 0.5841 0.0436
vn -0.8241 0.5658 -0.0282
vn -0.7733 0.6331 -0.0342
vn -0.8070 0.5884 0.0514
vn 0.9997 0.0189 -0.0131
vn 0.9845 0.1748 -0.0133
vn 0.9850 0.1724 0.0102
vn 0.9997 0.0195 0.0129
vn 0.9842 -0.1764 -0.0118
vn 0.9997 -0.0210 -0.0130
vn 0.9997 -0.0193 0.0132
vn 0.9850 -0.1719 0.0121
vn 0.4778 -0.8784 -0.0022
vn 0.1945 -0.9809 -0.0092
vn 0.8301 0.5575 0.0116
vn 0.8124 0.5825 -0.0245
vn 0.9275 -0.3736 0.0102
vn 0.9123 -0.4092 -0.0154
vn 0.7526 -0.6582 -0.0187
vn 0.7620 -0.6473 0.0180
vn 0.9673 0.0522 -0.2483
vn 0.9977 -0.0266 -0.0629
vn 0.9448 0.3203 -0.0695
vn 0.9965 0.0328 -0.0765
vn 0.9655 -0.1099 0.2362
vn 0.9598 -0.2693 0.0791
vn 0.9346 -0.3486 0.0703
vn 0.9962 -0.0428 0.0758
vn -0.9997 -0.0191 -0.0118
vn -0.9869 -0.1608 -0.0107
vn -0.9876 -0.1567 0.0111
vn -0.9998 -0.0175 0.0120
vn -0.9872 0.1593 -0.0121
vn -0.9998 0.0172 -0.0119
vn -0.9998 0.0177 0.0117
vn -0.9875 0.1571 0.0093
vn -0.9965 -0.0659 -0.0519
vn -0.9730 0.0455 -0.2261
vn -0.9971 0.0295 -0.0695
vn -0.9559 0.2868 -0.0630
vn -0.9601 -0.1501 -0.2359
vn -0.9271 -0.3623 -0.0963
vn -0.9344 -0.3501 -0.0657
vn -0.9961 -0.0530 -0.0705
vn -0.9260 -0.3773 -0.0143
vn -0.9403 -0.3404 0.0089
vn -0.7919 -0.6104 0.0170
vn -0.7827 -0.6221 -0.0177
vn -0.9684 -0.2398 0.0687
vn -0.9742 -0.0925 0.2057
vn -0.9969 -0.0385 0.0687
vn -0.9454 -0.3197 0.0643
vn -0.8580 -0.5109 -0.0526
vn -0.9237 0.3741 -0.0821
vn -0.8281 0.5606 0.0031
vn -0.7957 -0.6057 -0.0059
vn 0.9173 0.3920 -0.0698
vn 0.8773 -0.4752 -0.0670
vn 0.8511 -0.5246 -0.0193
vn 0.8206 0.5715 0.0087
vn 0.1968 -0.9761 -0.0923
vn -0.1727 -0.9813 -0.0847
vn -0.1709 -0.9853 -0.0008
vn 0.2210 -0.9753 -0.0057
vn -0.1661 0.9845 -0.0554
vn 0.0641 0.9979 -0.0010
vn 0.1119 0.9926 0.0472
vn -0.2580 0.9655 0.0341
vn 0.5199 0.0240 -0.8539
vn -0.3420 -0.0104 -0.9396
vn -0.3160 -0.0037 -0.9488
vn 0.6345 0.0267 -0.7724
vn -0.9469 -0.0047 -0.3214
vn -0.9830 0.0413 0.1791
vn -0.9721 -0.0006 0.2347
vn -0.9483 -0.0017 -0.3175
vn -0.6846 0.1165 0.7195
vn 0.2565 0.0401 0.9657
vn -0.0884 -0.1908 0.9776
vn -0.7895 -0.0563 0.6111
vn 0.9850 0.0032 0.1725
vn 0.9694 0.0315 -0.2434
vn 0.9812 0.0256 -0.1911
vn 0.9735 -0.0454 0.2243
vt 0.175611 0.093481
vt 0.166533 0.091152
vt 0.166760 0.048781
vt 0.175454 0.046916
vt 0.158310 0.104406
vt 0.158152 0.052203
vt 0.157993 0.000000
vt 0.166645 0.000176
vt 0.175298 0.000352
vt 0.157941 0.711202
vt 0.166795 0.715575
vt 0.166639 0.740405
vt 0.157579 0.735354
vt 0.176975 0.736731
vt 0.176975 0.753212
vt 0.176975 0.769694
vt 0.166371 0.756046
vt 0.155768 0.742398
vt 0.176975 0.810636
vt 0.190537 0.810634
vt 0.190537 0.896140
vt 0.176975 0.896143
vt 0.204100 0.810631
vt 0.204100 0.896138
vt 0.204100 0.981645
vt 0.190537 0.981647
vt 0.176975 0.981650
vt 0.195030 0.554223
vt 0.186627 0.551885
vt 0.187013 0.520771
vt 0.195718 0.526947
vt 0.176975 0.545790
vt 0.176975 0.522083
vt 0.176975 0.498376
vt 0.187816 0.458442
vt 0.198494 0.506400
vt 0.693244 0.717984
vt 0.693244 0.727489
vt 0.607737 0.726884
vt 0.607737 0.711944
vt 0.693244 0.736994
vt 0.607737 0.736993
vt 0.522231 0.736992
vt 0.522231 0.727487
vt 0.522231 0.717983
vt 0.351216 0.545346
vt 0.351216 0.521642
vt 0.436723 0.517776
vt 0.436723 0.550223
vt 0.351216 0.497939
vt 0.436723 0.454436
vt 0.522229 0.497929
vt 0.522229 0.521633
vt 0.522229 0.545337
vt 0.252489 0.579071
vt 0.248640 0.569891
vt 0.248855 0.549922
vt 0.253519 0.556235
vt 0.244097 0.564147
vt 0.244382 0.544804
vt 0.245895 0.527718
vt 0.248709 0.530806
vt 0.251524 0.533894
vt 0.899071 0.565712
vt 0.902206 0.565704
vt 0.902018 0.651211
vt 0.897189 0.651224
vt 0.905341 0.565696
vt 0.905341 0.651203
vt 0.905341 0.736709
vt 0.902206 0.736717
vt 0.899071 0.736725
vt 0.100552 0.662438
vt 0.105540 0.666349
vt 0.105895 0.686347
vt 0.100984 0.688446
vt 0.110649 0.672733
vt 0.110751 0.690941
vt 0.109522 0.698728
vt 0.106708 0.701816
vt 0.103893 0.704904
vt 0.714287 0.499384
vt 0.717617 0.499384
vt 0.715055 0.532679
vt 0.711910 0.532679
vt 0.720946 0.499384
vt 0.717220 0.532679
vt 0.713494 0.565974
vt 0.712739 0.565974
vt 0.711983 0.565974
vt 0.230481 0.563810
vt 0.223335 0.567298
vt 0.223309 0.538646
vt 0.230617 0.540277
vt 0.216889 0.569416
vt 0.216652 0.539524
vt 0.215535 0.514793
vt 0.223527 0.498009
vt 0.230715 0.521255
vt 0.724025 0.565977
vt 0.764484 0.565976
vt 0.765180 0.651482
vt 0.730989 0.651484
vt 0.804942 0.565974
vt 0.804942 0.651481
vt 0.804942 0.736988
vt 0.764484 0.736989
vt 0.724025 0.736990
vt 0.124226 0.701615
vt 0.130311 0.726709
vt 0.130282 0.752326
vt 0.124431 0.722870
vt 0.135696 0.745086
vt 0.135467 0.774666
vt 0.135251 0.810636
vt 0.130348 0.770137
vt 0.125445 0.729638
vt 0.860551 0.232944
vt 0.777449 0.254895
vt 0.777894 0.226524
vt 0.862387 0.224871
vt 0.693359 0.226057
vt 0.693301 0.223098
vt 0.693244 0.220140
vt 0.778734 0.218469
vt 0.864224 0.216798
vt 0.245251 0.810631
vt 0.253302 0.810649
vt 0.253302 0.896152
vt 0.245251 0.896134
vt 0.261353 0.810667
vt 0.261353 0.896169
vt 0.261353 0.981672
vt 0.253302 0.981654
vt 0.245251 0.981636
vt 0.117241 0.683555
vt 0.117412 0.702746
vt 0.117484 0.714183
vt 0.693244 0.565980
vt 0.708635 0.565979
vt 0.709331 0.651485
vt 0.693244 0.651487
vt 0.708635 0.736992
vt 0.693244 0.736994
vt 0.237780 0.562294
vt 0.237995 0.541878
vt 0.238305 0.524487
vt 0.206426 0.562802
vt 0.201353 0.557950
vt 0.201820 0.531153
vt 0.206612 0.534545
vt 0.202755 0.508498
vt 0.207015 0.510596
vt 0.898543 0.000028
vt 0.915687 0.000014
vt 0.915687 0.085520
vt 0.898543 0.085534
vt 0.932830 0.000000
vt 0.932829 0.085506
vt 0.932830 0.171013
vt 0.915687 0.171027
vt 0.898543 0.171041
vt 0.145977 0.731890
vt 0.151296 0.718391
vt 0.150999 0.743734
vt 0.145695 0.758823
vt 0.150639 0.759458
vt 0.145509 0.776517
vt 0.318870 0.910992
vt 0.312374 0.901472
vt 0.312450 0.859046
vt 0.318870 0.860829
vt 0.306313 0.906879
vt 0.306073 0.858755
vt 0.305833 0.810631
vt 0.312351 0.810648
vt 0.318870 0.810665
vt 0.469756 0.769250
vt 0.478233 0.769233
vt 0.478290 0.854735
vt 0.470329 0.854751
vt 0.486709 0.769216
vt 0.486709 0.854718
vt 0.486709 0.940221
vt 0.478233 0.940238
vt 0.469756 0.940255
vt 0.456924 0.769273
vt 0.463340 0.769262
vt 0.463398 0.854764
vt 0.456924 0.854775
vt 0.463340 0.940267
vt 0.456924 0.940278
vt 0.522230 0.093111
vt 0.436724 0.086327
vt 0.436724 0.045881
vt 0.522230 0.046556
vt 0.351217 0.093121
vt 0.351218 0.046565
vt 0.351218 0.000009
vt 0.436724 0.000005
vt 0.522231 -0.000000
vt 0.693244 0.096229
vt 0.607737 0.089212
vt 0.607737 0.047413
vt 0.693244 0.048115
vt 0.522230 0.096228
vt 0.522230 0.048114
vt 0.522230 -0.000000
vt 0.607737 0.000000
vt 0.693244 0.000001
vt 0.195639 0.104406
vt 0.187416 0.091152
vt 0.187189 0.048780
vt 0.195798 0.052203
vt 0.178338 0.093481
vt 0.178495 0.046916
vt 0.178652 0.000352
vt 0.187304 0.000176
vt 0.195957 0.000000
vt 0.204100 0.814498
vt 0.216315 0.812565
vt 0.216315 0.898067
vt 0.204100 0.900000
vt 0.228530 0.810631
vt 0.228530 0.896134
vt 0.228530 0.981636
vt 0.216315 0.983570
vt 0.204100 0.985503
vt 0.693244 0.742865
vt 0.607737 0.768059
vt 0.607737 0.742449
vt 0.693244 0.739930
vt 0.522230 0.742864
vt 0.522231 0.739929
vt 0.522231 0.736994
vt 0.607737 0.736994
vt 0.693244 0.736995
vt 0.141955 0.315882
vt 0.131138 0.350923
vt 0.131154 0.324574
vt 0.141915 0.312922
vt 0.120449 0.333961
vt 0.120405 0.331026
vt 0.120362 0.328090
vt 0.131119 0.319026
vt 0.141876 0.309962
vt 0.233501 0.333959
vt 0.225008 0.354551
vt 0.224237 0.326943
vt 0.233545 0.331024
vt 0.218072 0.325935
vt 0.215084 0.317941
vt 0.212097 0.309948
vt 0.222843 0.319018
vt 0.233588 0.328088
vt 0.359949 0.769281
vt 0.402021 0.769505
vt 0.404460 0.855123
vt 0.372889 0.855033
vt 0.444092 0.769729
vt 0.444092 0.855231
vt 0.444092 0.940734
vt 0.404885 0.940738
vt 0.365678 0.940742
vt 0.016015 0.771526
vt 0.050970 0.737587
vt 0.051271 0.747249
vt 0.024970 0.772597
vt 0.085925 0.703648
vt 0.078580 0.719135
vt 0.086103 0.724425
vt 0.051320 0.757564
vt 0.016537 0.790704
vt 0.811819 0.565961
vt 0.845537 0.565862
vt 0.845717 0.651368
vt 0.820230 0.651443
vt 0.879255 0.565763
vt 0.872641 0.651290
vt 0.879255 0.736776
vt 0.845537 0.736875
vt 0.811819 0.736974
vt 0.343081 0.640768
vt 0.306069 0.612034
vt 0.306185 0.597612
vt 0.334154 0.620082
vt 0.269058 0.583299
vt 0.277115 0.574849
vt 0.269314 0.553414
vt 0.306573 0.583299
vt 0.343833 0.613184
vt 0.798205 0.868191
vt 0.778794 0.863834
vt 0.778805 0.831450
vt 0.798213 0.831680
vt 0.759392 0.868191
vt 0.759399 0.831680
vt 0.759407 0.795168
vt 0.778809 0.797231
vt 0.798220 0.795168
vt 0.864257 0.909838
vt 0.778751 0.909838
vt 0.778774 0.888579
vt 0.831231 0.889015
vt 0.693244 0.909838
vt 0.726318 0.889015
vt 0.864257 0.216798
vt 0.778751 0.216798
vt 0.778751 0.185742
vt 0.831208 0.185899
vt 0.693244 0.216798
vt 0.726294 0.185899
vt 0.759344 0.154999
vt 0.778751 0.153434
vt 0.798158 0.154999
vt 0.784867 0.490640
vt 0.774345 0.490640
vt 0.776641 0.457840
vt 0.781993 0.457840
vt 0.763824 0.490640
vt 0.770309 0.457840
vt 0.776795 0.425041
vt 0.779183 0.425041
vt 0.781571 0.425041
vt 0.869537 0.826435
vt 0.867903 0.828141
vt 0.867288 0.797614
vt 0.868779 0.795882
vt 0.864257 0.828300
vt 0.865378 0.799074
vt 0.866499 0.769848
vt 0.867590 0.772848
vt 0.868991 0.771429
vt 0.877913 0.896069
vt 0.876085 0.898444
vt 0.871254 0.862485
vt 0.872786 0.860599
vt 0.874257 0.900820
vt 0.869257 0.864560
vt 0.505250 0.928290
vt 0.504672 0.927539
vt 0.509502 0.891580
vt 0.510377 0.892820
vt 0.504093 0.926787
vt 0.509093 0.890528
vt 0.514093 0.854268
vt 0.512854 0.857236
vt 0.513626 0.858657
vt 0.778751 0.118517
vt 0.798157 0.118466
vt 0.759344 0.118466
vt 0.759343 0.081933
vt 0.778750 0.084009
vt 0.798157 0.081933
vt 0.798158 0.023815
vt 0.778751 0.028579
vt 0.778751 0.012384
vt 0.798158 0.011907
vt 0.759345 0.023815
vt 0.759345 0.011907
vt 0.759345 -0.000000
vt 0.778751 -0.000000
vt 0.798158 -0.000000
vt 0.513468 0.826709
vt 0.514384 0.828103
vt 0.512972 0.825042
vt 0.511851 0.795816
vt 0.513092 0.801939
vt 0.514172 0.803650
vt 0.778751 0.053558
vt 0.798158 0.052874
vt 0.759344 0.052874
vt 0.778804 0.766287
vt 0.798211 0.766081
vt 0.759398 0.766081
vt 0.759389 0.736994
vt 0.778796 0.736994
vt 0.798202 0.736994
vt 0.323646 0.810667
vt 0.324402 0.810673
vt 0.324650 0.830078
vt 0.323193 0.830070
vt 0.325157 0.810678
vt 0.328096 0.830078
vt 0.325157 0.849490
vt 0.324402 0.849484
vt 0.323646 0.849479
vt 0.902217 0.793960
vt 0.893635 0.763648
vt 0.897874 0.765280
vt 0.903396 0.793825
vt 0.891855 0.737264
vt 0.893034 0.737129
vt 0.894212 0.736994
vt 0.899393 0.765342
vt 0.904574 0.793690
vt 0.867085 0.756276
vt 0.868559 0.754461
vt 0.865378 0.757991
vt 0.864257 0.746135
vt 0.866085 0.743760
vt 0.867913 0.741384
vt 0.513372 0.785356
vt 0.514604 0.786683
vt 0.509984 0.783926
vt 0.514093 0.772103
vt 0.514672 0.772855
vt 0.515250 0.773606
vt 0.732063 0.448850
vt 0.712654 0.465581
vt 0.712652 0.445314
vt 0.732060 0.436945
vt 0.693244 0.482312
vt 0.693244 0.453683
vt 0.693244 0.425054
vt 0.712651 0.425047
vt 0.732057 0.425041
vt 0.775099 0.490655
vt 0.774085 0.510716
vt 0.769806 0.510787
vt 0.773925 0.490647
vt 0.766173 0.530951
vt 0.764999 0.530944
vt 0.763824 0.530936
vt 0.768287 0.510788
vt 0.772750 0.490640
vt 0.491308 0.769486
vt 0.493024 0.781669
vt 0.489292 0.781240
vt 0.490129 0.769351
vt 0.489066 0.793199
vt 0.487887 0.793064
vt 0.486709 0.792929
vt 0.487830 0.781072
vt 0.488951 0.769216
vt 0.347830 0.849456
vt 0.345006 0.830054
vt 0.348720 0.830049
vt 0.349002 0.849454
vt 0.347830 0.810644
vt 0.349002 0.810642
vt 0.350175 0.810641
vt 0.350175 0.830046
vt 0.350175 0.849452
vt 0.337414 0.790700
vt 0.302631 0.757560
vt 0.302680 0.747245
vt 0.328981 0.772593
vt 0.267847 0.724421
vt 0.275371 0.719132
vt 0.268025 0.703644
vt 0.302981 0.737583
vt 0.337937 0.771522
vt 0.261353 0.904892
vt 0.261355 0.857762
vt 0.268948 0.869211
vt 0.268947 0.903762
vt 0.261357 0.810631
vt 0.268949 0.833757
vt 0.276540 0.856883
vt 0.276540 0.880886
vt 0.276540 0.904890
vt 0.146918 0.642204
vt 0.152160 0.633292
vt 0.151699 0.678725
vt 0.146416 0.690086
vt 0.158641 0.627939
vt 0.158267 0.672392
vt 0.208440 0.776513
vt 0.203311 0.759453
vt 0.202951 0.743730
vt 0.208255 0.758818
vt 0.198182 0.742394
vt 0.196371 0.735349
vt 0.196009 0.711198
vt 0.202653 0.718387
vt 0.207972 0.731885
vt 0.244428 0.698724
vt 0.236466 0.714179
vt 0.236538 0.702742
vt 0.243199 0.690938
vt 0.228505 0.729634
vt 0.229519 0.722866
vt 0.229724 0.701611
vt 0.236709 0.683552
vt 0.243301 0.672730
vt 0.110432 0.615124
vt 0.116698 0.619237
vt 0.116988 0.653535
vt 0.110550 0.645560
vt 0.123824 0.628523
vt 0.124039 0.667546
vt 0.130475 0.642157
vt 0.130387 0.687298
vt 0.136440 0.651910
vt 0.136043 0.701655
vt 0.223602 0.770133
vt 0.223668 0.752322
vt 0.218699 0.810631
vt 0.218483 0.774661
vt 0.218254 0.745081
vt 0.223639 0.726705
vt 0.104205 0.615010
vt 0.106255 0.614828
vt 0.105904 0.641283
vt 0.102378 0.638724
vt 0.250057 0.704900
vt 0.247242 0.701812
vt 0.248055 0.686343
vt 0.252966 0.688442
vt 0.248410 0.666345
vt 0.253398 0.662434
vt 0.351218 0.769216
vt 0.351218 0.752736
vt 0.436724 0.751684
vt 0.436724 0.769211
vt 0.351218 0.736257
vt 0.436724 0.725780
vt 0.522230 0.736247
vt 0.522230 0.752727
vt 0.522231 0.769206
vt 0.693244 0.655490
vt 0.693244 0.686737
vt 0.607737 0.686203
vt 0.607737 0.656191
vt 0.522231 0.686735
vt 0.522231 0.655488
vt 0.187578 0.756042
vt 0.187311 0.740401
vt 0.176975 0.769690
vt 0.176975 0.753208
vt 0.176975 0.736726
vt 0.187155 0.715571
vt 0.167188 0.628162
vt 0.166978 0.674610
vt 0.176975 0.628361
vt 0.176975 0.682546
vt 0.155455 0.506403
vt 0.166134 0.458445
vt 0.166936 0.520774
vt 0.158232 0.526950
vt 0.176975 0.498379
vt 0.176975 0.522086
vt 0.176975 0.545793
vt 0.167323 0.551888
vt 0.158919 0.554227
vt 0.693244 0.514597
vt 0.693244 0.561236
vt 0.607737 0.567852
vt 0.607737 0.537737
vt 0.693244 0.607876
vt 0.607737 0.597649
vt 0.522230 0.588219
vt 0.522231 0.574548
vt 0.522231 0.560877
vt 0.102426 0.533897
vt 0.105241 0.530809
vt 0.105095 0.549925
vt 0.100431 0.556238
vt 0.108055 0.527721
vt 0.109568 0.544807
vt 0.109854 0.564150
vt 0.105311 0.569894
vt 0.101461 0.579074
vt 0.123235 0.521258
vt 0.130845 0.497313
vt 0.130683 0.538579
vt 0.123343 0.540263
vt 0.138415 0.514796
vt 0.137309 0.539510
vt 0.137061 0.569419
vt 0.130615 0.567301
vt 0.123469 0.563813
vt 0.115645 0.524490
vt 0.115955 0.541881
vt 0.116170 0.562297
vt 0.146935 0.510599
vt 0.151195 0.508501
vt 0.152130 0.531156
vt 0.147337 0.534548
vt 0.152597 0.557953
vt 0.147524 0.562805
vt 0.007383 0.566881
vt 0.046010 0.560149
vt 0.046945 0.579488
vt 0.018528 0.591707
vt 0.084636 0.553417
vt 0.076602 0.569733
vt 0.084893 0.583302
vt 0.047595 0.596645
vt 0.010252 0.614137
vt 0.732065 0.508409
vt 0.732065 0.484681
vt 0.740349 0.484756
vt 0.740349 0.507558
vt 0.732065 0.460953
vt 0.740349 0.462556
vt 0.748633 0.460953
vt 0.748634 0.484681
vt 0.748634 0.508409
vt 0.207031 0.642200
vt 0.201790 0.633288
vt 0.201413 0.592075
vt 0.206604 0.598766
vt 0.195309 0.627935
vt 0.195013 0.587612
vt 0.243518 0.615121
vt 0.237252 0.619233
vt 0.237536 0.588122
vt 0.243798 0.587522
vt 0.230126 0.628520
vt 0.230320 0.593122
vt 0.223475 0.642153
vt 0.223397 0.601205
vt 0.217510 0.651906
vt 0.217154 0.606781
vt 0.249745 0.615006
vt 0.247695 0.614824
vt 0.248080 0.591134
vt 0.251117 0.597039
vt 0.351217 0.627902
vt 0.351217 0.586624
vt 0.436723 0.587466
vt 0.436723 0.631481
vt 0.522229 0.586615
vt 0.522230 0.627893
vt 0.186762 0.628158
vt 0.186598 0.586652
vt 0.176975 0.628357
vt 0.176975 0.587073
vt 0.797814 0.530951
vt 0.797814 0.490407
vt 0.806098 0.490353
vt 0.806098 0.530897
vt 0.797814 0.449863
vt 0.806098 0.449809
vt 0.814381 0.449754
vt 0.814381 0.490298
vt 0.814381 0.530842
vt 0.093531 0.543657
vt 0.092386 0.562538
vt 0.093177 0.581188
vt 0.258952 0.714661
vt 0.260700 0.699846
vt 0.260712 0.683039
vt 0.709262 0.498596
vt 0.709262 0.490586
vt 0.716847 0.490454
vt 0.716847 0.498464
vt 0.709262 0.482575
vt 0.716847 0.482443
vt 0.724431 0.482312
vt 0.724431 0.490322
vt 0.724431 0.498332
vt 0.516664 0.802070
vt 0.515573 0.805070
vt 0.516078 0.788498
vt 0.517785 0.790213
vt 0.517078 0.775982
vt 0.518906 0.778357
vt 0.871311 0.763595
vt 0.870085 0.769774
vt 0.869848 0.753363
vt 0.873743 0.753994
vt 0.868491 0.740633
vt 0.869070 0.739881
vt 0.318870 0.810631
vt 0.321258 0.810649
vt 0.321213 0.830055
vt 0.318870 0.830037
vt 0.321258 0.849461
vt 0.318870 0.849443
vt 0.518906 0.860521
vt 0.515260 0.860363
vt 0.515875 0.829835
vt 0.517785 0.831296
vt 0.508906 0.933041
vt 0.507078 0.930666
vt 0.511909 0.894706
vt 0.513906 0.896781
vt 0.879070 0.894566
vt 0.878492 0.895318
vt 0.873661 0.859358
vt 0.874070 0.858306
vt 0.870310 0.825015
vt 0.869070 0.822046
vt 0.869695 0.794487
vt 0.870191 0.792821
vt 0.791525 0.490640
vt 0.788196 0.490640
vt 0.785139 0.457840
vt 0.787303 0.457840
vt 0.782326 0.425041
vt 0.783082 0.425041
vt 0.693244 0.499384
vt 0.703766 0.499384
vt 0.706558 0.532679
vt 0.700226 0.532679
vt 0.709595 0.565974
vt 0.707207 0.565974
vt 0.093239 0.683043
vt 0.093250 0.699850
vt 0.094998 0.714665
vt 0.889163 0.565738
vt 0.888313 0.651246
vt 0.889163 0.736750
vt 0.260774 0.581185
vt 0.261541 0.563042
vt 0.260419 0.543654
vt 0.763823 0.508409
vt 0.763822 0.529072
vt 0.756229 0.528987
vt 0.756229 0.507558
vt 0.763821 0.549735
vt 0.756228 0.549735
vt 0.748634 0.549735
vt 0.748635 0.529072
vt 0.748636 0.508409
vt 0.693244 0.482312
vt 0.701253 0.482451
vt 0.701253 0.490726
vt 0.693244 0.490587
vt 0.709262 0.482590
vt 0.709262 0.490865
vt 0.709262 0.499140
vt 0.701253 0.499001
vt 0.693244 0.498862
vt 0.186971 0.674606
vt 0.195682 0.672388
vt 0.176975 0.682542
vt 0.351217 0.682079
vt 0.436724 0.681386
vt 0.522230 0.682070
vt 0.248046 0.641279
vt 0.251572 0.638720
vt 0.243400 0.645557
vt 0.223562 0.687294
vt 0.229911 0.667542
vt 0.217907 0.701651
vt 0.236962 0.653532
vt 0.202251 0.678721
vt 0.207534 0.690082
vt 0.245251 0.869350
vt 0.245210 0.903170
vt 0.236917 0.907994
vt 0.236925 0.877673
vt 0.245170 0.936991
vt 0.236885 0.937703
vt 0.228602 0.936974
vt 0.228629 0.912971
vt 0.228656 0.888967
vt 0.167351 0.586655
vt 0.158937 0.587615
vt 0.176975 0.587077
vt 0.693244 0.631683
vt 0.607737 0.626799
vt 0.522231 0.621854
vt 0.105870 0.591137
vt 0.102833 0.597042
vt 0.110152 0.587525
vt 0.130553 0.601208
vt 0.123630 0.593125
vt 0.136796 0.606785
vt 0.116414 0.588125
vt 0.152537 0.592078
vt 0.147345 0.598770
vt 0.261353 0.967901
vt 0.261353 0.936397
vt 0.268946 0.936283
vt 0.268946 0.967900
vt 0.276540 0.936395
vt 0.276540 0.967899
vt 0.005655 0.668310
vt 0.007983 0.641351
vt 0.009279 0.676612
vt 0.006353 0.692124
vt 0.012275 0.661308
vt 0.014297 0.708479
vt 0.010543 0.711069
vt 0.007052 0.715938
vt 0.345066 0.778444
vt 0.341456 0.768707
vt 0.342430 0.742922
vt 0.345983 0.747189
vt 0.338796 0.739999
vt 0.339655 0.708475
vt 0.343513 0.711549
vt 0.346900 0.715934
vt 0.344998 0.678944
vt 0.348657 0.682285
vt 0.341368 0.674622
vt 0.346141 0.650087
vt 0.350414 0.648635
vt 0.000000 0.574983
vt 0.003692 0.570932
vt 0.006773 0.606212
vt 0.002827 0.621647
vt 0.011532 0.742877
vt 0.007969 0.747193
vt 0.015156 0.740003
vt 0.012496 0.768711
vt 0.008885 0.778449
vt 0.344509 0.797459
vt 0.340961 0.794079
vt 0.340379 0.783088
vt 0.344787 0.787952
vt 0.346169 0.630821
vt 0.350815 0.634960
vt 0.347524 0.617235
vt 0.351216 0.621286
vt 0.804942 0.565981
vt 0.808381 0.565971
vt 0.809222 0.651475
vt 0.804942 0.651487
vt 0.808381 0.736984
vt 0.804942 0.736994
vt 0.013573 0.783092
vt 0.009164 0.787956
vt 0.012990 0.794083
vt 0.009443 0.797463
vt 0.351216 0.769216
vt 0.355583 0.769248
vt 0.359454 0.854981
vt 0.354080 0.854946
vt 0.361311 0.940709
vt 0.356944 0.940676
vt 0.014375 0.708476
vt 0.048827 0.675385
vt 0.049546 0.705752
vt 0.015234 0.739999
vt 0.076570 0.646684
vt 0.077504 0.676062
vt 0.086003 0.703645
vt 0.051048 0.737584
vt 0.016093 0.771523
vt 0.093309 0.628406
vt 0.093110 0.655088
vt 0.104283 0.615006
vt 0.102457 0.638720
vt 0.100630 0.662435
vt 0.093317 0.683040
vt 0.084971 0.583299
vt 0.093255 0.581185
vt 0.093079 0.604482
vt 0.076982 0.619194
vt 0.101539 0.579071
vt 0.102911 0.597039
vt 0.013066 0.660440
vt 0.048753 0.625822
vt 0.048523 0.648589
vt 0.013721 0.684458
vt 0.763823 0.460953
vt 0.763823 0.484681
vt 0.756229 0.484756
vt 0.756229 0.462556
vt 0.748636 0.484681
vt 0.748635 0.460953
vt 0.048286 0.610454
vt 0.011659 0.637289
vt 0.084932 0.583300
vt 0.829568 0.449754
vt 0.829568 0.490298
vt 0.821975 0.490348
vt 0.821975 0.449804
vt 0.829568 0.530842
vt 0.821975 0.530892
vt 0.814381 0.530942
vt 0.814381 0.490398
vt 0.814381 0.449854
vt 0.763821 0.425041
vt 0.763822 0.442997
vt 0.756228 0.443157
vt 0.756228 0.425041
vt 0.748635 0.442997
vt 0.748634 0.425041
vt 0.913326 0.370890
vt 0.910687 0.323192
vt 0.929429 0.303521
vt 0.930181 0.353767
vt 0.909963 0.283281
vt 0.928467 0.262822
vt 0.947036 0.231188
vt 0.947037 0.283916
vt 0.947037 0.336645
vt 0.910181 0.258498
vt 0.926662 0.241154
vt 0.911290 0.241213
vt 0.924545 0.229006
vt 0.937800 0.216798
vt 0.942418 0.223993
vt 0.864224 0.318515
vt 0.872924 0.298456
vt 0.892133 0.278151
vt 0.889248 0.304134
vt 0.881623 0.278397
vt 0.896457 0.259805
vt 0.869081 0.415837
vt 0.866652 0.367176
vt 0.889455 0.344915
vt 0.891204 0.393363
vt 0.732063 0.549735
vt 0.732064 0.529072
vt 0.740349 0.528987
vt 0.740348 0.549735
vt 0.748633 0.529072
vt 0.748632 0.549735
vt 0.245134 0.968496
vt 0.236850 0.968559
vt 0.245099 1.000000
vt 0.236814 0.999992
vt 0.228530 0.999984
vt 0.228566 0.968479
vt 0.245099 0.810648
vt 0.245175 0.839999
vt 0.236881 0.844751
vt 0.236814 0.810640
vt 0.228593 0.849799
vt 0.228530 0.810631
vt 0.732064 0.442997
vt 0.740348 0.443157
vt 0.732063 0.425041
vt 0.740348 0.425041
vt 0.748632 0.425041
vt 0.748632 0.442997
vt 0.188688 0.322023
vt 0.199902 0.325953
vt 0.177582 0.318047
vt 0.178189 0.137717
vt 0.189086 0.185793
vt 0.201310 0.145507
vt 0.801119 0.425072
vt 0.805916 0.425057
vt 0.805916 0.434987
vt 0.801119 0.435003
vt 0.810713 0.425041
vt 0.810713 0.434971
vt 0.810713 0.444901
vt 0.805916 0.444917
vt 0.801119 0.444933
vt 0.693244 0.514597
vt 0.607737 0.514596
vt 0.607737 0.332807
vt 0.693244 0.328267
vt 0.522230 0.514596
vt 0.522230 0.328266
vt 0.522230 0.141936
vt 0.607737 0.187347
vt 0.693244 0.141937
vt 0.436723 0.317683
vt 0.522229 0.317634
vt 0.351217 0.317644
vt 0.351217 0.137349
vt 0.436724 0.181283
vt 0.522230 0.137339
vt 0.801294 0.552871
vt 0.796723 0.552859
vt 0.796723 0.541924
vt 0.801294 0.541937
vt 0.792153 0.552846
vt 0.792153 0.541911
vt 0.792153 0.530977
vt 0.796723 0.530990
vt 0.801294 0.531002
vt 0.165262 0.322025
vt 0.176367 0.318049
vt 0.154047 0.325955
vt 0.152639 0.145507
vt 0.164863 0.185795
vt 0.175760 0.137718
vt 0.188346 0.123917
vt 0.198475 0.124956
vt 0.178264 0.115599
vt 0.929842 0.415837
vt 0.929839 0.465985
vt 0.918904 0.465195
vt 0.918907 0.415837
vt 0.929836 0.516133
vt 0.918903 0.508237
vt 0.907966 0.516133
vt 0.907969 0.465985
vt 0.907972 0.415837
vt 0.607737 0.122922
vt 0.693244 0.119083
vt 0.522230 0.119082
vt 0.436724 0.118945
vt 0.522230 0.115225
vt 0.351217 0.115235
vt 0.315992 0.954379
vt 0.311266 0.953488
vt 0.311907 0.930465
vt 0.317431 0.932685
vt 0.306541 0.952596
vt 0.306427 0.929737
vt 0.165604 0.123917
vt 0.175686 0.115600
vt 0.155475 0.124957
vt 0.886094 0.415836
vt 0.886095 0.468037
vt 0.875160 0.467158
vt 0.875159 0.415837
vt 0.886095 0.520237
vt 0.875160 0.511452
vt 0.864225 0.520237
vt 0.864225 0.468037
vt 0.864224 0.415837
vt 0.945159 0.141964
vt 0.940433 0.142855
vt 0.939793 0.119833
vt 0.945273 0.119105
vt 0.935708 0.143747
vt 0.934268 0.122053
vt 0.932829 0.100360
vt 0.939326 0.090840
vt 0.945387 0.096247
vt 0.783011 0.552798
vt 0.778214 0.552814
vt 0.778214 0.541890
vt 0.783011 0.541874
vt 0.773417 0.552830
vt 0.773417 0.541906
vt 0.773417 0.530983
vt 0.778214 0.530967
vt 0.783011 0.530951
vt 0.966919 0.043257
vt 0.966919 0.229546
vt 0.956977 0.229547
vt 0.956978 0.043257
vt 0.966919 0.415835
vt 0.956978 0.415836
vt 0.947037 0.415837
vt 0.947037 0.229547
vt 0.947037 0.043258
vt 0.142567 0.567412
vt 0.142284 0.605069
vt 0.141832 0.650547
vt 0.213081 0.744447
vt 0.212632 0.700677
vt 0.212117 0.650543
vt 0.211666 0.605065
vt 0.211383 0.567408
vt 0.142675 0.512697
vt 0.142642 0.537815
vt 0.213570 0.793572
vt 0.213372 0.773047
vt 0.141318 0.700681
vt 0.140869 0.744451
vt 0.939250 0.048414
vt 0.945627 0.048123
vt 0.932829 0.050197
vt 0.932829 0.000034
vt 0.939348 0.000017
vt 0.945867 0.000000
vt 0.444092 0.769296
vt 0.450508 0.769284
vt 0.450508 0.854787
vt 0.444092 0.854798
vt 0.450508 0.940289
vt 0.444092 0.940301
vt 0.140578 0.773051
vt 0.140380 0.793576
vt 0.864258 0.000056
vt 0.881401 0.000042
vt 0.881401 0.085548
vt 0.864258 0.085562
vt 0.881401 0.171055
vt 0.864258 0.171069
vt 0.211308 0.537812
vt 0.211275 0.512695
vt 0.300672 0.956194
vt 0.295929 0.955397
vt 0.297647 0.933412
vt 0.303252 0.935610
vt 0.291187 0.954601
vt 0.292191 0.932883
vt 0.293195 0.911165
vt 0.298765 0.904755
vt 0.305833 0.915026
vt 0.298534 0.861086
vt 0.305027 0.862828
vt 0.292191 0.861011
vt 0.291187 0.810858
vt 0.297704 0.810745
vt 0.304222 0.810631
vt 0.929848 0.559578
vt 0.929845 0.537856
vt 0.940780 0.537066
vt 0.940783 0.559578
vt 0.929842 0.516133
vt 0.940779 0.508237
vt 0.951712 0.516133
vt 0.951715 0.537855
vt 0.951718 0.559577
vt 0.886095 0.540810
vt 0.875160 0.539931
vt 0.886094 0.561382
vt 0.875159 0.561382
vt 0.864224 0.561382
vt 0.864225 0.540810
vt 0.729942 0.521253
vt 0.725444 0.521270
vt 0.725444 0.510335
vt 0.729942 0.510318
vt 0.720946 0.521286
vt 0.720946 0.510352
vt 0.720946 0.499417
vt 0.725444 0.499400
vt 0.729942 0.499384
vt 0.929845 0.465985
vt 0.940780 0.465195
vt 0.929848 0.415837
vt 0.940783 0.415837
vt 0.951718 0.415837
vt 0.951715 0.465985
vt 0.289178 0.911164
vt 0.283608 0.904755
vt 0.283839 0.861086
vt 0.290182 0.861011
vt 0.276540 0.915025
vt 0.277346 0.862828
vt 0.278151 0.810631
vt 0.284669 0.810745
vt 0.291187 0.810858
vt 0.291187 0.954600
vt 0.286444 0.955396
vt 0.284726 0.933412
vt 0.290182 0.932882
vt 0.281701 0.956193
vt 0.279121 0.935609
vt 0.886096 0.520237
vt 0.886096 0.468037
vt 0.897031 0.467158
vt 0.897031 0.511452
vt 0.886095 0.415837
vt 0.897030 0.415837
vt 0.907965 0.415836
vt 0.907966 0.468037
vt 0.907966 0.520237
vt 0.886095 0.561382
vt 0.886096 0.540810
vt 0.897031 0.539931
vt 0.897030 0.561382
vt 0.907966 0.540810
vt 0.907965 0.561382
vt 0.720946 0.521320
vt 0.725444 0.521303
vt 0.725444 0.532238
vt 0.720946 0.532255
vt 0.729942 0.521286
vt 0.729942 0.532221
vt 0.729942 0.543156
vt 0.725444 0.543172
vt 0.720946 0.543189
vt 0.929839 0.537855
vt 0.918905 0.537066
vt 0.929842 0.559577
vt 0.918907 0.559578
vt 0.907972 0.559578
vt 0.907969 0.537856
vt 0.979275 0.569785
vt 0.983562 0.567741
vt 0.983344 0.752631
vt 0.978840 0.753195
vt 0.987848 0.565696
vt 0.987848 0.752066
vt 0.987848 0.938436
vt 0.983127 0.937521
vt 0.978405 0.936606
vt 0.970703 0.573873
vt 0.974989 0.571829
vt 0.974337 0.753760
vt 0.969833 0.754324
vt 0.973684 0.935691
vt 0.968963 0.934776
vt 0.905341 0.938277
vt 0.905341 0.751987
vt 0.916276 0.751986
vt 0.916276 0.938276
vt 0.905341 0.565698
vt 0.916276 0.565697
vt 0.927211 0.565696
vt 0.927211 0.751986
vt 0.927211 0.938275
vt 0.949081 0.565697
vt 0.949081 0.746127
vt 0.938146 0.746127
vt 0.938146 0.565697
vt 0.949081 0.926558
vt 0.938146 0.926558
vt 0.927211 0.926558
vt 0.927211 0.746127
vt 0.927211 0.565697
vt 0.787582 0.552833
vt 0.787582 0.541899
vt 0.783011 0.552820
vt 0.783011 0.541886
vt 0.783011 0.530951
vt 0.787582 0.530964
vt 0.768620 0.552845
vt 0.768620 0.541922
vt 0.763824 0.552861
vt 0.763824 0.541938
vt 0.763824 0.531015
vt 0.768620 0.530999
vt 0.975491 0.047345
vt 0.979777 0.049389
vt 0.980430 0.231319
vt 0.975926 0.230754
vt 0.984064 0.051434
vt 0.984934 0.231884
vt 0.985803 0.412334
vt 0.981082 0.413249
vt 0.976361 0.414164
vt 0.966918 0.043257
vt 0.971205 0.045301
vt 0.971422 0.230190
vt 0.966918 0.229625
vt 0.971640 0.415079
vt 0.966918 0.415994
vt 0.801294 0.530951
vt 0.805865 0.530964
vt 0.805864 0.540905
vt 0.801294 0.540892
vt 0.810435 0.530977
vt 0.810435 0.540917
vt 0.810435 0.550858
vt 0.805865 0.550845
vt 0.801294 0.550832
vt 0.815006 0.530990
vt 0.815006 0.540930
vt 0.819577 0.531002
vt 0.819577 0.540943
vt 0.819577 0.550883
vt 0.815006 0.550871
vt 0.949081 0.926558
vt 0.949081 0.746127
vt 0.959022 0.746127
vt 0.959022 0.926558
vt 0.949081 0.565696
vt 0.959022 0.565697
vt 0.968963 0.565697
vt 0.968963 0.746127
vt 0.968963 0.926558
vt 0.791525 0.425104
vt 0.796322 0.425088
vt 0.796322 0.435019
vt 0.791525 0.435035
vt 0.796322 0.444949
vt 0.791525 0.444965
vt 0.224416 0.424446
vt 0.232108 0.427607
vt 0.216804 0.420364
vt 0.131011 0.422004
vt 0.140185 0.415339
vt 0.121842 0.427610
vt 0.693244 0.930134
vt 0.607737 0.930133
vt 0.607737 0.839018
vt 0.693244 0.836499
vt 0.522231 0.930133
vt 0.522231 0.836498
vt 0.864224 0.421699
vt 0.778734 0.423370
vt 0.777894 0.328974
vt 0.862387 0.327321
vt 0.693244 0.425041
vt 0.693301 0.325549
vt 0.336505 0.830067
vt 0.336493 0.849473
vt 0.336493 0.810661
vt 0.501563 0.782669
vt 0.502701 0.770795
vt 0.500459 0.794508
vt 0.797814 0.490803
vt 0.797814 0.510188
vt 0.784570 0.510487
vt 0.786457 0.490729
vt 0.797814 0.529574
vt 0.781994 0.530263
vt 0.883630 0.758692
vt 0.886764 0.778777
vt 0.880462 0.738573
s 0
usemtl Material.001
f 155/1/1 512/2/1 609/3/1 505/4/1
f 512/2/2 154/5/2 504/6/2 609/3/2
f 609/3/3 504/6/3 30/7/3 254/8/3
f 505/4/4 609/3/4 254/8/4 26/9/4
f 70/10/5 344/11/5 610/12/5 247/13/5
f 344/11/6 60/14/6 210/15/6 610/12/6
f 610/12/7 210/15/7 8/16/7 243/17/7
f 247/13/8 610/12/8 243/17/8 23/18/8
f 23/19/9 243/20/9 611/21/9 246/22/9
f 243/20/10 8/23/10 213/24/10 611/21/10
f 611/21/11 213/24/11 6/25/11 244/26/11
f 246/22/12 611/21/12 244/26/12 24/27/12
f 78/28/13 372/29/13 612/30/13 245/31/13
f 372/29/14 74/32/14 216/33/14 612/30/14
f 612/30/15 216/33/15 2/34/15 206/35/15
f 245/31/16 612/30/16 206/35/16 21/36/16
f 59/37/17 317/38/17 613/39/17 342/40/17
f 317/38/18 7/41/18 212/42/18 613/39/18
f 613/39/19 212/42/19 5/43/19 215/44/19
f 342/40/20 613/39/20 215/44/20 61/45/20
f 80/46/21 352/47/21 614/48/21 371/49/21
f 352/47/22 4/50/22 207/51/22 614/48/22
f 614/48/23 207/51/23 2/52/23 216/53/23
f 371/49/24 614/48/24 216/53/24 74/54/24
f 102/55/25 388/56/25 615/57/25 404/58/25
f 388/56/26 75/59/26 221/60/26 615/57/26
f 615/57/27 221/60/27 9/61/27 217/62/27
f 404/58/28 615/57/28 217/62/28 87/63/28
f 89/64/29 375/65/29 616/66/29 403/67/29
f 375/65/30 11/68/30 222/69/30 616/66/30
f 616/66/31 222/69/31 12/70/31 376/71/31
f 403/67/32 616/66/32 376/71/32 90/72/32
f 99/73/33 385/74/33 617/75/33 402/76/33
f 385/74/34 64/77/34 223/78/34 617/75/34
f 617/75/35 223/78/35 11/79/35 375/80/35
f 402/76/36 617/75/36 375/80/36 89/81/36
f 87/82/37 217/83/37 618/84/37 401/85/37
f 217/83/38 9/86/38 281/87/38 618/84/38
f 618/84/39 281/87/39 40/88/39 277/89/39
f 401/85/40 618/84/40 277/89/40 91/90/40
f 77/91/41 369/92/41 619/93/41 240/94/41
f 369/92/42 76/95/42 229/96/42 619/93/42
f 619/93/43 229/96/43 13/97/43 225/98/43
f 240/94/44 619/93/44 225/98/44 20/99/44
f 18/100/45 234/101/45 620/102/45 239/103/45
f 234/101/46 15/104/46 230/105/46 620/102/46
f 620/102/47 230/105/47 16/106/47 235/107/47
f 239/103/48 620/102/48 235/107/48 19/108/48
f 67/109/49 337/110/49 621/111/49 238/112/49
f 337/110/50 66/113/50 231/114/50 621/111/50
f 621/111/51 231/114/51 15/115/51 234/116/51
f 238/112/52 621/111/52 234/116/52 18/117/52
f 198/118/53 600/119/53 622/120/53 594/121/53
f 600/119/54 197/122/54 265/123/54 622/120/54
f 622/120/55 265/123/55 33/124/55 262/125/55
f 594/121/56 622/120/56 262/125/56 32/126/56
f 9/127/57 236/128/57 623/129/57 224/130/57
f 236/128/58 20/131/58 237/132/58 623/129/58
f 623/129/59 237/132/59 17/133/59 218/134/59
f 224/130/60 623/129/60 218/134/60 10/135/60
f 64/77/61 336/136/61 624/137/61 223/78/61
f 336/136/62 67/109/62 238/112/62 624/137/62
f 624/137/63 238/112/63 18/117/63 219/138/63
f 223/78/64 624/137/64 219/138/64 11/79/64
f 11/139/65 219/140/65 625/141/65 222/142/65
f 219/140/66 18/100/66 239/103/66 625/141/66
f 625/141/67 239/103/67 19/108/67 220/143/67
f 222/142/68 625/141/68 220/143/68 12/144/68
f 75/59/69 368/145/69 626/146/69 221/60/69
f 368/145/70 77/91/70 240/94/70 626/146/70
f 626/146/71 240/94/71 20/99/71 236/147/71
f 221/60/72 626/146/72 236/147/72 9/61/72
f 166/148/73 522/149/73 627/150/73 544/151/73
f 522/149/74 78/28/74 245/31/74 627/150/74
f 627/150/75 245/31/75 21/36/75 241/152/75
f 544/151/76 627/150/76 241/152/76 160/153/76
f 158/154/77 514/155/77 628/156/77 543/157/77
f 514/155/78 23/158/78 246/159/78 628/156/78
f 628/156/79 246/159/79 24/160/79 515/161/79
f 543/157/80 628/156/80 515/161/80 159/162/80
f 163/163/81 519/164/81 629/165/81 542/166/81
f 519/164/82 70/10/82 247/13/82 629/165/82
f 629/165/83 247/13/83 23/18/83 514/167/83
f 542/166/84 629/165/84 514/167/84 158/168/84
f 172/169/85 528/170/85 630/171/85 541/172/85
f 528/170/86 151/173/86 248/174/86 630/171/86
f 630/171/87 248/174/87 28/175/87 251/176/87
f 541/172/88 630/171/88 251/176/88 161/177/88
f 29/178/89 249/179/89 631/180/89 255/181/89
f 249/179/90 25/182/90 250/183/90 631/180/90
f 631/180/91 250/183/91 26/184/91 254/185/91
f 255/181/92 631/180/92 254/185/92 30/186/92
f 162/187/93 253/188/93 632/189/93 540/190/93
f 253/188/94 29/178/94 255/181/94 632/189/94
f 632/189/95 255/181/95 30/186/95 517/191/95
f 540/190/96 632/189/96 517/191/96 161/192/96
f 156/193/97 510/194/97 633/195/97 506/196/97
f 510/194/98 155/197/98 505/198/98 633/195/98
f 633/195/99 505/198/99 26/199/99 250/200/99
f 506/196/100 633/195/100 250/200/100 25/201/100
f 151/202/101 509/203/101 634/204/101 248/205/101
f 509/203/102 152/206/102 259/207/102 634/204/102
f 634/204/103 259/207/103 27/208/103 252/209/103
f 248/205/104 634/204/104 252/209/104 28/210/104
f 153/211/105 507/212/105 635/213/105 260/214/105
f 507/212/106 156/215/106 506/216/106 635/213/106
f 635/213/107 506/216/107 25/217/107 249/218/107
f 260/214/108 635/213/108 249/218/108 29/219/108
f 31/220/109 261/221/109 636/222/109 264/223/109
f 261/221/110 32/224/110 262/225/110 636/222/110
f 636/222/111 262/225/111 33/226/111 263/227/111
f 264/223/112 636/222/112 263/227/112 34/228/112
f 200/229/113 599/230/113 637/231/113 596/232/113
f 599/230/114 199/233/114 267/234/114 637/231/114
f 637/231/115 267/234/115 31/235/115 264/236/115
f 596/232/116 637/231/116 264/236/116 34/237/116
f 197/238/117 598/239/117 638/240/117 265/241/117
f 598/239/118 200/242/118 596/243/118 638/240/118
f 638/240/119 596/243/119 34/244/119 263/245/119
f 265/241/120 638/240/120 263/245/120 33/246/120
f 199/247/121 597/248/121 639/249/121 267/250/121
f 597/248/122 198/251/122 594/252/122 639/249/122
f 639/249/123 594/252/123 32/253/123 261/254/123
f 267/250/124 639/249/124 261/254/124 31/255/124
f 122/256/125 272/257/125 640/258/125 456/259/125
f 272/257/126 38/260/126 273/261/126 640/258/126
f 640/258/127 273/261/127 35/262/127 437/263/127
f 456/259/128 640/258/128 437/263/128 119/264/128
f 124/265/129 442/266/129 641/267/129 455/268/129
f 442/266/130 71/269/130 274/270/130 641/267/130
f 641/267/131 274/270/131 36/271/131 438/272/131
f 455/268/132 641/267/132 438/272/132 120/273/132
f 120/274/133 438/275/133 642/276/133 454/277/133
f 438/275/134 36/278/134 275/279/134 642/276/134
f 642/276/135 275/279/135 37/280/135 439/281/135
f 454/277/136 642/276/136 439/281/136 121/282/136
f 126/283/137 444/284/137 643/285/137 453/286/137
f 444/284/138 79/287/138 276/288/138 643/285/138
f 643/285/139 276/288/139 38/289/139 272/290/139
f 453/286/140 643/285/140 272/290/140 122/291/140
f 40/292/141 278/293/141 644/294/141 290/295/141
f 278/293/142 41/296/142 289/297/142 644/294/142
f 644/294/143 289/297/143 45/298/143 286/299/143
f 290/295/144 644/294/144 286/299/144 44/300/144
f 9/301/145 224/302/145 645/303/145 281/304/145
f 224/302/146 10/305/146 283/306/146 645/303/146
f 645/303/147 283/306/147 41/296/147 278/293/147
f 281/304/148 645/303/148 278/293/148 40/292/148
f 35/307/149 273/308/149 646/309/149 284/310/149
f 273/308/150 38/311/150 282/312/150 646/309/150
f 646/309/151 282/312/151 39/313/151 280/314/151
f 284/310/152 646/309/152 280/314/152 42/315/152
f 88/316/153 269/317/153 647/318/153 400/319/153
f 269/317/154 35/320/154 284/321/154 647/318/154
f 647/318/155 284/321/155 42/322/155 279/323/155
f 400/319/156 647/318/156 279/323/156 92/324/156
f 94/325/157 287/326/157 648/327/157 399/328/157
f 287/326/158 46/329/158 297/330/158 648/327/158
f 648/327/159 297/330/159 50/331/159 295/332/159
f 399/328/160 648/327/160 295/332/160 96/333/160
f 92/334/161 279/335/161 649/336/161 398/337/161
f 279/335/162 42/338/162 291/339/162 649/336/162
f 649/336/163 291/339/163 46/329/163 287/326/163
f 398/337/164 649/336/164 287/326/164 94/325/164
f 91/340/165 277/341/165 650/342/165 397/343/165
f 277/341/166 40/344/166 290/345/166 650/342/166
f 650/342/167 290/345/167 44/346/167 285/347/167
f 397/343/168 650/342/168 285/347/168 93/348/168
f 42/315/169 280/314/169 651/349/169 291/350/169
f 280/314/170 39/313/170 292/351/170 651/349/170
f 651/349/171 292/351/171 43/352/171 288/353/171
f 291/350/172 651/349/172 288/353/172 46/354/172
f 50/355/173 296/356/173 652/357/173 306/358/173
f 296/356/174 47/359/174 305/360/174 652/357/174
f 652/357/175 305/360/175 51/361/175 304/362/175
f 306/358/176 652/357/176 304/362/176 54/363/176
f 93/348/177 285/347/177 653/364/177 396/365/177
f 285/347/178 44/346/178 299/366/178 653/364/178
f 653/364/179 299/366/179 48/367/179 293/368/179
f 396/365/180 653/364/180 293/368/180 95/369/180
f 46/354/181 288/353/181 654/370/181 297/371/181
f 288/353/182 43/352/182 300/372/182 654/370/182
f 654/370/183 300/372/183 47/359/183 296/356/183
f 297/371/184 654/370/184 296/356/184 50/355/184
f 44/300/185 286/299/185 655/373/185 299/374/185
f 286/299/186 45/298/186 298/375/186 655/373/186
f 655/373/187 298/375/187 49/376/187 294/377/187
f 299/374/188 655/373/188 294/377/188 48/378/188
f 97/379/189 301/380/189 656/381/189 395/382/189
f 301/380/190 52/383/190 302/384/190 656/381/190
f 656/381/191 302/384/191 53/385/191 384/386/191
f 395/382/192 656/381/192 384/386/192 98/387/192
f 202/388/193 608/389/193 657/390/193 602/391/193
f 608/389/194 201/392/194 313/393/194 657/390/194
f 657/390/195 313/393/195 58/394/195 311/395/195
f 602/391/196 657/390/196 311/395/196 56/396/196
f 96/333/197 295/332/197 658/397/197 394/398/197
f 295/332/198 50/331/198 306/399/198 658/397/198
f 658/397/199 306/399/199 54/400/199 303/401/199
f 394/398/200 658/397/200 303/401/200 98/402/200
f 95/369/201 293/368/201 659/403/201 393/404/201
f 293/368/202 48/367/202 308/405/202 659/403/202
f 659/403/203 308/405/203 52/406/203 301/407/203
f 393/404/204 659/403/204 301/407/204 97/408/204
f 55/409/205 309/410/205 660/411/205 312/412/205
f 309/410/206 56/413/206 311/414/206 660/411/206
f 660/411/207 311/414/207 58/415/207 310/416/207
f 312/412/208 660/411/208 310/416/208 57/417/208
f 203/418/209 607/419/209 661/420/209 603/421/209
f 607/419/210 202/422/210 602/423/210 661/420/210
f 661/420/211 602/423/211 56/424/211 309/425/211
f 603/421/212 661/420/212 309/425/212 55/426/212
f 204/427/213 606/428/213 662/429/213 604/430/213
f 606/428/214 203/431/214 603/432/214 662/429/214
f 662/429/215 603/432/215 55/433/215 312/434/215
f 604/430/216 662/429/216 312/434/216 57/435/216
f 201/436/217 605/437/217 663/438/217 313/439/217
f 605/437/218 204/440/218 604/441/218 663/438/218
f 663/438/219 604/441/219 57/442/219 310/443/219
f 313/439/220 663/438/220 310/443/220 58/444/220
f 121/445/221 439/446/221 664/447/221 452/448/221
f 439/446/222 37/449/222 330/450/222 664/447/222
f 664/447/223 330/450/223 72/451/223 441/452/223
f 452/448/224 664/447/224 441/452/224 123/453/224
f 128/454/225 447/455/225 665/456/225 446/457/225
f 447/455/226 125/458/226 471/459/226 665/456/226
f 665/456/227 471/459/227 136/460/227 467/461/227
f 446/457/228 665/456/228 467/461/228 137/462/228
f 168/463/229 524/464/229 666/465/229 538/466/229
f 524/464/229 108/467/229 328/468/229 666/465/229
f 666/465/229 328/468/229 70/10/229 519/164/229
f 538/466/229 666/465/229 519/164/229 163/163/229
f 159/469/230 515/470/230 667/471/230 537/472/230
f 515/470/231 24/473/231 327/474/231 667/471/231
f 667/471/232 327/474/232 69/475/232 520/476/232
f 537/472/233 667/471/233 520/476/233 164/477/233
f 12/478/234 220/479/234 668/480/234 321/481/234
f 220/479/235 19/482/235 326/483/235 668/480/235
f 668/480/236 326/483/236 68/484/236 335/485/236
f 321/481/237 668/480/237 335/485/237 63/486/237
f 105/487/229 434/488/229 669/489/229 322/490/229
f 434/488/229 107/491/229 325/492/229 669/489/229
f 669/489/229 325/492/229 67/109/229 336/136/229
f 322/490/229 669/489/229 336/136/229 64/77/229
f 107/491/229 433/493/229 670/494/229 325/492/229
f 433/493/229 106/495/229 324/496/229 670/494/229
f 670/494/229 324/496/229 66/113/229 337/110/229
f 325/492/229 670/494/229 337/110/229 67/109/229
f 19/482/238 235/497/238 671/498/238 326/483/238
f 235/497/239 16/499/239 323/500/239 671/498/239
f 671/498/240 323/500/240 65/501/240 338/502/240
f 326/483/241 671/498/241 338/502/241 68/484/241
f 118/503/242 432/504/242 672/505/242 392/506/242
f 432/504/243 105/487/243 322/490/243 672/505/243
f 672/505/244 322/490/244 64/77/244 385/74/244
f 392/506/245 672/505/245 385/74/245 99/73/245
f 90/507/246 376/508/246 673/509/246 391/510/246
f 376/508/247 12/478/247 321/481/247 673/509/247
f 673/509/248 321/481/248 63/486/248 386/511/248
f 391/510/249 673/509/249 386/511/249 100/512/249
f 8/513/250 210/514/250 674/515/250 213/516/250
f 210/514/251 60/517/251 341/518/251 674/515/251
f 674/515/252 341/518/252 62/519/252 320/520/252
f 213/516/253 674/515/253 320/520/253 6/521/253
f 110/522/254 412/523/254 675/524/254 431/525/254
f 412/523/255 59/37/255 342/40/255 675/524/255
f 675/524/256 342/40/256 61/45/256 319/526/256
f 431/525/257 675/524/257 319/526/257 104/527/257
f 24/473/258 244/528/258 676/529/258 327/474/258
f 244/528/259 6/530/259 320/531/259 676/529/259
f 676/529/260 320/531/260 62/532/260 343/533/260
f 327/474/261 676/529/261 343/533/261 69/475/261
f 108/467/262 430/534/262 677/535/262 328/468/262
f 430/534/263 103/536/263 318/537/263 677/535/263
f 677/535/264 318/537/264 60/14/264 344/11/264
f 328/468/265 677/535/265 344/11/265 70/10/265
f 22/538/266 242/539/266 678/540/266 357/541/266
f 242/539/267 4/542/267 352/543/267 678/540/267
f 678/540/268 352/543/268 80/544/268 359/545/268
f 357/541/269 678/540/269 359/545/269 85/546/269
f 3/547/270 209/548/270 679/549/270 205/550/270
f 209/548/271 73/551/271 360/552/271 679/549/271
f 679/549/272 360/552/272 81/553/272 353/554/272
f 205/550/273 679/549/273 353/554/273 1/555/273
f 88/556/274 374/557/274 680/558/274 390/559/274
f 374/557/275 10/560/275 354/561/275 680/558/275
f 680/558/276 354/561/276 82/562/276 387/563/276
f 390/559/277 680/558/277 387/563/277 101/564/277
f 17/565/278 233/566/278 681/567/278 356/568/278
f 233/566/279 14/569/279 355/570/279 681/567/279
f 681/567/280 355/570/280 83/571/280 362/572/280
f 356/568/281 681/567/281 362/572/281 84/573/281
f 10/560/282 218/574/282 682/575/282 354/561/282
f 218/574/283 17/565/283 356/568/283 682/575/283
f 682/575/284 356/568/284 84/573/284 363/576/284
f 354/561/285 682/575/285 363/576/285 82/562/285
f 157/577/286 513/578/286 683/579/286 536/580/286
f 513/578/287 22/538/287 357/541/287 683/579/287
f 683/579/288 357/541/288 85/546/288 521/581/288
f 536/580/289 683/579/289 521/581/289 165/582/289
f 119/583/290 437/584/290 684/585/290 450/586/290
f 437/584/291 35/587/291 358/588/291 684/585/291
f 684/585/292 358/588/292 86/589/292 443/590/292
f 450/586/293 684/585/293 443/590/293 125/591/293
f 100/592/294 419/593/294 685/594/294 488/595/294
f 419/593/295 117/596/295 487/597/295 685/594/295
f 685/594/296 487/597/296 142/598/296 478/599/296
f 488/595/297 685/594/297 478/599/297 109/600/297
f 167/601/298 523/602/298 686/603/298 535/604/298
f 523/602/298 115/605/298 350/606/298 686/603/298
f 686/603/298 350/606/298 78/28/298 522/149/298
f 535/604/298 686/603/298 522/149/298 166/148/298
f 112/607/298 427/608/298 687/609/298 347/610/298
f 427/608/298 114/611/298 349/612/298 687/609/298
f 687/609/298 349/612/298 77/91/298 368/145/298
f 347/610/298 687/609/298 368/145/298 75/59/298
f 114/611/298 426/613/298 688/614/298 349/612/298
f 426/613/298 113/615/298 348/616/298 688/614/298
f 688/614/298 348/616/298 76/95/298 369/92/298
f 349/612/298 688/614/298 369/92/298 77/91/298
f 117/617/299 425/618/299 689/619/299 389/620/299
f 425/618/300 112/607/300 347/610/300 689/619/300
f 689/619/301 347/610/301 75/59/301 388/56/301
f 389/620/302 689/619/302 388/56/302 102/55/302
f 103/621/303 405/622/303 690/623/303 424/624/303
f 405/622/304 80/46/304 371/49/304 690/623/304
f 690/623/305 371/49/305 74/54/305 346/625/305
f 424/624/306 690/623/306 346/625/306 111/626/306
f 115/605/307 423/627/307 691/628/307 350/606/307
f 423/627/308 111/629/308 346/630/308 691/628/308
f 691/628/309 346/630/309 74/32/309 372/29/309
f 350/606/310 691/628/310 372/29/310 78/28/310
f 123/631/311 441/632/311 692/633/311 486/634/311
f 441/632/312 72/635/312 485/636/312 692/633/312
f 692/633/313 485/636/313 138/637/313 480/638/313
f 486/634/314 692/633/314 480/638/314 143/639/314
f 35/587/315 269/640/315 693/641/315 358/588/315
f 269/640/316 88/556/316 390/559/316 693/641/316
f 693/641/317 390/559/317 101/564/317 361/642/317
f 358/588/318 693/641/318 361/642/318 86/589/318
f 37/449/319 271/643/319 694/644/319 330/450/319
f 271/643/320 90/507/320 391/510/320 694/644/320
f 694/644/321 391/510/321 100/512/321 340/645/321
f 330/450/322 694/644/322 340/645/322 72/451/322
f 86/646/323 361/647/323 695/648/323 470/649/323
f 361/647/324 101/650/324 469/651/324 695/648/324
f 695/648/325 469/651/325 132/652/325 459/653/325
f 470/649/326 695/648/326 459/653/326 133/654/326
f 47/655/327 381/656/327 696/657/327 305/658/327
f 381/656/328 95/369/328 393/404/328 696/657/328
f 696/657/329 393/404/329 97/408/329 383/659/329
f 305/658/330 696/657/330 383/659/330 51/660/330
f 49/661/331 382/662/331 697/663/331 307/664/331
f 382/662/332 96/333/332 394/398/332 697/663/332
f 697/663/333 394/398/333 98/402/333 384/665/333
f 307/664/334 697/663/334 384/665/334 53/666/334
f 51/667/335 383/668/335 698/669/335 304/670/335
f 383/668/336 97/379/336 395/382/336 698/669/336
f 698/669/337 395/382/337 98/387/337 303/671/337
f 304/670/338 698/669/338 303/671/338 54/672/338
f 43/673/339 379/674/339 699/675/339 300/676/339
f 379/674/340 93/348/340 396/365/340 699/675/340
f 699/675/341 396/365/341 95/369/341 381/656/341
f 300/676/342 699/675/342 381/656/342 47/655/342
f 39/677/343 377/678/343 700/679/343 292/680/343
f 377/678/344 91/340/344 397/343/344 700/679/344
f 700/679/345 397/343/345 93/348/345 379/674/345
f 292/680/346 700/679/346 379/674/346 43/673/346
f 41/681/347 378/682/347 701/683/347 289/684/347
f 378/682/348 92/334/348 398/337/348 701/683/348
f 701/683/349 398/337/349 94/325/349 380/685/349
f 289/684/350 701/683/350 380/685/350 45/686/350
f 45/686/351 380/685/351 702/687/351 298/688/351
f 380/685/352 94/325/352 399/328/352 702/687/352
f 702/687/353 399/328/353 96/333/353 382/662/353
f 298/688/354 702/687/354 382/662/354 49/661/354
f 10/689/355 374/690/355 703/691/355 283/692/355
f 374/690/356 88/316/356 400/319/356 703/691/356
f 703/691/357 400/319/357 92/324/357 378/693/357
f 283/692/358 703/691/358 378/693/358 41/694/358
f 38/695/359 373/696/359 704/697/359 282/698/359
f 373/696/360 87/82/360 401/85/360 704/697/360
f 704/697/361 401/85/361 91/90/361 377/699/361
f 282/698/362 704/697/362 377/699/362 39/700/362
f 71/269/363 339/701/363 705/702/363 274/270/363
f 339/701/364 99/73/364 402/76/364 705/702/364
f 705/702/365 402/76/365 89/81/365 270/703/365
f 274/270/366 705/702/366 270/703/366 36/271/366
f 36/278/367 270/704/367 706/705/367 275/279/367
f 270/704/368 89/64/368 403/67/368 706/705/368
f 706/705/369 403/67/369 90/72/369 271/706/369
f 275/279/370 706/705/370 271/706/370 37/280/370
f 79/287/371 370/707/371 707/708/371 276/288/371
f 370/707/372 102/55/372 404/58/372 707/708/372
f 707/708/373 404/58/373 87/63/373 373/709/373
f 276/288/374 707/708/374 373/709/374 38/289/374
f 99/710/375 339/711/375 708/712/375 329/713/375
f 339/711/376 71/714/376 411/715/376 708/712/376
f 708/712/377 411/715/377 130/716/377 458/717/377
f 329/713/378 708/712/378 458/717/378 131/718/378
f 102/719/379 370/720/379 709/721/379 351/722/379
f 370/720/380 79/723/380 418/724/380 709/721/380
f 709/721/381 418/724/381 140/725/381 475/726/381
f 351/722/382 709/721/382 475/726/382 141/727/382
f 69/475/383 343/533/383 710/728/383 417/729/383
f 343/533/384 62/532/384 413/730/384 710/728/384
f 710/728/385 413/730/385 111/629/385 423/627/385
f 417/729/386 710/728/386 423/627/386 115/605/386
f 60/517/387 318/731/387 711/732/387 341/518/387
f 318/731/388 103/621/388 424/624/388 711/732/388
f 711/732/389 424/624/389 111/626/389 413/733/389
f 341/518/390 711/732/390 413/733/390 62/519/390
f 100/512/391 386/511/391 712/734/391 419/735/391
f 386/511/392 63/486/392 414/736/392 712/734/392
f 712/734/393 414/736/393 112/607/393 425/618/393
f 419/735/394 712/734/394 425/618/394 117/617/394
f 68/484/298 338/502/298 713/737/298 416/738/298
f 338/502/298 65/501/298 415/739/298 713/737/298
f 713/737/298 415/739/298 113/615/298 426/613/298
f 416/738/298 713/737/298 426/613/298 114/611/298
f 63/486/298 335/485/298 714/740/298 414/736/298
f 335/485/298 68/484/298 416/738/298 714/740/298
f 714/740/298 416/738/298 114/611/298 427/608/298
f 414/736/298 714/740/298 427/608/298 112/607/298
f 164/477/298 520/476/298 715/741/298 534/742/298
f 520/476/298 69/475/298 417/729/298 715/741/298
f 715/741/298 417/729/298 115/605/298 523/602/298
f 534/742/298 715/741/298 523/602/298 167/601/298
f 126/743/395 449/744/395 716/745/395 422/746/395
f 449/744/396 127/747/396 445/748/396 716/745/396
f 716/745/397 445/748/397 145/749/397 484/750/397
f 422/746/398 716/745/398 484/750/398 144/751/398
f 85/546/399 359/545/399 717/752/399 410/753/399
f 359/545/400 80/544/400 405/754/400 717/752/400
f 717/752/401 405/754/401 103/536/401 430/534/401
f 410/753/402 717/752/402 430/534/402 108/467/402
f 73/551/403 345/755/403 718/756/403 360/552/403
f 345/755/404 110/522/404 431/525/404 718/756/404
f 718/756/405 431/525/405 104/527/405 406/757/405
f 360/552/406 718/756/406 406/757/406 81/553/406
f 101/564/407 387/563/407 719/758/407 420/759/407
f 387/563/408 82/562/408 407/760/408 719/758/408
f 719/758/409 407/760/409 105/487/409 432/504/409
f 420/759/410 719/758/410 432/504/410 118/503/410
f 84/573/229 362/572/229 720/761/229 409/762/229
f 362/572/229 83/571/229 408/763/229 720/761/229
f 720/761/229 408/763/229 106/495/229 433/493/229
f 409/762/229 720/761/229 433/493/229 107/491/229
f 82/562/229 363/576/229 721/764/229 407/760/229
f 363/576/229 84/573/229 409/762/229 721/764/229
f 721/764/229 409/762/229 107/491/229 434/488/229
f 407/760/229 721/764/229 434/488/229 105/487/229
f 165/582/229 521/581/229 722/765/229 533/766/229
f 521/581/229 85/546/229 410/753/229 722/765/229
f 722/765/229 410/753/229 108/467/229 524/464/229
f 533/766/229 722/765/229 524/464/229 168/463/229
f 124/767/411 451/768/411 723/769/411 421/770/411
f 451/768/412 128/454/412 446/457/412 723/769/412
f 723/769/413 446/457/413 137/462/413 468/771/413
f 421/770/414 723/769/414 468/771/414 135/772/414
f 73/773/415 365/774/415 724/775/415 345/776/415
f 365/774/416 125/591/416 447/777/416 724/775/416
f 724/775/417 447/777/417 128/778/417 436/779/417
f 345/776/418 724/775/418 436/779/418 110/780/418
f 61/781/419 331/782/419 725/783/419 319/784/419
f 331/782/420 123/453/420 448/785/420 725/783/420
f 725/783/421 448/785/421 127/786/421 429/787/421
f 319/784/422 725/783/422 429/787/422 104/788/422
f 104/788/423 429/787/423 726/789/423 406/790/423
f 429/787/424 127/786/424 449/791/424 726/789/424
f 726/789/425 449/791/425 126/283/425 366/792/425
f 406/790/426 726/789/426 366/792/426 81/793/426
f 3/794/427 208/795/427 727/796/427 209/797/427
f 208/795/428 119/583/428 450/586/428 727/796/428
f 727/796/429 450/586/429 125/591/429 365/774/429
f 209/797/430 727/796/430 365/774/430 73/773/430
f 110/780/431 436/779/431 728/798/431 412/799/431
f 436/779/432 128/778/432 451/800/432 728/798/432
f 728/798/433 451/800/433 124/265/433 332/801/433
f 412/799/434 728/798/434 332/801/434 59/802/434
f 5/803/435 214/804/435 729/805/435 215/806/435
f 214/804/436 121/445/436 452/448/436 729/805/436
f 729/805/437 452/448/437 123/453/437 331/782/437
f 215/806/438 729/805/438 331/782/438 61/781/438
f 81/793/439 366/792/439 730/807/439 353/808/439
f 366/792/440 126/283/440 453/286/440 730/807/440
f 730/807/441 453/286/441 122/291/441 440/809/441
f 353/808/442 730/807/442 440/809/442 1/810/442
f 7/811/443 211/812/443 731/813/443 212/814/443
f 211/812/444 120/274/444 454/277/444 731/813/444
f 731/813/445 454/277/445 121/282/445 214/815/445
f 212/814/446 731/813/446 214/815/446 5/816/446
f 59/802/447 332/801/447 732/817/447 317/818/447
f 332/801/448 124/265/448 455/268/448 732/817/448
f 732/817/449 455/268/449 120/273/449 211/819/449
f 317/818/450 732/817/450 211/819/450 7/820/450
f 1/821/451 440/822/451 733/823/451 205/824/451
f 440/822/452 122/256/452 456/259/452 733/823/452
f 733/823/453 456/259/453 119/264/453 208/825/453
f 205/824/454 733/823/454 208/825/454 3/826/454
f 137/827/455 466/828/455 734/829/455 468/830/455
f 466/828/456 129/831/456 457/832/456 734/829/456
f 734/829/457 457/832/457 130/833/457 464/834/457
f 468/830/458 734/829/458 464/834/458 135/835/458
f 129/831/459 463/836/459 735/837/459 457/832/459
f 463/836/460 134/838/460 460/839/460 735/837/460
f 735/837/461 460/839/461 131/840/461 458/841/461
f 457/832/462 735/837/462 458/841/462 130/833/462
f 133/842/463 459/843/463 736/844/463 461/845/463
f 459/843/464 132/846/464 462/847/464 736/844/464
f 736/844/465 462/847/465 134/838/465 463/836/465
f 461/845/466 736/844/466 463/836/466 129/831/466
f 136/848/467 465/849/467 737/850/467 467/851/467
f 465/849/468 133/842/468 461/845/468 737/850/468
f 737/850/469 461/845/469 129/831/469 466/828/469
f 467/851/470 737/850/470 466/828/470 137/827/470
f 118/852/471 392/853/471 738/854/471 472/855/471
f 392/853/472 99/710/472 329/713/472 738/854/472
f 738/854/473 329/713/473 131/718/473 460/856/473
f 472/855/474 738/854/474 460/856/474 134/857/474
f 125/591/475 443/590/475 739/858/475 471/859/475
f 443/590/476 86/589/476 470/860/476 739/858/476
f 739/858/477 470/860/477 133/842/477 465/849/477
f 471/859/478 739/858/478 465/849/478 136/848/478
f 71/861/479 442/862/479 740/863/479 411/864/479
f 442/862/480 124/865/480 421/866/480 740/863/480
f 740/863/481 421/866/481 135/867/481 464/868/481
f 411/864/482 740/863/482 464/868/482 130/869/482
f 101/870/483 420/871/483 741/872/483 469/873/483
f 420/871/484 118/852/484 472/855/484 741/872/484
f 741/872/485 472/855/485 134/857/485 462/874/485
f 469/873/486 741/872/486 462/874/486 132/875/486
f 145/876/487 482/877/487 742/878/487 484/879/487
f 482/877/488 139/880/488 474/881/488 742/878/488
f 742/878/489 474/881/489 140/882/489 481/883/489
f 484/879/490 742/878/490 481/883/490 144/884/490
f 139/880/491 479/885/491 743/886/491 474/881/491
f 479/885/492 142/887/492 476/888/492 743/886/492
f 743/886/493 476/888/493 141/889/493 475/890/493
f 474/881/494 743/886/494 475/890/494 140/882/494
f 138/891/495 473/892/495 744/893/495 477/894/495
f 473/892/496 109/895/496 478/896/496 744/893/496
f 744/893/497 478/896/497 142/887/497 479/885/497
f 477/894/498 744/893/498 479/885/498 139/880/498
f 143/897/499 480/898/499 745/899/499 483/900/499
f 480/898/500 138/891/500 477/894/500 745/899/500
f 745/899/501 477/894/501 139/880/501 482/877/501
f 483/900/502 745/899/502 482/877/502 145/876/502
f 72/901/503 340/902/503 746/903/503 485/904/503
f 340/902/504 100/592/504 488/595/504 746/903/504
f 746/903/505 488/595/505 109/600/505 473/905/505
f 485/904/506 746/903/506 473/905/506 138/906/506
f 127/747/507 448/907/507 747/908/507 445/748/507
f 448/907/508 123/909/508 486/910/508 747/908/508
f 747/908/509 486/910/509 143/911/509 483/912/509
f 445/748/510 747/908/510 483/912/510 145/749/510
f 79/913/511 444/914/511 748/915/511 418/916/511
f 444/914/512 126/743/512 422/746/512 748/915/512
f 748/915/513 422/746/513 144/751/513 481/917/513
f 418/916/514 748/915/514 481/917/514 140/918/514
f 117/596/515 389/919/515 749/920/515 487/597/515
f 389/919/516 102/921/516 351/922/516 749/920/516
f 749/920/517 351/922/517 141/923/517 476/924/517
f 487/597/518 749/920/518 476/924/518 142/598/518
f 21/36/519 206/35/519 750/925/519 494/926/519
f 206/35/520 2/34/520 258/927/520 750/925/520
f 750/925/521 258/927/521 148/928/521 495/929/521
f 494/926/522 750/925/522 495/929/522 150/930/522
f 169/931/523 496/932/523 751/933/523 589/934/523
f 496/932/524 149/935/524 588/936/524 751/933/524
f 751/933/525 588/936/525 194/937/525 584/938/525
f 589/934/526 751/933/526 584/938/526 196/939/526
f 14/940/527 232/941/527 752/942/527 489/943/527
f 232/941/528 13/944/528 493/945/528 752/942/528
f 752/942/529 493/945/529 149/946/529 497/947/529
f 489/943/530 752/942/530 497/947/530 116/948/530
f 2/52/531 207/51/531 753/949/531 258/950/531
f 207/51/532 4/50/532 257/951/532 753/949/532
f 753/949/533 257/951/533 147/952/533 498/953/533
f 258/950/534 753/949/534 498/953/534 148/954/534
f 22/955/535 513/956/535 754/957/535 578/958/535
f 513/956/536 157/959/536 577/960/536 754/957/536
f 754/957/537 577/960/537 185/961/537 573/962/537
f 578/958/538 754/957/538 573/962/538 188/963/538
f 4/542/539 242/539/539 755/964/539 257/965/539
f 242/539/540 22/538/540 256/966/540 755/964/540
f 755/964/541 256/966/541 146/967/541 500/968/541
f 257/965/542 755/964/542 500/968/542 147/969/542
f 150/930/543 495/929/543 756/970/543 503/971/543
f 495/929/544 148/928/544 492/972/544 756/970/544
f 756/970/545 492/972/545 156/215/545 507/212/545
f 503/971/546 756/970/546 507/212/546 153/211/546
f 162/973/547 539/974/547 757/975/547 564/976/547
f 539/974/548 171/977/548 527/978/548 757/975/548
f 757/975/549 527/978/549 184/979/549 563/980/549
f 564/976/550 757/975/550 563/980/550 179/981/550
f 116/948/551 497/947/551 758/982/551 501/983/551
f 497/947/552 149/946/552 502/984/552 758/982/552
f 758/982/553 502/984/553 152/206/553 509/203/553
f 501/983/554 758/982/554 509/203/554 151/202/554
f 148/954/555 498/953/555 759/985/555 492/986/555
f 498/953/556 147/952/556 491/987/556 759/985/556
f 759/985/557 491/987/557 155/197/557 510/194/557
f 492/986/558 759/985/558 510/194/558 156/193/558
f 170/988/559 526/989/559 760/990/559 529/991/559
f 526/989/560 116/992/560 501/993/560 760/990/560
f 760/990/561 501/993/561 151/173/561 528/170/561
f 529/991/562 760/990/562 528/170/562 172/169/562
f 147/969/563 500/968/563 761/994/563 491/995/563
f 500/968/564 146/967/564 490/996/564 761/994/564
f 761/994/565 490/996/565 154/5/565 512/2/565
f 491/995/566 761/994/566 512/2/566 155/1/566
f 30/997/567 504/998/567 762/999/567 511/1000/567
f 504/998/568 154/1001/568 553/1002/568 762/999/568
f 762/999/569 553/1002/569 173/1003/569 547/1004/569
f 511/1000/570 762/999/570 547/1004/570 176/1005/570
f 149/1006/571 496/1007/571 763/1008/571 502/1009/571
f 496/1007/572 169/1010/572 530/1011/572 763/1008/572
f 763/1008/573 530/1011/573 171/1012/573 508/1013/573
f 502/1009/574 763/1008/574 508/1013/574 152/1014/574
f 116/1015/575 526/1016/575 764/1017/575 576/1018/575
f 526/1016/576 170/1019/576 531/1020/576 764/1017/576
f 764/1017/577 531/1020/577 190/1021/577 574/1022/577
f 576/1018/578 764/1017/578 574/1022/578 189/1023/578
f 149/1024/579 493/1025/579 765/1026/579 588/1027/579
f 493/1025/580 13/1028/580 532/1029/580 765/1026/580
f 765/1026/581 532/1029/581 193/1030/581 582/1031/581
f 588/1027/582 765/1026/582 582/1031/582 194/1032/582
f 83/571/229 364/1033/229 766/1034/229 408/763/229
f 364/1033/229 165/582/229 533/766/229 766/1034/229
f 766/1034/229 533/766/229 168/463/229 435/1035/229
f 408/763/229 766/1034/229 435/1035/229 106/495/229
f 65/501/298 334/1036/298 767/1037/298 415/739/298
f 334/1036/298 164/477/298 534/742/298 767/1037/298
f 767/1037/298 534/742/298 167/601/298 428/1038/298
f 415/739/298 767/1037/298 428/1038/298 113/615/298
f 113/615/298 428/1038/298 768/1039/298 348/616/298
f 428/1038/298 167/601/298 535/604/298 768/1039/298
f 768/1039/298 535/604/298 166/148/298 367/1040/298
f 348/616/298 768/1039/298 367/1040/298 76/95/298
f 14/569/583 226/1041/583 769/1042/583 355/570/583
f 226/1041/584 157/577/584 536/580/584 769/1042/584
f 769/1042/585 536/580/585 165/582/585 364/1033/585
f 355/570/586 769/1042/586 364/1033/586 83/571/586
f 16/499/587 228/1043/587 770/1044/587 323/500/587
f 228/1043/588 159/469/588 537/472/588 770/1044/588
f 770/1044/589 537/472/589 164/477/589 334/1036/589
f 323/500/590 770/1044/590 334/1036/590 65/501/590
f 106/495/229 435/1035/229 771/1045/229 324/496/229
f 435/1035/229 168/463/229 538/466/229 771/1045/229
f 771/1045/229 538/466/229 163/163/229 333/1046/229
f 324/496/229 771/1045/229 333/1046/229 66/113/229
f 152/1014/591 508/1013/591 772/1047/591 259/1048/591
f 508/1013/592 171/1012/592 539/1049/592 772/1047/592
f 772/1047/593 539/1049/593 162/1050/593 518/1051/593
f 259/1048/594 772/1047/594 518/1051/594 27/1052/594
f 27/1053/595 518/1054/595 773/1055/595 252/1056/595
f 518/1054/596 162/187/596 540/190/596 773/1055/596
f 773/1055/597 540/190/597 161/192/597 251/1057/597
f 252/1056/598 773/1055/598 251/1057/598 28/1058/598
f 66/113/599 333/1046/599 774/1059/599 231/114/599
f 333/1046/600 163/163/600 542/166/600 774/1059/600
f 774/1059/601 542/166/601 158/168/601 227/1060/601
f 231/114/602 774/1059/602 227/1060/602 15/115/602
f 15/1061/603 227/1062/603 775/1063/603 230/1064/603
f 227/1062/604 158/154/604 543/157/604 775/1063/604
f 775/1063/605 543/157/605 159/162/605 228/1065/605
f 230/1064/606 775/1063/606 228/1065/606 16/1066/606
f 76/95/607 367/1040/607 776/1067/607 229/96/607
f 367/1040/608 166/148/608 544/151/608 776/1067/608
f 776/1067/609 544/151/609 160/153/609 516/1068/609
f 229/96/610 776/1067/610 516/1068/610 13/97/610
f 174/1069/611 546/1070/611 777/1071/611 545/1072/611
f 546/1070/612 175/1073/612 550/1074/612 777/1071/612
f 777/1071/613 550/1074/613 177/1075/613 548/1076/613
f 545/1072/614 777/1071/614 548/1076/614 173/1077/614
f 173/1077/615 548/1076/615 778/1078/615 547/1079/615
f 548/1076/616 177/1075/616 551/1080/616 778/1078/616
f 778/1078/617 551/1080/617 178/1081/617 549/1082/617
f 547/1079/618 778/1078/618 549/1082/618 176/1083/618
f 170/1084/619 529/1085/619 779/1086/619 555/1087/619
f 529/1085/620 172/1088/620 554/1089/620 779/1086/620
f 779/1086/621 554/1089/621 177/1090/621 550/1091/621
f 555/1087/622 779/1086/622 550/1091/622 175/1092/622
f 154/1001/623 490/1093/623 780/1094/623 553/1002/623
f 490/1093/624 146/1095/624 556/1096/624 780/1094/624
f 780/1094/625 556/1096/625 174/1097/625 545/1098/625
f 553/1002/626 780/1094/626 545/1098/626 173/1003/626
f 146/1099/627 499/1100/627 781/1101/627 556/1102/627
f 499/1100/628 170/1103/628 555/1104/628 781/1101/628
f 781/1101/629 555/1104/629 175/1105/629 546/1106/629
f 556/1102/630 781/1101/630 546/1106/630 174/1107/630
f 172/1088/631 541/1108/631 782/1109/631 554/1089/631
f 541/1108/632 161/1110/632 552/1111/632 782/1109/632
f 782/1109/633 552/1111/633 178/1112/633 551/1113/633
f 554/1089/634 782/1109/634 551/1113/634 177/1090/634
f 184/1114/635 561/1115/635 783/1116/635 563/1117/635
f 561/1115/636 181/1118/636 558/1119/636 783/1116/636
f 783/1116/637 558/1119/637 180/1120/637 557/1121/637
f 563/1117/638 783/1116/638 557/1121/638 179/1122/638
f 183/1123/639 560/1124/639 784/1125/639 562/1126/639
f 560/1124/640 182/1127/640 559/1128/640 784/1125/640
f 784/1125/641 559/1128/641 181/1118/641 561/1115/641
f 562/1126/642 784/1125/642 561/1115/642 184/1114/642
f 153/1129/643 260/1130/643 785/1131/643 566/1132/643
f 260/1130/644 29/1133/644 565/1134/644 785/1131/644
f 785/1131/645 565/1134/645 180/1135/645 558/1136/645
f 566/1132/646 785/1131/646 558/1136/646 181/1137/646
f 150/1138/647 503/1139/647 786/1140/647 567/1141/647
f 503/1139/648 153/1129/648 566/1132/648 786/1140/648
f 786/1140/649 566/1132/649 181/1137/649 559/1142/649
f 567/1141/650 786/1140/650 559/1142/650 182/1143/650
f 169/1144/651 525/1145/651 787/1146/651 568/1147/651
f 525/1145/652 150/1148/652 567/1149/652 787/1146/652
f 787/1146/653 567/1149/653 182/1150/653 560/1151/653
f 568/1147/654 787/1146/654 560/1151/654 183/1152/654
f 171/977/655 530/1153/655 788/1154/655 527/978/655
f 530/1153/656 169/1155/656 568/1156/656 788/1154/656
f 788/1154/657 568/1156/657 183/1157/657 562/1158/657
f 527/978/658 788/1154/658 562/1158/658 184/979/658
f 185/1159/659 569/1160/659 789/1161/659 575/1162/659
f 569/1160/660 186/1163/660 571/1164/660 789/1161/660
f 789/1161/661 571/1164/661 189/1165/661 574/1166/661
f 575/1162/662 789/1161/662 574/1166/662 190/1167/662
f 188/1168/663 573/1169/663 790/1170/663 570/1171/663
f 573/1169/664 185/1159/664 575/1162/664 790/1170/664
f 790/1170/665 575/1162/665 190/1167/665 572/1172/665
f 570/1171/666 790/1170/666 572/1172/666 187/1173/666
f 14/1174/667 489/1175/667 791/1176/667 579/1177/667
f 489/1175/668 116/1178/668 576/1179/668 791/1176/668
f 791/1176/669 576/1179/669 189/1180/669 571/1181/669
f 579/1177/670 791/1176/670 571/1181/670 186/1182/670
f 146/1183/671 256/1184/671 792/1185/671 580/1186/671
f 256/1184/672 22/1187/672 578/1188/672 792/1185/672
f 792/1185/673 578/1188/673 188/1189/673 570/1190/673
f 580/1186/674 792/1185/674 570/1190/674 187/1191/674
f 157/959/675 226/1192/675 793/1193/675 577/960/675
f 226/1192/676 14/1194/676 579/1195/676 793/1193/676
f 793/1193/677 579/1195/677 186/1196/677 569/1197/677
f 577/960/678 793/1193/678 569/1197/678 185/961/678
f 170/1019/679 499/1198/679 794/1199/679 531/1020/679
f 499/1198/680 146/1200/680 580/1201/680 794/1199/680
f 794/1199/681 580/1201/681 187/1202/681 572/1203/681
f 531/1020/682 794/1199/682 572/1203/682 190/1021/682
f 191/1204/683 581/1205/683 795/1206/683 587/1207/683
f 581/1205/684 192/1208/684 583/1209/684 795/1206/684
f 795/1206/685 583/1209/685 195/1210/685 586/1211/685
f 587/1207/686 795/1206/686 586/1211/686 196/1212/686
f 193/1213/687 585/1214/687 796/1215/687 582/1216/687
f 585/1214/688 191/1204/688 587/1207/688 796/1215/688
f 796/1215/689 587/1207/689 196/1212/689 584/1217/689
f 582/1216/690 796/1215/690 584/1217/690 194/1218/690
f 13/1219/691 516/1220/691 797/1221/691 532/1222/691
f 516/1220/692 160/1223/692 590/1224/692 797/1221/692
f 797/1221/693 590/1224/693 191/1225/693 585/1226/693
f 532/1222/694 797/1221/694 585/1226/694 193/1227/694
f 160/1223/695 241/1228/695 798/1229/695 590/1224/695
f 241/1228/696 21/1230/696 591/1231/696 798/1229/696
f 798/1229/697 591/1231/697 192/1232/697 581/1233/697
f 590/1224/698 798/1229/698 581/1233/698 191/1225/698
f 21/1234/699 494/1235/699 799/1236/699 591/1237/699
f 494/1235/700 150/1238/700 592/1239/700 799/1236/700
f 799/1236/701 592/1239/701 195/1240/701 583/1241/701
f 591/1237/702 799/1236/702 583/1241/702 192/1242/702
f 150/1243/703 525/1244/703 800/1245/703 592/1246/703
f 525/1244/704 169/931/704 589/934/704 800/1245/704
f 800/1245/705 589/934/705 196/939/705 586/1247/705
f 592/1246/706 800/1245/706 586/1247/706 195/1248/706
f 20/99/707 225/98/707 801/1249/707 595/1250/707
f 225/98/708 13/97/708 266/1251/708 801/1249/708
f 801/1249/709 266/1251/709 198/251/709 597/248/709
f 595/1250/710 801/1249/710 597/248/710 199/247/710
f 14/569/711 233/566/711 802/1252/711 593/1253/711
f 233/566/712 17/565/712 268/1254/712 802/1252/712
f 802/1252/713 268/1254/713 200/242/713 598/239/713
f 593/1253/714 802/1252/714 598/239/714 197/238/714
f 17/1255/715 237/1256/715 803/1257/715 268/1258/715
f 237/1256/716 20/1259/716 595/1260/716 803/1257/716
f 803/1257/717 595/1260/717 199/233/717 599/230/717
f 268/1258/718 803/1257/718 599/230/718 200/229/718
f 13/1261/719 232/1262/719 804/1263/719 266/1264/719
f 232/1262/720 14/1265/720 593/1266/720 804/1263/720
f 804/1263/721 593/1266/721 197/122/721 600/119/721
f 266/1264/722 804/1263/722 600/119/722 198/118/722
f 53/385/723 302/384/723 805/1267/723 601/1268/723
f 302/384/724 52/383/724 316/1269/724 805/1267/724
f 805/1267/725 316/1269/725 204/440/725 605/437/725
f 601/1268/726 805/1267/726 605/437/726 201/436/726
f 52/406/727 308/405/727 806/1270/727 316/1271/727
f 308/405/728 48/367/728 315/1272/728 806/1270/728
f 806/1270/729 315/1272/729 203/431/729 606/428/729
f 316/1271/730 806/1270/730 606/428/730 204/427/730
f 48/1273/731 294/1274/731 807/1275/731 315/1276/731
f 294/1274/732 49/1277/732 314/1278/732 807/1275/732
f 807/1275/733 314/1278/733 202/422/733 607/419/733
f 315/1276/734 807/1275/734 607/419/734 203/418/734
f 49/661/735 307/664/735 808/1279/735 314/1280/735
f 307/664/736 53/666/736 601/1281/736 808/1279/736
f 808/1279/737 601/1281/737 201/392/737 608/389/737
f 314/1280/738 808/1279/738 608/389/738 202/388/738
