# Blender 4.2.10 LTS
# www.blender.org
mtllib table.mtl
o Cube
v -1.000348 1.393025 1.000728
v -1.000348 1.537600 1.000728
v -1.000348 1.393025 -1.000728
v -1.000348 1.537600 -1.000728
v 1.000348 1.393025 1.000728
v 1.000348 1.537600 1.000728
v 1.000348 1.393025 -1.000728
v 1.000348 1.537600 -1.000727
v 0.988165 0.249503 -0.064314
v 0.344634 1.310259 -0.064314
v 1.114774 0.234619 -0.064314
v 1.056307 1.308819 -0.064314
v 0.988166 0.249502 0.060667
v 0.344634 1.310259 0.060667
v 1.114774 0.234619 0.060667
v 1.056307 1.308819 0.060667
v 1.051750 0.159734 -0.085144
v 0.749264 1.321364 -0.085144
v 1.051750 0.159734 0.081497
v 0.749264 1.321364 0.081497
v 0.844564 0.858795 -0.085144
v 0.634225 1.184610 -0.085144
v 1.099974 0.825078 -0.085144
v 1.088401 1.179359 -0.085144
v 1.099975 0.825078 0.081497
v 1.088401 1.179359 0.081497
v 0.844564 0.858794 0.081497
v 0.634225 1.184610 0.081497
v 0.848729 1.178277 0.123157
v 0.934777 0.835141 0.123157
v 0.848728 1.178277 -0.126805
v 0.934777 0.835141 -0.126805
v -0.062490 0.249503 -1.005181
v -0.062490 1.310259 -0.361649
v -0.062490 0.234619 -1.131789
v -0.062490 1.308819 -1.073323
v 0.062491 0.249502 -1.005181
v 0.062491 1.310259 -0.361649
v 0.062491 0.234619 -1.131789
v 0.062491 1.308819 -1.073323
v -0.083320 0.159734 -1.068765
v -0.083320 1.321364 -0.766280
v 0.083321 0.159734 -1.068765
v 0.083321 1.321364 -0.766279
v -0.083320 0.858794 -0.861579
v -0.083320 1.184610 -0.651240
v -0.083320 0.825078 -1.116990
v -0.083320 1.179359 -1.105416
v 0.083321 0.825078 -1.116990
v 0.083321 1.179359 -1.105416
v 0.083321 0.858794 -0.861579
v 0.083321 1.184610 -0.651240
v 0.124981 1.178277 -0.865744
v 0.124981 0.835141 -0.951793
v -0.124981 1.178277 -0.865744
v -0.124981 0.835141 -0.951793
v 0.062491 0.249503 1.016726
v 0.062491 1.310259 0.373194
v 0.062491 0.234619 1.143334
v 0.062491 1.308819 1.084868
v -0.062490 0.249502 1.016726
v -0.062490 1.310259 0.373194
v -0.062490 0.234619 1.143334
v -0.062490 1.308819 1.084868
v 0.083321 0.159734 1.080311
v 0.083321 1.321364 0.777825
v -0.083320 0.159734 1.080310
v -0.083320 1.321364 0.777825
v 0.083321 0.858794 0.873125
v 0.083321 1.184610 0.662785
v 0.083321 0.825078 1.128535
v 0.083321 1.179359 1.116961
v -0.083320 0.825078 1.128535
v -0.083320 1.179359 1.116961
v -0.083320 0.858794 0.873124
v -0.083321 1.184610 0.662785
v -0.124981 1.178277 0.877289
v -0.124981 0.835141 0.963338
v 0.124981 1.178277 0.877289
v 0.124981 0.835141 0.963338
v -0.999559 0.249503 0.053071
v -0.356027 1.310259 0.053071
v -1.126167 0.234619 0.053071
v -1.067701 1.308819 0.053071
v -0.999559 0.249502 -0.071910
v -0.356027 1.310259 -0.071910
v -1.126167 0.234619 -0.071910
v -1.067701 1.308819 -0.071910
v -1.063143 0.159734 0.073901
v -0.760658 1.321364 0.073901
v -1.063143 0.159734 -0.092740
v -0.760658 1.321364 -0.092740
v -0.855958 0.858794 0.073901
v -0.645618 1.184610 0.073901
v -1.111368 0.825078 0.073901
v -1.099794 1.179359 0.073901
v -1.111368 0.825078 -0.092740
v -1.099794 1.179359 -0.092740
v -0.855957 0.858794 -0.092740
v -0.645618 1.184610 -0.092740
v -0.860122 1.178277 -0.134400
v -0.946171 0.835141 -0.134400
v -0.860122 1.178277 0.115561
v -0.946171 0.835141 0.115561
v -1.146264 1.382481 -0.593732
v -1.219560 1.377184 -0.000000
v -1.146264 1.382481 0.593732
v -1.146264 1.422424 1.146699
v -1.219560 1.465312 1.220023
v -1.146264 1.508201 1.146699
v -1.146264 1.548144 0.593732
v -1.219560 1.553441 -0.000000
v -1.146264 1.548144 -0.593732
v -1.146264 1.508201 -1.146699
v -1.219560 1.465312 -1.220023
v -1.146264 1.422424 -1.146699
v 0.593506 1.382481 -1.146699
v 0.000000 1.377184 -1.220023
v -0.593506 1.382481 -1.146699
v -0.593506 1.548144 -1.146699
v 0.000000 1.553441 -1.220023
v 0.593506 1.548144 -1.146699
v 1.146264 1.508201 -1.146699
v 1.219560 1.465312 -1.220023
v 1.146264 1.422424 -1.146699
v 1.146264 1.382481 0.593732
v 1.219560 1.377184 -0.000000
v 1.146264 1.382481 -0.593732
v 1.146264 1.548144 -0.593731
v 1.219560 1.553441 -0.000000
v 1.146264 1.548144 0.593732
v 1.146264 1.508201 1.146699
v 1.219560 1.465312 1.220023
v 1.146264 1.422424 1.146699
v -0.593506 1.382481 1.146699
v 0.000000 1.377184 1.220023
v 0.593506 1.382481 1.146699
v 0.593506 1.548144 1.146699
v 0.000000 1.553441 1.220023
v -0.593506 1.548144 1.146699
v 1.034520 0.163409 -0.084698
v 1.018197 0.177902 -0.081576
v 1.001769 0.210366 -0.073875
v 0.865477 1.320801 -0.084698
v 0.956507 1.318863 -0.081576
v 1.020786 1.314371 -0.073875
v 1.120738 0.200249 0.035252
v 1.123570 0.182995 -0.001824
v 1.120737 0.200249 -0.038899
v 1.067799 1.314291 -0.038899
v 1.073599 1.317030 -0.001824
v 1.067799 1.314291 0.035252
v 1.070762 0.159999 0.081051
v 1.089516 0.170763 0.077929
v 1.105249 0.199053 0.070228
v 0.614494 1.321599 0.081051
v 0.486451 1.320239 0.077929
v 0.391820 1.315935 0.070228
v 0.993583 0.214295 -0.038899
v 0.996318 0.196572 -0.001824
v 0.993583 0.214295 0.035252
v 0.302964 1.316146 0.035252
v 0.281474 1.319105 -0.001824
v 0.302964 1.316146 -0.038899
v 1.105249 0.199053 -0.073875
v 1.089516 0.170763 -0.081576
v 1.070762 0.159999 -0.084698
v 0.391820 1.315935 -0.073875
v 0.486451 1.320239 -0.081576
v 0.614494 1.321599 -0.084698
v 1.001769 0.210367 0.070228
v 1.018197 0.177902 0.077929
v 1.034520 0.163409 0.081051
v 1.020786 1.314371 0.070228
v 0.956507 1.318863 0.077929
v 0.865477 1.320801 0.081051
v 0.736560 1.335921 -0.047390
v 0.732326 1.340773 -0.001824
v 0.736560 1.335921 0.043742
v 1.066916 0.070320 0.043742
v 1.071971 0.040516 -0.001824
v 1.066916 0.070320 -0.047390
v 0.805215 0.984832 -0.085144
v 0.762693 1.073452 -0.085144
v 0.708521 1.136198 -0.085144
v 0.672358 1.183025 -0.109229
v 0.722872 1.181177 -0.121597
v 0.782688 1.179461 -0.126154
v 0.870477 1.124967 -0.126805
v 0.890111 1.056614 -0.126805
v 0.910567 0.963308 -0.126805
v 0.900965 0.840889 -0.126154
v 0.875406 0.847383 -0.121597
v 0.856979 0.853669 -0.109229
v 1.095674 0.955118 0.081497
v 1.092530 1.051625 0.081497
v 1.090213 1.123429 0.081497
v 1.042795 1.178742 0.105582
v 0.984023 1.178157 0.117950
v 0.917522 1.177903 0.122506
v 0.870477 1.124967 0.123157
v 0.890112 1.056614 0.123157
v 0.910567 0.963308 0.123157
v 0.976790 0.830880 0.122506
v 1.022267 0.827996 0.117950
v 1.065298 0.826169 0.105582
v 0.805215 0.984832 0.081497
v 0.762693 1.073452 0.081497
v 0.708521 1.136198 0.081497
v 0.611037 1.185600 0.043742
v 0.603307 1.185930 -0.001824
v 0.611037 1.185600 -0.047390
v 0.837227 0.861965 -0.047390
v 0.834781 0.863022 -0.001824
v 0.837227 0.861965 0.043742
v 0.782688 1.179461 0.122506
v 0.722872 1.181177 0.117950
v 0.672358 1.183025 0.105582
v 0.856979 0.853669 0.105582
v 0.875406 0.847383 0.117950
v 0.900965 0.840889 0.122506
v 1.095674 0.955118 -0.085144
v 1.092530 1.051625 -0.085144
v 1.090213 1.123429 -0.085144
v 1.116307 1.179759 -0.047390
v 1.125610 1.179892 -0.001824
v 1.116307 1.179759 0.043742
v 1.121371 0.824456 0.043742
v 1.128503 0.824248 -0.001824
v 1.121371 0.824456 -0.047390
v 0.917522 1.177903 -0.126154
v 0.984023 1.178157 -0.121597
v 1.042796 1.178742 -0.109229
v 1.065298 0.826169 -0.109229
v 1.022267 0.827996 -0.121597
v 0.976790 0.830879 -0.126154
v 0.537693 1.227791 -0.084698
v 0.442282 1.265087 -0.081576
v 0.374209 1.293596 -0.073875
v 0.769874 1.297294 -0.109229
v 0.795574 1.264661 -0.121597
v 0.822986 1.224608 -0.126154
v 0.964828 0.351808 0.070228
v 0.928804 0.511170 0.077929
v 0.886860 0.691657 0.081051
v 0.886860 0.691657 -0.084698
v 0.928804 0.511171 -0.081576
v 0.964828 0.351808 -0.073875
v 0.964487 0.668206 -0.126154
v 0.996686 0.482597 -0.121597
v 1.027173 0.304408 -0.109229
v 0.537693 1.227791 0.081051
v 0.442282 1.265087 0.077929
v 0.374209 1.293596 0.070228
v 1.105416 0.659620 -0.084698
v 1.110622 0.484639 -0.081576
v 1.114006 0.331912 -0.073875
v 1.086238 1.226487 -0.084698
v 1.080768 1.264856 -0.081576
v 1.069542 1.292907 -0.073875
v 1.069542 1.292907 0.070228
v 1.080768 1.264856 0.077929
v 1.086238 1.226487 0.081051
v 1.105415 0.659620 0.081051
v 1.110623 0.484639 0.077929
v 1.114006 0.331912 0.070228
v 0.964487 0.668206 0.122506
v 0.996686 0.482597 0.117950
v 1.027173 0.304408 0.105582
v 0.769874 1.297294 0.105582
v 0.795574 1.264661 0.117950
v 0.822985 1.224608 0.122506
v -0.082874 0.163409 -1.051535
v -0.079752 0.177902 -1.035212
v -0.072051 0.210366 -1.018784
v -0.082874 1.320801 -0.882492
v -0.079752 1.318863 -0.973523
v -0.072051 1.314371 -1.037801
v 0.037076 0.200249 -1.137753
v 0.000000 0.182995 -1.140586
v -0.037075 0.200249 -1.137753
v -0.037075 1.314291 -1.084815
v 0.000000 1.317030 -1.090614
v 0.037076 1.314291 -1.084815
v 0.082875 0.159999 -1.087777
v 0.079753 0.170763 -1.106531
v 0.072052 0.199053 -1.122264
v 0.082875 1.321599 -0.631510
v 0.079753 1.320239 -0.503467
v 0.072052 1.315935 -0.408835
v -0.037075 0.214295 -1.010598
v 0.000000 0.196572 -1.013334
v 0.037076 0.214295 -1.010598
v 0.037076 1.316146 -0.319979
v 0.000000 1.319105 -0.298489
v -0.037075 1.316146 -0.319979
v -0.072051 0.199053 -1.122264
v -0.079752 0.170763 -1.106531
v -0.082874 0.159999 -1.087777
v -0.072051 1.315935 -0.408835
v -0.079752 1.320239 -0.503467
v -0.082874 1.321599 -0.631510
v 0.072052 0.210367 -1.018784
v 0.079753 0.177902 -1.035212
v 0.082875 0.163409 -1.051535
v 0.072052 1.314371 -1.037801
v 0.079753 1.318863 -0.973523
v 0.082875 1.320801 -0.882492
v -0.045566 1.335921 -0.753576
v 0.000000 1.340773 -0.749341
v 0.045566 1.335921 -0.753576
v 0.045566 0.070320 -1.083931
v 0.000000 0.040516 -1.088987
v -0.045566 0.070320 -1.083931
v -0.083320 0.984832 -0.822231
v -0.083320 1.073452 -0.779708
v -0.083320 1.136198 -0.725536
v -0.107405 1.183025 -0.689373
v -0.119773 1.181177 -0.739887
v -0.124330 1.179461 -0.799703
v -0.124981 1.124967 -0.887492
v -0.124981 1.056614 -0.907127
v -0.124981 0.963308 -0.927582
v -0.124330 0.840889 -0.917981
v -0.119773 0.847383 -0.892422
v -0.107405 0.853669 -0.873995
v 0.083321 0.955118 -1.112690
v 0.083321 1.051625 -1.109545
v 0.083321 1.123429 -1.107229
v 0.107406 1.178742 -1.059811
v 0.119774 1.178157 -1.001039
v 0.124330 1.177903 -0.934537
v 0.124981 1.124967 -0.887492
v 0.124981 1.056614 -0.907127
v 0.124981 0.963308 -0.927582
v 0.124330 0.830880 -0.993806
v 0.119774 0.827996 -1.039282
v 0.107406 0.826169 -1.082314
v 0.083321 0.984832 -0.822231
v 0.083321 1.073452 -0.779708
v 0.083321 1.136198 -0.725537
v 0.045566 1.185600 -0.628052
v 0.000000 1.185930 -0.620323
v -0.045566 1.185600 -0.628052
v -0.045566 0.861965 -0.854242
v 0.000000 0.863022 -0.851797
v 0.045566 0.861965 -0.854242
v 0.124330 1.179461 -0.799703
v 0.119774 1.181177 -0.739887
v 0.107406 1.183025 -0.689373
v 0.107406 0.853669 -0.873995
v 0.119774 0.847383 -0.892421
v 0.124330 0.840889 -0.917981
v -0.083320 0.955118 -1.112690
v -0.083320 1.051625 -1.109545
v -0.083320 1.123429 -1.107229
v -0.045566 1.179759 -1.133323
v 0.000000 1.179892 -1.142625
v 0.045566 1.179759 -1.133323
v 0.045566 0.824456 -1.138386
v 0.000000 0.824248 -1.145519
v -0.045566 0.824456 -1.138386
v -0.124330 1.177903 -0.934537
v -0.119773 1.178157 -1.001038
v -0.107405 1.178742 -1.059811
v -0.107405 0.826169 -1.082314
v -0.119773 0.827996 -1.039283
v -0.124330 0.830879 -0.993806
v -0.082874 1.227791 -0.554709
v -0.079752 1.265087 -0.459297
v -0.072051 1.293596 -0.391225
v -0.107405 1.297294 -0.786889
v -0.119773 1.264661 -0.812590
v -0.124330 1.224608 -0.840001
v 0.072052 0.351808 -0.981844
v 0.079753 0.511170 -0.945819
v 0.082875 0.691657 -0.903875
v -0.082874 0.691657 -0.903875
v -0.079752 0.511171 -0.945819
v -0.072051 0.351808 -0.981844
v -0.124330 0.668206 -0.981502
v -0.119773 0.482597 -1.013701
v -0.107405 0.304408 -1.044188
v 0.082875 1.227791 -0.554709
v 0.079753 1.265087 -0.459297
v 0.072052 1.293596 -0.391225
v -0.082874 0.659620 -1.122431
v -0.079752 0.484639 -1.127638
v -0.072051 0.331912 -1.131021
v -0.082874 1.226487 -1.103253
v -0.079752 1.264856 -1.097783
v -0.072051 1.292907 -1.086557
v 0.072052 1.292907 -1.086557
v 0.079753 1.264856 -1.097783
v 0.082875 1.226487 -1.103254
v 0.082875 0.659620 -1.122431
v 0.079753 0.484639 -1.127638
v 0.072052 0.331912 -1.131021
v 0.124330 0.668206 -0.981502
v 0.119774 0.482597 -1.013701
v 0.107406 0.304408 -1.044188
v 0.107406 1.297294 -0.786889
v 0.119774 1.264661 -0.812590
v 0.124330 1.224608 -0.840001
v 0.082875 0.163409 1.063080
v 0.079753 0.177902 1.046757
v 0.072052 0.210366 1.030330
v 0.082875 1.320801 0.894037
v 0.079753 1.318863 0.985068
v 0.072052 1.314371 1.049347
v -0.037075 0.200249 1.149298
v 0.000000 0.182995 1.152131
v 0.037076 0.200249 1.149298
v 0.037076 1.314291 1.096360
v 0.000000 1.317030 1.102159
v -0.037075 1.314291 1.096360
v -0.082874 0.159999 1.099323
v -0.079752 0.170763 1.118077
v -0.072052 0.199053 1.133810
v -0.082874 1.321599 0.643055
v -0.079752 1.320239 0.515012
v -0.072052 1.315935 0.420380
v 0.037076 0.214295 1.022144
v 0.000000 0.196572 1.024879
v -0.037075 0.214295 1.022144
v -0.037075 1.316146 0.331525
v 0.000000 1.319105 0.310035
v 0.037076 1.316146 0.331525
v 0.072052 0.199053 1.133810
v 0.079753 0.170763 1.118077
v 0.082875 0.159999 1.099323
v 0.072052 1.315935 0.420380
v 0.079753 1.320239 0.515012
v 0.082875 1.321599 0.643055
v -0.072051 0.210367 1.030330
v -0.079752 0.177902 1.046757
v -0.082874 0.163409 1.063080
v -0.072052 1.314371 1.049347
v -0.079752 1.318863 0.985068
v -0.082874 1.320801 0.894037
v 0.045566 1.335921 0.765121
v 0.000000 1.340773 0.760886
v -0.045566 1.335921 0.765121
v -0.045566 0.070320 1.095477
v 0.000000 0.040516 1.100532
v 0.045566 0.070320 1.095477
v 0.083321 0.984832 0.833776
v 0.083321 1.073452 0.791253
v 0.083321 1.136198 0.737082
v 0.107406 1.183025 0.700919
v 0.119773 1.181177 0.751432
v 0.124330 1.179461 0.811249
v 0.124981 1.124967 0.899037
v 0.124981 1.056614 0.918672
v 0.124981 0.963308 0.939128
v 0.124330 0.840889 0.929526
v 0.119773 0.847383 0.903967
v 0.107406 0.853669 0.885540
v -0.083320 0.955118 1.124235
v -0.083320 1.051625 1.121090
v -0.083320 1.123429 1.118774
v -0.107405 1.178742 1.071356
v -0.119773 1.178157 1.012584
v -0.124330 1.177903 0.946082
v -0.124981 1.124967 0.899037
v -0.124981 1.056614 0.918672
v -0.124981 0.963308 0.939128
v -0.124330 0.830880 1.005351
v -0.119773 0.827996 1.050828
v -0.107405 0.826169 1.093859
v -0.083320 0.984832 0.833776
v -0.083320 1.073452 0.791253
v -0.083321 1.136198 0.737082
v -0.045566 1.185600 0.639597
v 0.000000 1.185930 0.631868
v 0.045566 1.185600 0.639597
v 0.045566 0.861965 0.865787
v 0.000000 0.863022 0.863342
v -0.045566 0.861965 0.865787
v -0.124330 1.179461 0.811249
v -0.119773 1.181177 0.751432
v -0.107405 1.183025 0.700919
v -0.107405 0.853669 0.885540
v -0.119773 0.847383 0.903967
v -0.124330 0.840889 0.929526
v 0.083321 0.955118 1.124235
v 0.083321 1.051625 1.121090
v 0.083321 1.123429 1.118774
v 0.045566 1.179759 1.144868
v 0.000000 1.179892 1.154171
v -0.045566 1.179759 1.144868
v -0.045566 0.824456 1.149932
v 0.000000 0.824248 1.157064
v 0.045566 0.824456 1.149932
v 0.124330 1.177903 0.946082
v 0.119773 1.178157 1.012584
v 0.107406 1.178742 1.071356
v 0.107406 0.826169 1.093859
v 0.119773 0.827996 1.050828
v 0.124330 0.830879 1.005351
v 0.082875 1.227791 0.566254
v 0.079753 1.265087 0.470843
v 0.072052 1.293596 0.402770
v 0.107406 1.297294 0.798435
v 0.119773 1.264661 0.824135
v 0.124330 1.224608 0.851546
v -0.072052 0.351808 0.993389
v -0.079752 0.511170 0.957364
v -0.082874 0.691657 0.915420
v 0.082875 0.691657 0.915420
v 0.079753 0.511171 0.957364
v 0.072052 0.351808 0.993389
v 0.124330 0.668206 0.993048
v 0.119773 0.482597 1.025246
v 0.107406 0.304408 1.055734
v -0.082875 1.227791 0.566254
v -0.079752 1.265087 0.470843
v -0.072052 1.293596 0.402770
v 0.082875 0.659620 1.133976
v 0.079753 0.484639 1.139183
v 0.072052 0.331912 1.142567
v 0.082875 1.226487 1.114799
v 0.079753 1.264856 1.109328
v 0.072052 1.292907 1.098102
v -0.072052 1.292907 1.098102
v -0.079752 1.264856 1.109328
v -0.082874 1.226487 1.114799
v -0.082874 0.659620 1.133976
v -0.079752 0.484639 1.139183
v -0.072051 0.331912 1.142567
v -0.124330 0.668206 0.993048
v -0.119773 0.482597 1.025246
v -0.107405 0.304408 1.055734
v -0.107405 1.297294 0.798435
v -0.119773 1.264661 0.824135
v -0.124330 1.224608 0.851546
v -1.045913 0.163409 0.073455
v -1.029590 0.177902 0.070333
v -1.013163 0.210366 0.062632
v -0.876870 1.320801 0.073455
v -0.967901 1.318863 0.070333
v -1.032180 1.314371 0.062632
v -1.132131 0.200249 -0.046495
v -1.134964 0.182995 -0.009419
v -1.132131 0.200249 0.027656
v -1.079193 1.314291 0.027656
v -1.084992 1.317030 -0.009419
v -1.079193 1.314291 -0.046495
v -1.082156 0.159999 -0.092294
v -1.100909 0.170763 -0.089172
v -1.116642 0.199053 -0.081471
v -0.625888 1.321599 -0.092294
v -0.497845 1.320239 -0.089172
v -0.403213 1.315935 -0.081471
v -1.004976 0.214295 0.027656
v -1.007712 0.196572 -0.009419
v -1.004976 0.214295 -0.046495
v -0.314358 1.316146 -0.046495
v -0.292868 1.319105 -0.009419
v -0.314358 1.316146 0.027656
v -1.116642 0.199053 0.062632
v -1.100910 0.170763 0.070333
v -1.082156 0.159999 0.073455
v -0.403213 1.315935 0.062632
v -0.497845 1.320239 0.070333
v -0.625888 1.321599 0.073455
v -1.013163 0.210367 -0.081471
v -1.029590 0.177902 -0.089172
v -1.045913 0.163409 -0.092294
v -1.032180 1.314371 -0.081471
v -0.967901 1.318863 -0.089172
v -0.876870 1.320801 -0.092294
v -0.747954 1.335921 0.036147
v -0.743719 1.340773 -0.009419
v -0.747954 1.335921 -0.054985
v -1.078310 0.070320 -0.054985
v -1.083365 0.040516 -0.009419
v -1.078310 0.070320 0.036147
v -0.816609 0.984832 0.073901
v -0.774086 1.073452 0.073901
v -0.719915 1.136198 0.073901
v -0.683751 1.183025 0.097986
v -0.734265 1.181177 0.110354
v -0.794082 1.179461 0.114911
v -0.881870 1.124967 0.115561
v -0.901505 1.056614 0.115561
v -0.921960 0.963308 0.115561
v -0.912359 0.840889 0.114911
v -0.886800 0.847383 0.110354
v -0.868373 0.853669 0.097986
v -1.107068 0.955118 -0.092740
v -1.103923 1.051625 -0.092740
v -1.101607 1.123429 -0.092740
v -1.054189 1.178742 -0.116825
v -0.995417 1.178157 -0.129193
v -0.928915 1.177903 -0.133749
v -0.881870 1.124967 -0.134400
v -0.901505 1.056614 -0.134400
v -0.921961 0.963308 -0.134400
v -0.988184 0.830880 -0.133749
v -1.033661 0.827996 -0.129193
v -1.076692 0.826169 -0.116825
v -0.816609 0.984832 -0.092740
v -0.774086 1.073452 -0.092740
v -0.719915 1.136198 -0.092740
v -0.622430 1.185600 -0.054985
v -0.614701 1.185930 -0.009419
v -0.622430 1.185600 0.036147
v -0.848620 0.861965 0.036147
v -0.846175 0.863022 -0.009419
v -0.848620 0.861965 -0.054985
v -0.794082 1.179461 -0.133749
v -0.734265 1.181177 -0.129193
v -0.683752 1.183025 -0.116825
v -0.868373 0.853669 -0.116825
v -0.886800 0.847383 -0.129193
v -0.912359 0.840889 -0.133749
v -1.107068 0.955118 0.073901
v -1.103923 1.051625 0.073901
v -1.101607 1.123429 0.073901
v -1.127701 1.179759 0.036147
v -1.137003 1.179892 -0.009419
v -1.127701 1.179759 -0.054985
v -1.132764 0.824456 -0.054985
v -1.139897 0.824248 -0.009419
v -1.132765 0.824456 0.036147
v -0.928915 1.177903 0.114911
v -0.995417 1.178157 0.110354
v -1.054189 1.178742 0.097986
v -1.076692 0.826169 0.097986
v -1.033661 0.827996 0.110354
v -0.988184 0.830879 0.114911
v -0.549087 1.227791 0.073455
v -0.453675 1.265087 0.070333
v -0.385603 1.293596 0.062632
v -0.781268 1.297294 0.097986
v -0.806968 1.264661 0.110354
v -0.834379 1.224608 0.114911
v -0.976222 0.351808 -0.081471
v -0.940197 0.511170 -0.089172
v -0.898254 0.691657 -0.092294
v -0.898254 0.691657 0.073455
v -0.940197 0.511171 0.070333
v -0.976222 0.351808 0.062632
v -0.975881 0.668206 0.114911
v -1.008079 0.482597 0.110354
v -1.038567 0.304408 0.097986
v -0.549087 1.227791 -0.092294
v -0.453675 1.265087 -0.089172
v -0.385603 1.293596 -0.081471
v -1.116809 0.659620 0.073455
v -1.122016 0.484639 0.070333
v -1.125400 0.331912 0.062632
v -1.097632 1.226487 0.073455
v -1.092161 1.264856 0.070333
v -1.080935 1.292907 0.062632
v -1.080935 1.292907 -0.081471
v -1.092161 1.264856 -0.089172
v -1.097632 1.226487 -0.092294
v -1.116809 0.659620 -0.092294
v -1.122016 0.484639 -0.089172
v -1.125400 0.331912 -0.081471
v -0.975881 0.668206 -0.133749
v -1.008079 0.482597 -0.129193
v -1.038567 0.304408 -0.116825
v -0.781268 1.297294 -0.116825
v -0.806968 1.264661 -0.129193
v -0.834379 1.224608 -0.133749
v -1.458487 1.419604 0.632774
v -1.564201 1.465312 0.666766
v -1.458487 1.511021 0.632774
v -1.564201 1.417149 -0.000000
v -1.679596 1.465312 -0.000000
v -1.564201 1.513476 -0.000000
v -1.458487 1.419604 -0.632774
v -1.564201 1.465312 -0.666766
v -1.458487 1.511021 -0.632774
v -0.632534 1.419604 -1.459040
v -0.666513 1.465312 -1.564795
v -0.632534 1.511021 -1.459041
v 0.000000 1.417149 -1.564795
v 0.000000 1.465312 -1.680234
v 0.000000 1.513476 -1.564795
v 0.632534 1.419604 -1.459041
v 0.666513 1.465312 -1.564795
v 0.632534 1.511021 -1.459040
v 1.458487 1.419604 -0.632774
v 1.564201 1.465312 -0.666766
v 1.458487 1.511021 -0.632774
v 1.564201 1.417149 -0.000000
v 1.679596 1.465312 -0.000000
v 1.564201 1.513476 -0.000000
v 1.458487 1.419604 0.632774
v 1.564201 1.465312 0.666766
v 1.458487 1.511021 0.632774
v 0.632534 1.419604 1.459041
v 0.666513 1.465312 1.564795
v 0.632534 1.511021 1.459041
v 0.000000 1.417149 1.564795
v 0.000000 1.465312 1.680234
v 0.000000 1.513476 1.564795
v -0.632534 1.419604 1.459041
v -0.666513 1.465312 1.564795
v -0.632534 1.511021 1.459040
v -0.632534 1.359919 -0.632774
v 0.000000 1.352280 -0.666766
v 0.632534 1.359919 -0.632774
v -0.666513 1.352280 -0.000000
v 0.000000 1.343941 -0.000000
v 0.666513 1.352280 -0.000000
v -0.632534 1.359919 0.632774
v 0.000000 1.352280 0.666766
v 0.632534 1.359919 0.632774
v 0.632534 1.570706 -0.632774
v 0.000000 1.578345 -0.666766
v -0.632534 1.570706 -0.632774
v 0.666513 1.578345 -0.000000
v 0.000000 1.586684 -0.000000
v -0.666513 1.578345 -0.000000
v 0.632534 1.570706 0.632774
v 0.000000 1.578345 0.666766
v -0.632534 1.570706 0.632774
v 1.097085 0.322120 0.090419
v 1.087112 0.482726 0.101037
v 1.075882 0.660390 0.105014
v 1.075247 0.308158 0.101037
v 1.057751 0.479493 0.112935
v 1.039210 0.661630 0.117323
v 1.050855 0.303039 0.105014
v 1.026253 0.479588 0.117323
v 1.000398 0.664170 0.121859
v 1.124743 0.322087 -0.041583
v 1.125225 0.481568 -0.045425
v 1.123651 0.658656 -0.047144
v 1.128505 0.313687 -0.001824
v 1.130139 0.478857 -0.001824
v 1.129735 0.658123 -0.001824
v 1.124743 0.322087 0.037936
v 1.125225 0.481569 0.041778
v 1.123651 0.658656 0.043497
v 1.050855 0.303039 -0.108661
v 1.026253 0.479588 -0.120970
v 1.000398 0.664170 -0.125506
v 1.075247 0.308159 -0.104684
v 1.057751 0.479493 -0.116582
v 1.039210 0.661631 -0.120970
v 1.097085 0.322121 -0.094066
v 1.087112 0.482726 -0.104684
v 1.075882 0.660390 -0.108661
v 1.051530 0.073717 -0.047144
v 1.057190 0.043814 -0.001824
v 1.051530 0.073717 0.043497
v 1.035564 0.090712 -0.045425
v 1.041273 0.061602 -0.001824
v 1.035564 0.090712 0.041778
v 1.016991 0.133813 -0.041583
v 1.021862 0.107955 -0.001824
v 1.016991 0.133813 0.037936
v 0.592310 1.336203 0.043497
v 0.584746 1.341073 -0.001824
v 0.592310 1.336203 -0.047144
v 0.453499 1.334399 0.041778
v 0.441164 1.339137 -0.001824
v 0.453499 1.334400 -0.045425
v 0.350109 1.328355 0.037936
v 0.332058 1.332578 -0.001824
v 0.350109 1.328355 -0.041583
v 1.022997 1.326133 0.037936
v 1.025522 1.330113 -0.001824
v 1.022997 1.326133 -0.041583
v 0.954633 1.332488 0.041778
v 0.954600 1.337038 -0.001824
v 0.954634 1.332488 -0.045425
v 0.859249 1.335113 0.043497
v 0.857247 1.339885 -0.001824
v 0.859249 1.335113 -0.047144
v 1.111794 0.125189 -0.041583
v 1.114468 0.100181 -0.001824
v 1.111794 0.125189 0.037936
v 1.098721 0.085919 -0.045425
v 1.101942 0.057575 -0.001824
v 1.098721 0.085919 0.041778
v 1.083104 0.071616 -0.047144
v 1.087237 0.042147 -0.001824
v 1.083104 0.071616 0.043497
v 1.006875 0.308523 0.105014
v 0.972363 0.487334 0.117323
v 0.935525 0.673665 0.121859
v 0.989582 0.319075 0.101037
v 0.953230 0.494592 0.112935
v 0.913544 0.680032 0.117323
v 0.974768 0.338187 0.090419
v 0.938623 0.504326 0.101037
v 0.897598 0.686515 0.105014
v 0.962456 0.343476 0.037936
v 0.923908 0.510878 0.041778
v 0.880627 0.694271 0.043497
v 0.962765 0.335307 -0.001824
v 0.922642 0.509002 -0.001824
v 0.878596 0.694920 -0.001824
v 0.962456 0.343476 -0.041583
v 0.923908 0.510878 -0.045425
v 0.880627 0.694270 -0.047144
v 0.504635 1.228431 0.043497
v 0.398893 1.265893 0.041778
v 0.324245 1.295469 0.037936
v 0.493473 1.228680 -0.001824
v 0.383289 1.266447 -0.001824
v 0.304055 1.296959 -0.001824
v 0.504635 1.228431 -0.047144
v 0.398893 1.265893 -0.045425
v 0.324245 1.295469 -0.041583
v 1.039177 1.225851 0.105014
v 1.033907 1.264746 0.101037
v 1.026232 1.294220 0.090419
v 0.976954 1.225204 0.117323
v 0.969522 1.264885 0.112935
v 0.962019 1.296246 0.101037
v 0.903522 1.224704 0.121859
v 0.889162 1.264764 0.117323
v 0.875915 1.297101 0.105014
v 0.974768 0.338187 -0.094067
v 0.938623 0.504326 -0.104685
v 0.897598 0.686515 -0.108661
v 0.989582 0.319075 -0.104685
v 0.953230 0.494592 -0.116582
v 0.913544 0.680032 -0.120970
v 1.006875 0.308523 -0.108661
v 0.972363 0.487334 -0.120970
v 0.935525 0.673665 -0.125506
v 0.739901 1.225098 0.121859
v 0.693442 1.264886 0.117323
v 0.649759 1.297477 0.105014
v 0.660492 1.225962 0.117323
v 0.594006 1.265087 0.112935
v 0.534458 1.296872 0.101037
v 0.591201 1.226918 0.105014
v 0.508588 1.264965 0.101037
v 0.442284 1.294897 0.090419
v 0.903522 1.224704 -0.125506
v 0.889162 1.264764 -0.120970
v 0.875915 1.297101 -0.108661
v 0.976954 1.225204 -0.120970
v 0.969522 1.264885 -0.116582
v 0.962019 1.296246 -0.104684
v 1.039177 1.225851 -0.108661
v 1.033907 1.264746 -0.104684
v 1.026232 1.294220 -0.094066
v 1.114872 1.226976 -0.047144
v 1.109050 1.265604 -0.045425
v 1.094620 1.294602 -0.041583
v 1.124418 1.227172 -0.001824
v 1.118491 1.266118 -0.001824
v 1.103086 1.295970 -0.001824
v 1.114872 1.226976 0.043497
v 1.109050 1.265604 0.041778
v 1.094620 1.294602 0.037936
v 0.735131 1.133582 -0.109229
v 0.771574 1.130455 -0.121597
v 0.816979 1.127393 -0.126154
v 0.781967 1.069681 -0.109229
v 0.809346 1.065111 -0.121597
v 0.845253 1.060502 -0.126154
v 0.820153 0.980113 -0.109229
v 0.842014 0.974351 -0.121597
v 0.871814 0.968447 -0.126154
v 1.046449 1.123168 0.105582
v 0.991047 1.123114 0.117950
v 0.930294 1.123602 0.122506
v 1.050990 1.051879 0.105582
v 0.999002 1.052560 0.117950
v 0.943173 1.054022 0.122506
v 1.057059 0.955878 0.105582
v 1.009028 0.957265 0.117950
v 0.958044 0.959626 0.122506
v 0.692468 1.137825 0.043742
v 0.687117 1.138367 -0.001824
v 0.692468 1.137825 -0.047390
v 0.751171 1.075791 0.043742
v 0.747330 1.076571 -0.001824
v 0.751171 1.075791 -0.047390
v 0.796354 0.987754 0.043742
v 0.793400 0.988727 -0.001824
v 0.796354 0.987753 -0.047390
v 0.816979 1.127393 0.122506
v 0.771574 1.130456 0.117950
v 0.735131 1.133582 0.105582
v 0.845253 1.060502 0.122506
v 0.809346 1.065111 0.117950
v 0.781967 1.069681 0.105582
v 0.871814 0.968447 0.122506
v 0.842014 0.974351 0.117950
v 0.820153 0.980113 0.105582
v 1.117100 1.123620 -0.047390
v 1.126063 1.123683 -0.001824
v 1.117101 1.123620 0.043742
v 1.118114 1.051509 -0.047390
v 1.126642 1.051470 -0.001824
v 1.118114 1.051509 0.043742
v 1.119490 0.954697 -0.047389
v 1.127428 0.954557 -0.001824
v 1.119490 0.954697 0.043742
v 0.930294 1.123602 -0.126154
v 0.991047 1.123114 -0.121597
v 1.046449 1.123168 -0.109229
v 0.943173 1.054022 -0.126154
v 0.999002 1.052560 -0.121597
v 1.050990 1.051879 -0.109229
v 0.958044 0.959626 -0.126154
v 1.009028 0.957265 -0.121597
v 1.057059 0.955878 -0.109229
v 0.591201 1.226918 -0.108661
v 0.508588 1.264965 -0.104685
v 0.442284 1.294897 -0.094067
v 0.660492 1.225962 -0.120970
v 0.594006 1.265087 -0.116582
v 0.534458 1.296872 -0.104685
v 0.739902 1.225098 -0.125506
v 0.693442 1.264886 -0.120970
v 0.649759 1.297477 -0.108661
v 0.092243 0.322120 -1.114100
v 0.102861 0.482726 -1.104127
v 0.106838 0.660390 -1.092897
v 0.102861 0.308158 -1.092262
v 0.114759 0.479493 -1.074766
v 0.119147 0.661630 -1.056226
v 0.106838 0.303039 -1.067870
v 0.119147 0.479588 -1.043268
v 0.123682 0.664170 -1.017414
v -0.039759 0.322087 -1.141758
v -0.043601 0.481568 -1.142240
v -0.045320 0.658656 -1.140666
v 0.000000 0.313687 -1.145520
v 0.000000 0.478857 -1.147155
v 0.000000 0.658123 -1.146750
v 0.039759 0.322087 -1.141758
v 0.043601 0.481569 -1.142240
v 0.045321 0.658656 -1.140666
v -0.106837 0.303039 -1.067870
v -0.119146 0.479588 -1.043268
v -0.123682 0.664170 -1.017413
v -0.102861 0.308159 -1.092262
v -0.114759 0.479493 -1.074766
v -0.119146 0.661631 -1.056226
v -0.092243 0.322121 -1.114100
v -0.102861 0.482726 -1.104128
v -0.106837 0.660390 -1.092897
v -0.045320 0.073717 -1.068545
v 0.000000 0.043814 -1.074206
v 0.045321 0.073717 -1.068546
v -0.043601 0.090712 -1.052580
v 0.000000 0.061602 -1.058288
v 0.043601 0.090712 -1.052580
v -0.039759 0.133813 -1.034007
v 0.000000 0.107955 -1.038877
v 0.039759 0.133813 -1.034007
v 0.045321 1.336203 -0.609325
v 0.000000 1.341073 -0.601762
v -0.045320 1.336203 -0.609325
v 0.043601 1.334399 -0.470514
v 0.000000 1.339137 -0.458179
v -0.043601 1.334399 -0.470514
v 0.039759 1.328355 -0.367125
v 0.000000 1.332578 -0.349074
v -0.039759 1.328355 -0.367125
v 0.039759 1.326133 -1.040012
v 0.000000 1.330113 -1.042538
v -0.039759 1.326133 -1.040012
v 0.043601 1.332488 -0.971649
v 0.000000 1.337038 -0.971615
v -0.043601 1.332488 -0.971649
v 0.045321 1.335113 -0.876264
v 0.000000 1.339885 -0.874262
v -0.045320 1.335113 -0.876264
v -0.039759 0.125189 -1.128809
v 0.000000 0.100181 -1.131483
v 0.039759 0.125189 -1.128809
v -0.043601 0.085919 -1.115736
v 0.000000 0.057575 -1.118957
v 0.043601 0.085919 -1.115736
v -0.045320 0.071616 -1.100119
v 0.000000 0.042147 -1.104252
v 0.045321 0.071616 -1.100119
v 0.106838 0.308523 -1.023890
v 0.119147 0.487334 -0.989378
v 0.123682 0.673665 -0.952541
v 0.102861 0.319075 -1.006598
v 0.114759 0.494592 -0.970246
v 0.119147 0.680032 -0.930559
v 0.092243 0.338187 -0.991783
v 0.102861 0.504326 -0.955639
v 0.106838 0.686515 -0.914614
v 0.039759 0.343476 -0.979471
v 0.043601 0.510878 -0.940923
v 0.045321 0.694271 -0.897643
v 0.000000 0.335307 -0.979781
v 0.000000 0.509002 -0.939658
v 0.000000 0.694920 -0.895611
v -0.039759 0.343476 -0.979471
v -0.043601 0.510878 -0.940923
v -0.045320 0.694270 -0.897643
v 0.045321 1.228431 -0.521651
v 0.043601 1.265893 -0.415908
v 0.039759 1.295469 -0.341261
v 0.000000 1.228679 -0.510489
v 0.000000 1.266447 -0.400304
v 0.000000 1.296959 -0.321071
v -0.045320 1.228431 -0.521651
v -0.043601 1.265893 -0.415908
v -0.039759 1.295469 -0.341261
v 0.106838 1.225851 -1.056192
v 0.102861 1.264746 -1.050922
v 0.092243 1.294220 -1.043247
v 0.119147 1.225204 -0.993969
v 0.114759 1.264885 -0.986537
v 0.102861 1.296246 -0.979034
v 0.123682 1.224704 -0.920537
v 0.119147 1.264764 -0.906177
v 0.106838 1.297101 -0.892931
v -0.092243 0.338187 -0.991783
v -0.102861 0.504326 -0.955639
v -0.106837 0.686515 -0.914614
v -0.102861 0.319075 -1.006598
v -0.114759 0.494592 -0.970246
v -0.119146 0.680032 -0.930559
v -0.106837 0.308523 -1.023890
v -0.119146 0.487334 -0.989378
v -0.123682 0.673665 -0.952541
v 0.123682 1.225098 -0.756917
v 0.119147 1.264886 -0.710458
v 0.106838 1.297477 -0.666774
v 0.119147 1.225962 -0.677507
v 0.114759 1.265087 -0.611022
v 0.102861 1.296872 -0.551473
v 0.106838 1.226918 -0.608216
v 0.102861 1.264965 -0.525603
v 0.092243 1.294897 -0.459299
v -0.123682 1.224704 -0.920537
v -0.119146 1.264764 -0.906177
v -0.106837 1.297101 -0.892931
v -0.119146 1.225204 -0.993969
v -0.114759 1.264885 -0.986537
v -0.102861 1.296246 -0.979034
v -0.106837 1.225851 -1.056192
v -0.102861 1.264746 -1.050923
v -0.092243 1.294220 -1.043247
v -0.045320 1.226976 -1.131887
v -0.043601 1.265604 -1.126065
v -0.039759 1.294602 -1.111635
v 0.000000 1.227172 -1.141433
v 0.000000 1.266118 -1.135507
v 0.000000 1.295970 -1.120101
v 0.045321 1.226976 -1.131887
v 0.043601 1.265604 -1.126065
v 0.039759 1.294602 -1.111635
v -0.107405 1.133582 -0.752147
v -0.119773 1.130455 -0.788589
v -0.124330 1.127393 -0.833995
v -0.107405 1.069681 -0.798982
v -0.119773 1.065111 -0.826361
v -0.124330 1.060502 -0.862268
v -0.107405 0.980113 -0.837168
v -0.119773 0.974351 -0.859030
v -0.124330 0.968447 -0.888829
v 0.107406 1.123168 -1.063465
v 0.119774 1.123114 -1.008063
v 0.124330 1.123602 -0.947309
v 0.107406 1.051879 -1.068005
v 0.119774 1.052560 -1.016017
v 0.124330 1.054022 -0.960189
v 0.107406 0.955878 -1.074074
v 0.119774 0.957265 -1.026044
v 0.124330 0.959626 -0.975059
v 0.045566 1.137825 -0.709483
v 0.000000 1.138367 -0.704132
v -0.045566 1.137825 -0.709483
v 0.045566 1.075791 -0.768186
v 0.000000 1.076571 -0.764345
v -0.045566 1.075791 -0.768186
v 0.045566 0.987754 -0.813369
v 0.000000 0.988727 -0.810415
v -0.045566 0.987753 -0.813369
v 0.124330 1.127393 -0.833995
v 0.119774 1.130455 -0.788589
v 0.107406 1.133582 -0.752147
v 0.124330 1.060502 -0.862268
v 0.119774 1.065111 -0.826361
v 0.107406 1.069681 -0.798982
v 0.124330 0.968447 -0.888829
v 0.119774 0.974351 -0.859029
v 0.107406 0.980113 -0.837169
v -0.045566 1.123619 -1.134116
v 0.000000 1.123683 -1.143078
v 0.045566 1.123620 -1.134116
v -0.045566 1.051509 -1.135129
v 0.000000 1.051470 -1.143657
v 0.045566 1.051509 -1.135129
v -0.045566 0.954697 -1.136505
v 0.000000 0.954557 -1.144444
v 0.045566 0.954697 -1.136505
v -0.124330 1.123602 -0.947309
v -0.119773 1.123114 -1.008063
v -0.107405 1.123168 -1.063465
v -0.124330 1.054022 -0.960189
v -0.119773 1.052560 -1.016017
v -0.107405 1.051879 -1.068005
v -0.124330 0.959626 -0.975059
v -0.119773 0.957265 -1.026044
v -0.107405 0.955878 -1.074074
v -0.106837 1.226918 -0.608216
v -0.102861 1.264965 -0.525603
v -0.092243 1.294897 -0.459299
v -0.119146 1.225962 -0.677507
v -0.114758 1.265087 -0.611022
v -0.102861 1.296872 -0.551473
v -0.123682 1.225098 -0.756917
v -0.119146 1.264886 -0.710458
v -0.106837 1.297477 -0.666774
v -0.092243 0.322120 1.125646
v -0.102861 0.482726 1.115673
v -0.106837 0.660390 1.104442
v -0.102861 0.308158 1.103808
v -0.114759 0.479493 1.086311
v -0.119146 0.661630 1.067771
v -0.106837 0.303039 1.079416
v -0.119146 0.479588 1.054814
v -0.123682 0.664170 1.028959
v 0.039759 0.322087 1.153304
v 0.043601 0.481568 1.153786
v 0.045320 0.658656 1.152212
v 0.000000 0.313687 1.157065
v 0.000000 0.478857 1.158700
v 0.000000 0.658123 1.158296
v -0.039759 0.322087 1.153304
v -0.043601 0.481569 1.153786
v -0.045320 0.658656 1.152212
v 0.106838 0.303039 1.079416
v 0.119147 0.479588 1.054813
v 0.123682 0.664170 1.028959
v 0.102861 0.308159 1.103808
v 0.114759 0.479493 1.086311
v 0.119147 0.661631 1.067771
v 0.092243 0.322121 1.125646
v 0.102861 0.482726 1.115673
v 0.106838 0.660390 1.104442
v 0.045320 0.073717 1.080091
v 0.000000 0.043814 1.085751
v -0.045320 0.073717 1.080091
v 0.043601 0.090712 1.064125
v 0.000000 0.061602 1.069834
v -0.043601 0.090712 1.064125
v 0.039759 0.133813 1.045552
v 0.000000 0.107955 1.050422
v -0.039759 0.133813 1.045552
v -0.045320 1.336203 0.620871
v 0.000000 1.341073 0.613307
v 0.045320 1.336203 0.620871
v -0.043601 1.334399 0.482059
v 0.000000 1.339137 0.469724
v 0.043601 1.334399 0.482059
v -0.039759 1.328355 0.378670
v 0.000000 1.332578 0.360619
v 0.039759 1.328355 0.378670
v -0.039759 1.326133 1.051557
v 0.000000 1.330113 1.054083
v 0.039759 1.326133 1.051557
v -0.043601 1.332488 0.983194
v 0.000000 1.337038 0.983160
v 0.043601 1.332488 0.983194
v -0.045320 1.335113 0.887809
v 0.000000 1.339885 0.885807
v 0.045320 1.335113 0.887809
v 0.039759 0.125189 1.140354
v 0.000000 0.100181 1.143028
v -0.039759 0.125189 1.140354
v 0.043601 0.085919 1.127281
v 0.000000 0.057575 1.130502
v -0.043601 0.085919 1.127281
v 0.045320 0.071616 1.111664
v 0.000000 0.042147 1.115798
v -0.045320 0.071616 1.111664
v -0.106837 0.308523 1.035436
v -0.119146 0.487334 1.000924
v -0.123682 0.673665 0.964086
v -0.102861 0.319075 1.018143
v -0.114759 0.494592 0.981791
v -0.119146 0.680032 0.942105
v -0.092243 0.338187 1.003329
v -0.102861 0.504326 0.967184
v -0.106837 0.686515 0.926159
v -0.039759 0.343476 0.991016
v -0.043601 0.510878 0.952468
v -0.045320 0.694271 0.909188
v 0.000000 0.335307 0.991326
v 0.000000 0.509002 0.951203
v 0.000000 0.694920 0.907156
v 0.039759 0.343476 0.991016
v 0.043601 0.510878 0.952468
v 0.045320 0.694270 0.909188
v -0.045320 1.228431 0.533196
v -0.043601 1.265893 0.427454
v -0.039759 1.295469 0.352806
v 0.000000 1.228679 0.522034
v 0.000000 1.266447 0.411850
v 0.000000 1.296959 0.332616
v 0.045320 1.228431 0.533196
v 0.043601 1.265893 0.427454
v 0.039759 1.295469 0.352806
v -0.106837 1.225851 1.067738
v -0.102861 1.264746 1.062468
v -0.092243 1.294220 1.054793
v -0.119146 1.225204 1.005514
v -0.114759 1.264885 0.998082
v -0.102861 1.296246 0.990579
v -0.123682 1.224704 0.932082
v -0.119146 1.264764 0.917723
v -0.106837 1.297101 0.904476
v 0.092243 0.338187 1.003329
v 0.102861 0.504326 0.967184
v 0.106838 0.686515 0.926159
v 0.102861 0.319075 1.018143
v 0.114759 0.494592 0.981791
v 0.119147 0.680032 0.942105
v 0.106838 0.308523 1.035436
v 0.119147 0.487334 1.000924
v 0.123682 0.673665 0.964086
v -0.123682 1.225098 0.768462
v -0.119146 1.264886 0.722003
v -0.106837 1.297477 0.678320
v -0.119146 1.225962 0.689053
v -0.114759 1.265087 0.622567
v -0.102861 1.296872 0.563018
v -0.106837 1.226918 0.619761
v -0.102861 1.264965 0.537148
v -0.092243 1.294897 0.470844
v 0.123682 1.224704 0.932083
v 0.119147 1.264764 0.917723
v 0.106838 1.297101 0.904476
v 0.119147 1.225204 1.005514
v 0.114759 1.264885 0.998082
v 0.102861 1.296246 0.990579
v 0.106838 1.225851 1.067738
v 0.102861 1.264746 1.062468
v 0.092243 1.294220 1.054793
v 0.045320 1.226976 1.143432
v 0.043601 1.265604 1.137610
v 0.039759 1.294602 1.123180
v 0.000000 1.227172 1.152979
v 0.000000 1.266118 1.147052
v 0.000000 1.295970 1.131647
v -0.045320 1.226976 1.143432
v -0.043601 1.265604 1.137610
v -0.039759 1.294602 1.123180
v 0.107406 1.133582 0.763692
v 0.119773 1.130455 0.800135
v 0.124330 1.127393 0.845540
v 0.107406 1.069681 0.810527
v 0.119773 1.065111 0.837906
v 0.124330 1.060502 0.873813
v 0.107406 0.980113 0.848714
v 0.119773 0.974351 0.870575
v 0.124330 0.968447 0.900374
v -0.107405 1.123168 1.075010
v -0.119773 1.123114 1.019608
v -0.124330 1.123602 0.958855
v -0.107405 1.051879 1.079551
v -0.119773 1.052560 1.027562
v -0.124330 1.054022 0.971734
v -0.107405 0.955878 1.085620
v -0.119773 0.957265 1.037589
v -0.124330 0.959626 0.986604
v -0.045566 1.137825 0.721028
v 0.000000 1.138367 0.715677
v 0.045566 1.137825 0.721029
v -0.045566 1.075791 0.779731
v 0.000000 1.076571 0.775891
v 0.045566 1.075791 0.779731
v -0.045566 0.987754 0.824914
v 0.000000 0.988727 0.821961
v 0.045566 0.987753 0.824914
v -0.124330 1.127393 0.845540
v -0.119773 1.130455 0.800135
v -0.107405 1.133582 0.763692
v -0.124330 1.060502 0.873813
v -0.119773 1.065111 0.837906
v -0.107405 1.069681 0.810527
v -0.124330 0.968447 0.900374
v -0.119773 0.974351 0.870575
v -0.107405 0.980113 0.848714
v 0.045566 1.123619 1.145661
v 0.000000 1.123683 1.154624
v -0.045566 1.123620 1.145661
v 0.045566 1.051509 1.146675
v 0.000000 1.051470 1.155203
v -0.045566 1.051509 1.146675
v 0.045566 0.954697 1.148050
v 0.000000 0.954557 1.155989
v -0.045566 0.954697 1.148050
v 0.124330 1.123602 0.958855
v 0.119773 1.123114 1.019608
v 0.107406 1.123168 1.075010
v 0.124330 1.054022 0.971734
v 0.119773 1.052560 1.027562
v 0.107406 1.051879 1.079551
v 0.124330 0.959626 0.986604
v 0.119773 0.957265 1.037589
v 0.107406 0.955878 1.085620
v 0.106837 1.226918 0.619761
v 0.102861 1.264965 0.537148
v 0.092243 1.294897 0.470844
v 0.119147 1.225962 0.689053
v 0.114759 1.265087 0.622567
v 0.102861 1.296872 0.563018
v 0.123682 1.225098 0.768462
v 0.119147 1.264886 0.722003
v 0.106838 1.297477 0.678320
v -1.108478 0.322120 -0.101662
v -1.098506 0.482726 -0.112280
v -1.087276 0.660390 -0.116257
v -1.086640 0.308158 -0.112280
v -1.069144 0.479493 -0.124178
v -1.050604 0.661630 -0.128566
v -1.062248 0.303039 -0.116257
v -1.037647 0.479588 -0.128566
v -1.011792 0.664170 -0.133102
v -1.136137 0.322087 0.030340
v -1.136618 0.481568 0.034182
v -1.135044 0.658656 0.035901
v -1.139898 0.313687 -0.009419
v -1.141533 0.478857 -0.009419
v -1.141129 0.658123 -0.009419
v -1.136137 0.322087 -0.049179
v -1.136618 0.481569 -0.053021
v -1.135045 0.658656 -0.054740
v -1.062248 0.303039 0.097418
v -1.037646 0.479588 0.109727
v -1.011792 0.664170 0.114263
v -1.086640 0.308159 0.093442
v -1.069144 0.479493 0.105339
v -1.050604 0.661631 0.109727
v -1.108478 0.322121 0.082824
v -1.098506 0.482726 0.093442
v -1.087276 0.660390 0.097418
v -1.062924 0.073717 0.035901
v -1.068584 0.043814 -0.009419
v -1.062924 0.073717 -0.054740
v -1.046958 0.090712 0.034182
v -1.052667 0.061602 -0.009419
v -1.046958 0.090712 -0.053021
v -1.028385 0.133813 0.030340
v -1.033255 0.107955 -0.009419
v -1.028385 0.133813 -0.049179
v -0.603704 1.336203 -0.054740
v -0.596140 1.341073 -0.009419
v -0.603704 1.336203 0.035901
v -0.464892 1.334399 -0.053021
v -0.452557 1.339137 -0.009419
v -0.464892 1.334399 0.034182
v -0.361503 1.328355 -0.049179
v -0.343452 1.332578 -0.009419
v -0.361503 1.328355 0.030340
v -1.034390 1.326133 -0.049179
v -1.036916 1.330113 -0.009419
v -1.034390 1.326133 0.030340
v -0.966027 1.332488 -0.053021
v -0.965993 1.337038 -0.009419
v -0.966027 1.332488 0.034182
v -0.870642 1.335113 -0.054740
v -0.868640 1.339885 -0.009419
v -0.870642 1.335113 0.035901
v -1.123187 0.125189 0.030340
v -1.125861 0.100181 -0.009419
v -1.123187 0.125189 -0.049179
v -1.110114 0.085919 0.034182
v -1.113335 0.057575 -0.009419
v -1.110114 0.085919 -0.053021
v -1.094497 0.071616 0.035901
v -1.098630 0.042147 -0.009419
v -1.094497 0.071616 -0.054740
v -1.018269 0.308523 -0.116257
v -0.983757 0.487334 -0.128566
v -0.946919 0.673665 -0.133102
v -1.000976 0.319075 -0.112280
v -0.964624 0.494592 -0.124178
v -0.924938 0.680032 -0.128566
v -0.986162 0.338187 -0.101662
v -0.950017 0.504326 -0.112280
v -0.908992 0.686515 -0.116257
v -0.973849 0.343476 -0.049179
v -0.935301 0.510878 -0.053021
v -0.892021 0.694271 -0.054740
v -0.974159 0.335307 -0.009419
v -0.934036 0.509002 -0.009419
v -0.889989 0.694920 -0.009419
v -0.973849 0.343476 0.030340
v -0.935301 0.510878 0.034182
v -0.892021 0.694270 0.035901
v -0.516029 1.228431 -0.054740
v -0.410286 1.265893 -0.053021
v -0.335639 1.295469 -0.049179
v -0.504867 1.228679 -0.009419
v -0.394683 1.266447 -0.009419
v -0.315449 1.296959 -0.009419
v -0.516029 1.228431 0.035901
v -0.410286 1.265893 0.034182
v -0.335639 1.295469 0.030340
v -1.050571 1.225851 -0.116257
v -1.045301 1.264746 -0.112280
v -1.037626 1.294220 -0.101662
v -0.988347 1.225204 -0.128566
v -0.980915 1.264885 -0.124178
v -0.973412 1.296246 -0.112280
v -0.914915 1.224704 -0.133102
v -0.900556 1.264764 -0.128566
v -0.887309 1.297101 -0.116257
v -0.986162 0.338187 0.082824
v -0.950017 0.504326 0.093442
v -0.908992 0.686515 0.097418
v -1.000976 0.319075 0.093442
v -0.964624 0.494592 0.105339
v -0.924938 0.680032 0.109727
v -1.018269 0.308523 0.097418
v -0.983756 0.487334 0.109727
v -0.946919 0.673665 0.114263
v -0.751295 1.225098 -0.133102
v -0.704836 1.264886 -0.128566
v -0.661153 1.297477 -0.116257
v -0.671886 1.225962 -0.128566
v -0.605400 1.265087 -0.124178
v -0.545851 1.296872 -0.112280
v -0.602594 1.226918 -0.116257
v -0.519981 1.264965 -0.112280
v -0.453677 1.294897 -0.101662
v -0.914915 1.224704 0.114263
v -0.900556 1.264764 0.109727
v -0.887309 1.297101 0.097418
v -0.988347 1.225204 0.109727
v -0.980915 1.264885 0.105339
v -0.973412 1.296246 0.093442
v -1.050570 1.225851 0.097418
v -1.045301 1.264746 0.093442
v -1.037626 1.294220 0.082824
v -1.126265 1.226976 0.035901
v -1.120443 1.265604 0.034182
v -1.106013 1.294602 0.030340
v -1.135811 1.227172 -0.009419
v -1.129885 1.266118 -0.009419
v -1.114480 1.295970 -0.009419
v -1.126265 1.226976 -0.054740
v -1.120443 1.265604 -0.053021
v -1.106013 1.294602 -0.049179
v -0.746525 1.133582 0.097986
v -0.782968 1.130455 0.110354
v -0.828372 1.127393 0.114911
v -0.793360 1.069681 0.097986
v -0.820739 1.065111 0.110354
v -0.856646 1.060502 0.114911
v -0.831547 0.980113 0.097986
v -0.853408 0.974351 0.110354
v -0.883207 0.968447 0.114911
v -1.057843 1.123168 -0.116825
v -1.002441 1.123114 -0.129193
v -0.941688 1.123602 -0.133749
v -1.062383 1.051879 -0.116825
v -1.010395 1.052560 -0.129193
v -0.954567 1.054022 -0.133749
v -1.068452 0.955878 -0.116825
v -1.020422 0.957265 -0.129193
v -0.969437 0.959626 -0.133749
v -0.703861 1.137825 -0.054985
v -0.698510 1.138367 -0.009419
v -0.703861 1.137825 0.036147
v -0.762564 1.075791 -0.054985
v -0.758723 1.076571 -0.009419
v -0.762564 1.075791 0.036147
v -0.807747 0.987754 -0.054985
v -0.804794 0.988727 -0.009419
v -0.807747 0.987753 0.036147
v -0.828373 1.127393 -0.133749
v -0.782968 1.130455 -0.129193
v -0.746525 1.133582 -0.116825
v -0.856646 1.060502 -0.133749
v -0.820739 1.065111 -0.129193
v -0.793360 1.069681 -0.116825
v -0.883207 0.968447 -0.133749
v -0.853408 0.974351 -0.129193
v -0.831547 0.980113 -0.116825
v -1.128494 1.123619 0.036147
v -1.137456 1.123683 -0.009419
v -1.128494 1.123620 -0.054985
v -1.129507 1.051509 0.036147
v -1.138035 1.051470 -0.009419
v -1.129507 1.051509 -0.054985
v -1.130883 0.954697 0.036147
v -1.138822 0.954557 -0.009419
v -1.130883 0.954697 -0.054985
v -0.941687 1.123602 0.114911
v -1.002441 1.123114 0.110354
v -1.057843 1.123168 0.097986
v -0.954567 1.054022 0.114911
v -1.010395 1.052560 0.110354
v -1.062383 1.051879 0.097986
v -0.969437 0.959626 0.114911
v -1.020422 0.957265 0.110354
v -1.068452 0.955878 0.097986
v -0.602594 1.226918 0.097418
v -0.519981 1.264965 0.093441
v -0.453677 1.294897 0.082824
v -0.671886 1.225962 0.109727
v -0.605400 1.265087 0.105339
v -0.545851 1.296872 0.093442
v -0.751295 1.225098 0.114263
v -0.704836 1.264886 0.109727
v -0.661153 1.297477 0.097418
vn -0.3812 -0.9221 0.0666
vn -0.3812 0.9221 0.0666
vn -0.3812 -0.9221 -0.0666
vn -0.3812 0.9221 -0.0666
vn -0.1150 -0.9908 0.0716
vn -0.3317 -0.9205 0.2066
vn -0.3317 0.9205 0.2066
vn -0.1150 0.9908 0.0716
vn -0.1152 0.9931 0.0231
vn -0.1152 0.9931 -0.0231
vn -0.1150 0.9908 -0.0716
vn -0.3317 0.9205 -0.2066
vn -0.3317 -0.9205 -0.2066
vn -0.1150 -0.9908 -0.0716
vn -0.1152 -0.9931 -0.0231
vn -0.1152 -0.9931 0.0231
vn -0.0666 -0.9221 -0.3811
vn -0.0666 0.9221 -0.3811
vn 0.0666 -0.9221 -0.3811
vn 0.0666 0.9221 -0.3811
vn -0.0716 -0.9908 -0.1149
vn -0.2067 -0.9205 -0.3316
vn -0.2067 0.9205 -0.3316
vn -0.0716 0.9908 -0.1149
vn -0.0231 0.9931 -0.1151
vn 0.0231 0.9931 -0.1151
vn 0.0716 0.9908 -0.1149
vn 0.2067 0.9205 -0.3316
vn 0.2067 -0.9205 -0.3316
vn 0.0716 -0.9908 -0.1149
vn 0.0231 -0.9931 -0.1151
vn -0.0231 -0.9931 -0.1151
vn 0.3812 -0.9221 -0.0666
vn 0.3812 0.9221 -0.0666
vn 0.3812 -0.9221 0.0666
vn 0.3812 0.9221 0.0666
vn 0.1150 -0.9908 -0.0716
vn 0.3317 -0.9205 -0.2066
vn 0.3317 0.9205 -0.2066
vn 0.1150 0.9908 -0.0716
vn 0.1152 0.9931 -0.0231
vn 0.1152 0.9931 0.0231
vn 0.1150 0.9908 0.0716
vn 0.3317 0.9205 0.2066
vn 0.3317 -0.9205 0.2066
vn 0.1150 -0.9908 0.0716
vn 0.1152 -0.9931 0.0231
vn 0.1152 -0.9931 -0.0231
vn 0.0666 -0.9221 0.3811
vn 0.0666 0.9221 0.3811
vn -0.0666 -0.9221 0.3811
vn -0.0666 0.9221 0.3811
vn 0.0716 -0.9908 0.1149
vn 0.2067 -0.9205 0.3316
vn 0.2067 0.9205 0.3316
vn 0.0716 0.9908 0.1149
vn 0.0231 0.9931 0.1151
vn -0.0231 0.9931 0.1151
vn -0.0716 0.9908 0.1149
vn -0.2067 0.9205 0.3316
vn -0.2067 -0.9205 0.3316
vn -0.0716 -0.9908 0.1149
vn -0.0231 -0.9931 0.1151
vn 0.0231 -0.9931 0.1151
vn -0.0126 -0.9998 -0.0126
vn 0.0126 -0.9998 -0.0126
vn -0.0126 -0.9998 0.0126
vn 0.0126 -0.9998 0.0126
vn -0.0449 -0.9980 -0.0449
vn -0.0145 -0.9989 -0.0450
vn 0.0145 -0.9989 -0.0450
vn 0.0449 -0.9980 -0.0449
vn 0.0450 -0.9989 -0.0145
vn 0.0450 -0.9989 0.0145
vn 0.0449 -0.9980 0.0449
vn 0.0145 -0.9989 0.0450
vn -0.0145 -0.9989 0.0450
vn -0.0449 -0.9980 0.0449
vn -0.0450 -0.9989 0.0145
vn -0.0450 -0.9989 -0.0145
vn 0.0126 0.9998 -0.0126
vn -0.0126 0.9998 -0.0126
vn 0.0126 0.9998 0.0126
vn -0.0126 0.9998 0.0126
vn 0.0449 0.9980 -0.0449
vn 0.0145 0.9989 -0.0450
vn -0.0145 0.9989 -0.0450
vn -0.0449 0.9980 -0.0449
vn -0.0450 0.9989 -0.0145
vn -0.0450 0.9989 0.0145
vn -0.0449 0.9980 0.0449
vn -0.0145 0.9989 0.0450
vn 0.0145 0.9989 0.0450
vn 0.0449 0.9980 0.0449
vn 0.0450 0.9989 0.0145
vn 0.0450 0.9989 -0.0145
vn 0.4102 -0.0279 0.9116
vn 0.3440 0.0066 0.9389
vn 0.1523 -0.0503 0.9871
vn 0.1256 -0.0089 0.9920
vn 0.7842 -0.0517 0.6183
vn 0.7320 -0.0086 0.6812
vn 0.6635 0.0159 0.7480
vn 0.5994 0.0265 0.8000
vn 0.2964 0.0211 0.9548
vn 0.1078 0.0093 0.9941
vn 0.0165 -0.0012 0.9999
vn 0.0171 -0.0219 0.9996
vn 0.0169 -0.0668 0.9976
vn 0.0192 -0.1618 0.9866
vn 0.2097 -0.1369 0.9681
vn 0.5214 -0.0960 0.8479
vn 0.9945 -0.0077 -0.1045
vn 0.9924 0.0049 -0.1226
vn 0.9945 -0.0077 0.1045
vn 0.9924 0.0049 0.1226
vn 0.9536 -0.0308 -0.2996
vn 0.9375 -0.0041 -0.3479
vn 0.9136 0.0120 -0.4064
vn 0.8849 0.0197 -0.4653
vn 0.9896 0.0104 -0.1438
vn 0.9896 0.0104 0.1438
vn 0.8849 0.0197 0.4653
vn 0.9136 0.0120 0.4064
vn 0.9375 -0.0042 0.3479
vn 0.9536 -0.0308 0.2996
vn 0.9946 -0.0362 0.0975
vn 0.9946 -0.0362 -0.0975
vn 0.1523 -0.0503 -0.9871
vn 0.1256 -0.0089 -0.9920
vn 0.4102 -0.0279 -0.9116
vn 0.3440 0.0066 -0.9389
vn 0.0192 -0.1618 -0.9866
vn 0.0169 -0.0668 -0.9976
vn 0.0171 -0.0219 -0.9996
vn 0.0165 -0.0013 -0.9999
vn 0.1078 0.0093 -0.9941
vn 0.2964 0.0211 -0.9548
vn 0.5994 0.0266 -0.8000
vn 0.6635 0.0159 -0.7480
vn 0.7320 -0.0086 -0.6812
vn 0.7842 -0.0517 -0.6183
vn 0.5214 -0.0960 -0.8479
vn 0.2097 -0.1369 -0.9681
vn -0.7045 -0.6295 -0.3277
vn -0.7045 -0.6295 0.3277
vn -0.9140 -0.3823 -0.1361
vn -0.9140 -0.3823 0.1361
vn -0.1064 -0.4016 -0.9096
vn -0.1887 -0.8308 -0.5236
vn -0.1886 -0.8308 0.5236
vn -0.1063 -0.4016 0.9096
vn -0.5154 -0.4130 0.7509
vn -0.8549 -0.3355 0.3957
vn -0.9432 -0.2724 0.1902
vn -0.9590 -0.2766 0.0620
vn -0.9590 -0.2766 -0.0620
vn -0.9432 -0.2724 -0.1902
vn -0.8549 -0.3355 -0.3957
vn -0.5154 -0.4130 -0.7509
vn -0.0138 0.9938 0.1105
vn -0.0138 0.9938 -0.1105
vn -0.0610 0.9898 0.1286
vn -0.0610 0.9898 -0.1286
vn 0.0008 0.9327 0.3608
vn 0.0019 0.9944 0.1061
vn 0.0019 0.9944 -0.1061
vn 0.0008 0.9327 -0.3608
vn -0.0178 0.9268 -0.3750
vn -0.0720 0.9007 -0.4284
vn -0.2239 0.7881 -0.5735
vn -0.2536 0.9423 -0.2186
vn -0.2536 0.9423 0.2186
vn -0.2239 0.7881 0.5735
vn -0.0720 0.9007 0.4284
vn -0.0178 0.9268 0.3750
vn 0.0972 0.9898 0.1042
vn 0.0972 0.9898 -0.1042
vn 0.0292 0.9942 0.1036
vn 0.0292 0.9942 -0.1036
vn 0.2476 0.9106 0.3308
vn 0.2606 0.9589 0.1121
vn 0.2606 0.9589 -0.1121
vn 0.2476 0.9106 -0.3308
vn 0.1064 0.9321 -0.3463
vn 0.0320 0.9358 -0.3512
vn 0.0064 0.9343 -0.3565
vn 0.0069 0.9945 -0.1048
vn 0.0069 0.9945 0.1048
vn 0.0064 0.9343 0.3565
vn 0.0320 0.9358 0.3512
vn 0.1064 0.9321 0.3463
vn 0.9287 -0.2789 -0.2442
vn 0.9288 -0.2789 0.2442
vn 0.6358 -0.6220 -0.4570
vn 0.6358 -0.6220 0.4570
vn 0.9104 -0.1078 -0.3995
vn 0.9852 -0.1104 -0.1313
vn 0.9852 -0.1104 0.1313
vn 0.9104 -0.1078 0.3995
vn 0.7374 -0.2044 0.6437
vn 0.3613 -0.3267 0.8734
vn 0.0352 -0.3852 0.9222
vn 0.0816 -0.8310 0.5502
vn 0.0816 -0.8310 -0.5502
vn 0.0352 -0.3852 -0.9222
vn 0.3613 -0.3267 -0.8734
vn 0.7374 -0.2044 -0.6437
vn -0.2779 -0.1207 0.9530
vn -0.2341 -0.0715 0.9696
vn -0.7095 -0.1952 0.6771
vn -0.6643 -0.1624 0.7296
vn -0.0627 -0.1742 0.9827
vn -0.0419 -0.0765 0.9962
vn -0.0296 -0.0299 0.9991
vn -0.0221 -0.0081 0.9997
vn -0.1999 -0.0472 0.9787
vn -0.6123 -0.1469 0.7769
vn -0.8959 -0.2234 0.3840
vn -0.9138 -0.2158 0.3441
vn -0.9224 -0.2223 0.3159
vn -0.9222 -0.2408 0.3026
vn -0.7653 -0.2535 0.5916
vn -0.3552 -0.2192 0.9087
vn -0.9736 -0.2250 0.0383
vn -0.9724 -0.2301 0.0392
vn -0.9736 -0.2250 -0.0383
vn -0.9724 -0.2301 -0.0392
vn -0.9643 -0.2335 0.1253
vn -0.9655 -0.2250 0.1309
vn -0.9639 -0.2276 0.1384
vn -0.9572 -0.2453 0.1536
vn -0.9670 -0.2512 0.0429
vn -0.9670 -0.2512 -0.0429
vn -0.9572 -0.2453 -0.1536
vn -0.9639 -0.2276 -0.1384
vn -0.9655 -0.2250 -0.1309
vn -0.9643 -0.2335 -0.1253
vn -0.9712 -0.2349 -0.0407
vn -0.9712 -0.2349 0.0407
vn -0.3283 -0.9402 0.0903
vn -0.3634 -0.9220 0.1334
vn -0.3283 -0.9402 -0.0903
vn -0.3634 -0.9220 -0.1334
vn -0.3773 -0.8881 0.2626
vn -0.3357 -0.8819 0.3309
vn -0.3655 -0.8052 0.4670
vn -0.5042 -0.4437 0.7409
vn -0.6707 -0.6666 0.3252
vn -0.6707 -0.6666 -0.3252
vn -0.5042 -0.4437 -0.7409
vn -0.3655 -0.8052 -0.4670
vn -0.3357 -0.8819 -0.3309
vn -0.3773 -0.8881 -0.2626
vn -0.3672 -0.9275 -0.0704
vn -0.3672 -0.9275 0.0704
vn 0.1856 0.1336 0.9735
vn 0.1658 0.3784 0.9107
vn 0.0570 0.1264 0.9903
vn 0.0483 0.3685 0.9284
vn 0.4596 0.0377 0.8873
vn 0.4425 0.1429 0.8853
vn 0.4019 0.3951 0.8260
vn 0.3060 0.6952 0.6505
vn 0.1334 0.7218 0.6791
vn 0.0392 0.7188 0.6941
vn 0.0056 0.7110 0.7032
vn 0.0058 0.3581 0.9337
vn 0.0071 0.1164 0.9932
vn 0.0087 0.0177 0.9998
vn 0.0647 0.0281 0.9975
vn 0.1994 0.0351 0.9793
vn -0.7095 -0.1952 -0.6771
vn -0.6643 -0.1624 -0.7296
vn -0.2778 -0.1207 -0.9530
vn -0.2341 -0.0715 -0.9696
vn -0.9222 -0.2408 -0.3027
vn -0.9224 -0.2223 -0.3158
vn -0.9138 -0.2158 -0.3441
vn -0.8959 -0.2234 -0.3840
vn -0.6123 -0.1469 -0.7769
vn -0.2000 -0.0472 -0.9787
vn -0.0221 -0.0081 -0.9997
vn -0.0296 -0.0299 -0.9991
vn -0.0419 -0.0765 -0.9962
vn -0.0627 -0.1742 -0.9827
vn -0.3552 -0.2192 -0.9087
vn -0.7653 -0.2535 -0.5916
vn -0.0495 0.0419 0.9979
vn -0.0377 0.2982 0.9538
vn -0.1528 -0.1900 0.9698
vn -0.1263 0.1024 0.9867
vn -0.0086 0.0077 0.9999
vn -0.0064 0.1073 0.9942
vn -0.0044 0.3498 0.9368
vn -0.0017 0.7051 0.7091
vn -0.0269 0.6796 0.7331
vn -0.0990 0.5734 0.8133
vn -0.2562 0.2020 0.9453
vn -0.2819 -0.3708 0.8849
vn -0.2914 -0.6199 0.7286
vn -0.3464 -0.6996 0.6249
vn -0.1988 -0.3092 0.9300
vn -0.0662 -0.0630 0.9958
vn 0.0570 0.1264 -0.9903
vn 0.0483 0.3685 -0.9284
vn 0.1856 0.1336 -0.9735
vn 0.1658 0.3784 -0.9107
vn 0.0087 0.0177 -0.9998
vn 0.0071 0.1164 -0.9932
vn 0.0058 0.3581 -0.9337
vn 0.0056 0.7110 -0.7032
vn 0.0392 0.7188 -0.6941
vn 0.1334 0.7218 -0.6791
vn 0.3060 0.6952 -0.6505
vn 0.4019 0.3951 -0.8260
vn 0.4425 0.1429 -0.8853
vn 0.4596 0.0377 -0.8873
vn 0.1994 0.0351 -0.9793
vn 0.0647 0.0281 -0.9975
vn 0.9665 0.1510 -0.2076
vn 0.8692 0.4535 -0.1970
vn 0.9665 0.1510 0.2076
vn 0.8692 0.4535 0.1970
vn 0.7990 0.0349 -0.6003
vn 0.7810 0.1526 -0.6056
vn 0.7042 0.4309 -0.5644
vn 0.5255 0.7373 -0.4246
vn 0.5750 0.8044 -0.1498
vn 0.5750 0.8044 0.1497
vn 0.5255 0.7373 0.4246
vn 0.7042 0.4309 0.5644
vn 0.7810 0.1526 0.6056
vn 0.7990 0.0349 0.6003
vn 0.9788 0.0277 0.2031
vn 0.9788 0.0277 -0.2031
vn -0.3759 -0.2461 -0.8934
vn -0.1166 -0.0583 -0.9915
vn -0.4719 -0.1854 -0.8619
vn -0.1446 -0.0468 -0.9884
vn -0.4738 -0.6636 -0.5789
vn -0.2766 -0.3078 -0.9104
vn -0.0893 -0.0721 -0.9934
vn -0.0111 -0.0059 -0.9999
vn -0.0135 -0.0048 -0.9999
vn -0.0160 -0.0041 -0.9999
vn -0.0185 -0.0039 -0.9998
vn -0.1715 -0.0421 -0.9843
vn -0.5498 -0.1523 -0.8213
vn -0.8615 -0.2599 -0.4361
vn -0.7899 -0.3578 -0.4980
vn -0.6519 -0.5199 -0.5520
vn 0.2245 0.0198 0.9743
vn 0.0781 0.0116 0.9969
vn 0.2404 0.0202 0.9705
vn 0.0854 0.0112 0.9963
vn 0.4742 0.0232 0.8801
vn 0.2116 0.0204 0.9771
vn 0.0714 0.0129 0.9974
vn 0.0102 0.0033 0.9999
vn 0.0116 0.0027 0.9999
vn 0.0131 0.0025 0.9999
vn 0.0148 0.0025 0.9999
vn 0.0947 0.0117 0.9954
vn 0.2628 0.0218 0.9646
vn 0.5495 0.0265 0.8351
vn 0.5152 0.0247 0.8567
vn 0.4916 0.0236 0.8705
vn -0.7199 -0.6913 0.0626
vn -0.7199 -0.6913 -0.0626
vn -0.8862 -0.4598 0.0572
vn -0.8862 -0.4598 -0.0572
vn -0.5106 -0.8266 0.2367
vn -0.4987 -0.8644 0.0633
vn -0.4987 -0.8644 -0.0633
vn -0.5106 -0.8266 -0.2367
vn -0.7218 -0.6530 -0.2293
vn -0.8764 -0.4351 -0.2063
vn -0.9378 -0.2987 -0.1771
vn -0.9493 -0.3105 -0.0493
vn -0.9493 -0.3105 0.0493
vn -0.9378 -0.2987 0.1771
vn -0.8764 -0.4351 0.2063
vn -0.7218 -0.6530 0.2293
vn -0.1166 -0.0582 0.9915
vn -0.3759 -0.2461 0.8934
vn -0.1446 -0.0468 0.9884
vn -0.4719 -0.1854 0.8619
vn -0.0111 -0.0059 0.9999
vn -0.0893 -0.0721 0.9934
vn -0.2766 -0.3078 0.9104
vn -0.4738 -0.6636 0.5789
vn -0.6519 -0.5199 0.5520
vn -0.7899 -0.3578 0.4980
vn -0.8615 -0.2599 0.4361
vn -0.5498 -0.1523 0.8213
vn -0.1714 -0.0421 0.9843
vn -0.0185 -0.0039 0.9998
vn -0.0160 -0.0041 0.9999
vn -0.0135 -0.0048 0.9999
vn 0.9820 0.0108 -0.1885
vn 0.9820 0.0108 0.1885
vn 0.9840 0.0110 -0.1778
vn 0.9840 0.0110 0.1778
vn 0.8091 0.0188 -0.5873
vn 0.9804 0.0109 -0.1965
vn 0.9804 0.0109 0.1965
vn 0.8091 0.0188 0.5873
vn 0.8210 0.0190 0.5706
vn 0.8367 0.0196 0.5473
vn 0.8579 0.0204 0.5134
vn 0.9865 0.0112 0.1631
vn 0.9865 0.0112 -0.1631
vn 0.8579 0.0204 -0.5134
vn 0.8367 0.0196 -0.5473
vn 0.8210 0.0190 -0.5706
vn 0.0781 0.0116 -0.9969
vn 0.2245 0.0198 -0.9743
vn 0.0854 0.0112 -0.9963
vn 0.2404 0.0202 -0.9705
vn 0.0102 0.0033 -0.9999
vn 0.0715 0.0129 -0.9974
vn 0.2116 0.0204 -0.9771
vn 0.4742 0.0232 -0.8801
vn 0.4916 0.0236 -0.8705
vn 0.5152 0.0247 -0.8567
vn 0.5495 0.0265 -0.8351
vn 0.2628 0.0218 -0.9646
vn 0.0947 0.0117 -0.9954
vn 0.0148 0.0025 -0.9999
vn 0.0131 0.0025 -0.9999
vn 0.0116 0.0027 -0.9999
vn -0.1528 -0.1900 -0.9698
vn -0.1263 0.1024 -0.9867
vn -0.0495 0.0419 -0.9979
vn -0.0377 0.2982 -0.9538
vn -0.3464 -0.6996 -0.6249
vn -0.2914 -0.6199 -0.7286
vn -0.2819 -0.3708 -0.8849
vn -0.2562 0.2020 -0.9453
vn -0.0990 0.5734 -0.8132
vn -0.0269 0.6796 -0.7331
vn -0.0017 0.7051 -0.7091
vn -0.0044 0.3498 -0.9368
vn -0.0064 0.1073 -0.9942
vn -0.0086 0.0077 -0.9999
vn -0.0662 -0.0630 -0.9958
vn -0.1988 -0.3092 -0.9300
vn 0.9116 -0.0279 -0.4102
vn 0.9389 0.0066 -0.3440
vn 0.9871 -0.0503 -0.1523
vn 0.9920 -0.0089 -0.1256
vn 0.6183 -0.0517 -0.7842
vn 0.6812 -0.0086 -0.7320
vn 0.7480 0.0159 -0.6635
vn 0.8000 0.0265 -0.5994
vn 0.9548 0.0211 -0.2964
vn 0.9941 0.0093 -0.1078
vn 0.9999 -0.0013 -0.0165
vn 0.9996 -0.0219 -0.0171
vn 0.9976 -0.0668 -0.0169
vn 0.9866 -0.1618 -0.0192
vn 0.9681 -0.1369 -0.2097
vn 0.8479 -0.0960 -0.5214
vn -0.1045 -0.0077 -0.9945
vn -0.1226 0.0049 -0.9924
vn 0.1045 -0.0077 -0.9945
vn 0.1226 0.0049 -0.9924
vn -0.2996 -0.0308 -0.9536
vn -0.3479 -0.0042 -0.9375
vn -0.4064 0.0120 -0.9136
vn -0.4653 0.0197 -0.8849
vn -0.1438 0.0104 -0.9895
vn 0.1438 0.0104 -0.9895
vn 0.4653 0.0197 -0.8849
vn 0.4064 0.0120 -0.9136
vn 0.3479 -0.0042 -0.9375
vn 0.2996 -0.0308 -0.9536
vn 0.0975 -0.0362 -0.9946
vn -0.0975 -0.0362 -0.9946
vn -0.9871 -0.0503 -0.1522
vn -0.9920 -0.0089 -0.1256
vn -0.9116 -0.0279 -0.4102
vn -0.9389 0.0066 -0.3440
vn -0.9866 -0.1618 -0.0192
vn -0.9976 -0.0668 -0.0169
vn -0.9996 -0.0219 -0.0171
vn -0.9999 -0.0013 -0.0165
vn -0.9941 0.0093 -0.1078
vn -0.9548 0.0211 -0.2964
vn -0.8000 0.0265 -0.5994
vn -0.7480 0.0159 -0.6635
vn -0.6812 -0.0086 -0.7320
vn -0.6183 -0.0517 -0.7843
vn -0.8479 -0.0960 -0.5214
vn -0.9681 -0.1370 -0.2097
vn -0.3277 -0.6295 0.7045
vn 0.3277 -0.6295 0.7045
vn -0.1361 -0.3823 0.9140
vn 0.1361 -0.3823 0.9140
vn -0.9096 -0.4016 0.1064
vn -0.5236 -0.8308 0.1887
vn 0.5236 -0.8308 0.1886
vn 0.9096 -0.4016 0.1063
vn 0.7508 -0.4130 0.5154
vn 0.3957 -0.3355 0.8549
vn 0.1902 -0.2724 0.9432
vn 0.0620 -0.2766 0.9590
vn -0.0620 -0.2766 0.9590
vn -0.1902 -0.2724 0.9432
vn -0.3957 -0.3355 0.8549
vn -0.7509 -0.4130 0.5154
vn 0.1105 0.9938 0.0138
vn -0.1105 0.9938 0.0138
vn 0.1286 0.9898 0.0610
vn -0.1286 0.9898 0.0610
vn 0.3608 0.9327 -0.0008
vn 0.1061 0.9944 -0.0019
vn -0.1061 0.9944 -0.0019
vn -0.3608 0.9327 -0.0008
vn -0.3750 0.9268 0.0178
vn -0.4284 0.9007 0.0720
vn -0.5734 0.7881 0.2239
vn -0.2186 0.9423 0.2536
vn 0.2186 0.9423 0.2536
vn 0.5734 0.7881 0.2238
vn 0.4284 0.9007 0.0720
vn 0.3750 0.9268 0.0178
vn 0.1042 0.9898 -0.0972
vn -0.1042 0.9898 -0.0972
vn 0.1036 0.9942 -0.0291
vn -0.1036 0.9942 -0.0291
vn 0.3308 0.9107 -0.2476
vn 0.1121 0.9589 -0.2606
vn -0.1121 0.9589 -0.2606
vn -0.3308 0.9107 -0.2476
vn -0.3463 0.9321 -0.1064
vn -0.3512 0.9358 -0.0320
vn -0.3565 0.9343 -0.0064
vn -0.1048 0.9945 -0.0069
vn 0.1048 0.9945 -0.0069
vn 0.3565 0.9343 -0.0064
vn 0.3512 0.9358 -0.0320
vn 0.3462 0.9321 -0.1064
vn -0.2442 -0.2789 -0.9287
vn 0.2442 -0.2789 -0.9287
vn -0.4570 -0.6220 -0.6358
vn 0.4570 -0.6220 -0.6358
vn -0.3995 -0.1078 -0.9104
vn -0.1313 -0.1104 -0.9852
vn 0.1313 -0.1104 -0.9852
vn 0.3995 -0.1078 -0.9104
vn 0.6437 -0.2044 -0.7374
vn 0.8734 -0.3267 -0.3613
vn 0.9222 -0.3852 -0.0352
vn 0.5502 -0.8310 -0.0816
vn -0.5502 -0.8310 -0.0816
vn -0.9222 -0.3852 -0.0352
vn -0.8734 -0.3267 -0.3613
vn -0.6437 -0.2044 -0.7374
vn 0.9530 -0.1207 0.2779
vn 0.9696 -0.0715 0.2341
vn 0.6771 -0.1952 0.7095
vn 0.7296 -0.1624 0.6643
vn 0.9827 -0.1742 0.0627
vn 0.9962 -0.0765 0.0419
vn 0.9991 -0.0299 0.0296
vn 0.9997 -0.0081 0.0221
vn 0.9787 -0.0472 0.1999
vn 0.7768 -0.1469 0.6123
vn 0.3840 -0.2234 0.8959
vn 0.3442 -0.2158 0.9138
vn 0.3159 -0.2223 0.9224
vn 0.3026 -0.2408 0.9222
vn 0.5916 -0.2535 0.7653
vn 0.9087 -0.2192 0.3552
vn 0.0383 -0.2250 0.9736
vn 0.0392 -0.2301 0.9724
vn -0.0383 -0.2250 0.9736
vn -0.0392 -0.2301 0.9724
vn 0.1253 -0.2335 0.9643
vn 0.1309 -0.2250 0.9655
vn 0.1384 -0.2276 0.9639
vn 0.1536 -0.2453 0.9572
vn 0.0429 -0.2512 0.9670
vn -0.0429 -0.2512 0.9670
vn -0.1536 -0.2453 0.9572
vn -0.1384 -0.2276 0.9639
vn -0.1309 -0.2250 0.9655
vn -0.1253 -0.2335 0.9642
vn -0.0406 -0.2349 0.9712
vn 0.0406 -0.2349 0.9712
vn 0.0903 -0.9402 0.3283
vn 0.1334 -0.9220 0.3634
vn -0.0903 -0.9402 0.3283
vn -0.1334 -0.9220 0.3634
vn 0.2626 -0.8881 0.3773
vn 0.3309 -0.8819 0.3357
vn 0.4670 -0.8052 0.3655
vn 0.7409 -0.4437 0.5042
vn 0.3252 -0.6666 0.6707
vn -0.3252 -0.6666 0.6707
vn -0.7409 -0.4437 0.5042
vn -0.4670 -0.8052 0.3655
vn -0.3309 -0.8819 0.3357
vn -0.2626 -0.8881 0.3773
vn -0.0704 -0.9275 0.3672
vn 0.0704 -0.9275 0.3672
vn 0.9735 0.1336 -0.1856
vn 0.9107 0.3784 -0.1658
vn 0.9903 0.1264 -0.0569
vn 0.9284 0.3685 -0.0483
vn 0.8873 0.0377 -0.4596
vn 0.8853 0.1429 -0.4425
vn 0.8260 0.3951 -0.4019
vn 0.6505 0.6952 -0.3060
vn 0.6791 0.7218 -0.1334
vn 0.6941 0.7188 -0.0392
vn 0.7032 0.7110 -0.0056
vn 0.9337 0.3581 -0.0058
vn 0.9932 0.1164 -0.0071
vn 0.9998 0.0177 -0.0087
vn 0.9975 0.0281 -0.0647
vn 0.9793 0.0351 -0.1994
vn -0.6771 -0.1952 0.7095
vn -0.7296 -0.1624 0.6643
vn -0.9530 -0.1207 0.2778
vn -0.9696 -0.0715 0.2341
vn -0.3026 -0.2408 0.9222
vn -0.3158 -0.2223 0.9224
vn -0.3442 -0.2158 0.9138
vn -0.3840 -0.2234 0.8959
vn -0.7768 -0.1469 0.6123
vn -0.9787 -0.0472 0.1999
vn -0.9997 -0.0081 0.0221
vn -0.9991 -0.0299 0.0296
vn -0.9962 -0.0765 0.0419
vn -0.9827 -0.1742 0.0627
vn -0.9087 -0.2192 0.3552
vn -0.5916 -0.2535 0.7653
vn 0.9979 0.0419 0.0495
vn 0.9538 0.2982 0.0377
vn 0.9698 -0.1900 0.1528
vn 0.9867 0.1024 0.1263
vn 0.9999 0.0077 0.0086
vn 0.9942 0.1073 0.0064
vn 0.9368 0.3498 0.0044
vn 0.7091 0.7051 0.0017
vn 0.7331 0.6796 0.0269
vn 0.8133 0.5734 0.0990
vn 0.9453 0.2020 0.2562
vn 0.8849 -0.3708 0.2819
vn 0.7286 -0.6199 0.2914
vn 0.6249 -0.6996 0.3464
vn 0.9300 -0.3092 0.1988
vn 0.9958 -0.0629 0.0662
vn -0.9903 0.1264 -0.0569
vn -0.9284 0.3685 -0.0483
vn -0.9735 0.1336 -0.1856
vn -0.9107 0.3784 -0.1658
vn -0.9998 0.0177 -0.0087
vn -0.9932 0.1164 -0.0071
vn -0.9337 0.3581 -0.0058
vn -0.7032 0.7110 -0.0056
vn -0.6941 0.7189 -0.0391
vn -0.6791 0.7218 -0.1334
vn -0.6505 0.6952 -0.3060
vn -0.8260 0.3951 -0.4019
vn -0.8853 0.1428 -0.4426
vn -0.8873 0.0377 -0.4596
vn -0.9793 0.0351 -0.1994
vn -0.9975 0.0281 -0.0647
vn -0.2076 0.1510 -0.9665
vn -0.1970 0.4535 -0.8692
vn 0.2076 0.1510 -0.9665
vn 0.1970 0.4535 -0.8692
vn -0.6003 0.0349 -0.7990
vn -0.6056 0.1526 -0.7810
vn -0.5644 0.4309 -0.7042
vn -0.4246 0.7373 -0.5255
vn -0.1497 0.8044 -0.5750
vn 0.1497 0.8044 -0.5750
vn 0.4246 0.7373 -0.5255
vn 0.5644 0.4309 -0.7042
vn 0.6056 0.1526 -0.7810
vn 0.6003 0.0349 -0.7990
vn 0.2031 0.0277 -0.9788
vn -0.2031 0.0277 -0.9788
vn -0.8934 -0.2461 0.3759
vn -0.9915 -0.0582 0.1166
vn -0.8619 -0.1854 0.4719
vn -0.9884 -0.0468 0.1446
vn -0.5789 -0.6636 0.4738
vn -0.9104 -0.3078 0.2766
vn -0.9934 -0.0721 0.0893
vn -0.9999 -0.0059 0.0111
vn -0.9999 -0.0048 0.0135
vn -0.9999 -0.0041 0.0160
vn -0.9998 -0.0039 0.0185
vn -0.9843 -0.0421 0.1715
vn -0.8213 -0.1523 0.5498
vn -0.4361 -0.2599 0.8615
vn -0.4980 -0.3578 0.7899
vn -0.5520 -0.5199 0.6519
vn 0.9743 0.0198 -0.2245
vn 0.9969 0.0116 -0.0781
vn 0.9705 0.0202 -0.2404
vn 0.9963 0.0112 -0.0854
vn 0.8801 0.0232 -0.4742
vn 0.9771 0.0204 -0.2116
vn 0.9974 0.0129 -0.0714
vn 0.9999 0.0033 -0.0102
vn 0.9999 0.0027 -0.0116
vn 0.9999 0.0025 -0.0131
vn 0.9999 0.0025 -0.0148
vn 0.9954 0.0117 -0.0947
vn 0.9646 0.0218 -0.2628
vn 0.8351 0.0265 -0.5495
vn 0.8567 0.0247 -0.5152
vn 0.8705 0.0236 -0.4916
vn 0.0626 -0.6913 0.7199
vn -0.0626 -0.6913 0.7199
vn 0.0572 -0.4598 0.8862
vn -0.0572 -0.4598 0.8862
vn 0.2367 -0.8266 0.5106
vn 0.0633 -0.8644 0.4987
vn -0.0633 -0.8644 0.4987
vn -0.2367 -0.8266 0.5106
vn -0.2293 -0.6530 0.7218
vn -0.2063 -0.4351 0.8764
vn -0.1771 -0.2987 0.9378
vn -0.0493 -0.3105 0.9493
vn 0.0493 -0.3105 0.9493
vn 0.1771 -0.2987 0.9378
vn 0.2063 -0.4351 0.8764
vn 0.2293 -0.6530 0.7218
vn 0.9915 -0.0582 0.1166
vn 0.8934 -0.2461 0.3759
vn 0.9884 -0.0468 0.1446
vn 0.8619 -0.1854 0.4719
vn 0.9999 -0.0059 0.0111
vn 0.9934 -0.0721 0.0893
vn 0.9104 -0.3078 0.2766
vn 0.5789 -0.6636 0.4738
vn 0.5520 -0.5199 0.6519
vn 0.4980 -0.3578 0.7899
vn 0.4361 -0.2599 0.8615
vn 0.8213 -0.1524 0.5498
vn 0.9843 -0.0421 0.1714
vn 0.9998 -0.0039 0.0185
vn 0.9999 -0.0041 0.0160
vn 0.9999 -0.0048 0.0135
vn -0.1885 0.0108 -0.9820
vn 0.1885 0.0108 -0.9820
vn -0.1778 0.0110 -0.9840
vn 0.1778 0.0110 -0.9840
vn -0.5873 0.0188 -0.8091
vn -0.1965 0.0109 -0.9804
vn 0.1965 0.0109 -0.9804
vn 0.5873 0.0188 -0.8091
vn 0.5706 0.0190 -0.8210
vn 0.5473 0.0196 -0.8367
vn 0.5134 0.0204 -0.8579
vn 0.1631 0.0112 -0.9865
vn -0.1631 0.0112 -0.9865
vn -0.5134 0.0204 -0.8579
vn -0.5473 0.0196 -0.8367
vn -0.5706 0.0190 -0.8210
vn -0.9969 0.0116 -0.0781
vn -0.9743 0.0198 -0.2245
vn -0.9963 0.0112 -0.0854
vn -0.9705 0.0202 -0.2404
vn -0.9999 0.0033 -0.0102
vn -0.9974 0.0129 -0.0715
vn -0.9771 0.0204 -0.2116
vn -0.8801 0.0232 -0.4742
vn -0.8705 0.0236 -0.4916
vn -0.8567 0.0247 -0.5152
vn -0.8351 0.0265 -0.5495
vn -0.9646 0.0218 -0.2628
vn -0.9954 0.0117 -0.0947
vn -0.9999 0.0025 -0.0148
vn -0.9999 0.0025 -0.0131
vn -0.9999 0.0027 -0.0116
vn -0.9698 -0.1900 0.1528
vn -0.9867 0.1024 0.1263
vn -0.9979 0.0419 0.0495
vn -0.9538 0.2982 0.0377
vn -0.6249 -0.6996 0.3464
vn -0.7286 -0.6199 0.2914
vn -0.8849 -0.3708 0.2819
vn -0.9453 0.2020 0.2562
vn -0.8132 0.5734 0.0990
vn -0.7331 0.6796 0.0269
vn -0.7091 0.7051 0.0017
vn -0.9368 0.3498 0.0044
vn -0.9942 0.1073 0.0064
vn -0.9999 0.0077 0.0086
vn -0.9958 -0.0630 0.0662
vn -0.9300 -0.3092 0.1988
vn -0.9116 -0.0279 0.4102
vn -0.9389 0.0066 0.3440
vn -0.9871 -0.0503 0.1522
vn -0.9920 -0.0089 0.1256
vn -0.6183 -0.0517 0.7843
vn -0.6812 -0.0086 0.7320
vn -0.7480 0.0159 0.6635
vn -0.8000 0.0265 0.5994
vn -0.9548 0.0211 0.2964
vn -0.9941 0.0093 0.1078
vn -0.9999 -0.0013 0.0165
vn -0.9996 -0.0219 0.0171
vn -0.9976 -0.0668 0.0169
vn -0.9866 -0.1618 0.0192
vn -0.9681 -0.1370 0.2097
vn -0.8479 -0.0960 0.5214
vn 0.1045 -0.0077 0.9945
vn 0.1226 0.0049 0.9924
vn -0.1045 -0.0077 0.9945
vn -0.1226 0.0049 0.9924
vn 0.2996 -0.0308 0.9536
vn 0.3479 -0.0041 0.9375
vn 0.4064 0.0120 0.9136
vn 0.4653 0.0197 0.8849
vn 0.1438 0.0104 0.9896
vn -0.1438 0.0104 0.9896
vn -0.4653 0.0197 0.8849
vn -0.4064 0.0120 0.9136
vn -0.3479 -0.0041 0.9375
vn -0.2996 -0.0308 0.9536
vn -0.0975 -0.0362 0.9946
vn 0.0975 -0.0362 0.9946
vn 0.9871 -0.0503 0.1523
vn 0.9920 -0.0089 0.1256
vn 0.9116 -0.0279 0.4102
vn 0.9389 0.0066 0.3440
vn 0.9866 -0.1618 0.0192
vn 0.9976 -0.0668 0.0169
vn 0.9996 -0.0219 0.0171
vn 0.9999 -0.0013 0.0165
vn 0.9941 0.0093 0.1078
vn 0.9548 0.0211 0.2964
vn 0.8000 0.0265 0.5994
vn 0.7480 0.0159 0.6635
vn 0.6812 -0.0086 0.7320
vn 0.6183 -0.0517 0.7843
vn 0.8479 -0.0960 0.5214
vn 0.9681 -0.1369 0.2097
vn 0.3277 -0.6295 -0.7045
vn -0.3277 -0.6295 -0.7045
vn 0.1361 -0.3823 -0.9140
vn -0.1361 -0.3823 -0.9140
vn 0.9096 -0.4016 -0.1064
vn 0.5236 -0.8308 -0.1887
vn -0.5236 -0.8308 -0.1887
vn -0.9096 -0.4016 -0.1064
vn -0.7509 -0.4130 -0.5154
vn -0.3957 -0.3355 -0.8549
vn -0.1902 -0.2724 -0.9432
vn -0.0620 -0.2766 -0.9590
vn 0.0620 -0.2766 -0.9590
vn 0.1902 -0.2724 -0.9432
vn 0.3957 -0.3355 -0.8549
vn 0.7509 -0.4131 -0.5154
vn -0.1105 0.9938 -0.0138
vn 0.1105 0.9938 -0.0138
vn -0.1286 0.9898 -0.0610
vn 0.1286 0.9898 -0.0610
vn -0.3608 0.9327 0.0008
vn -0.1061 0.9944 0.0019
vn 0.1061 0.9944 0.0019
vn 0.3608 0.9327 0.0008
vn 0.3750 0.9268 -0.0178
vn 0.4284 0.9007 -0.0720
vn 0.5734 0.7881 -0.2239
vn 0.2186 0.9423 -0.2536
vn -0.2186 0.9423 -0.2536
vn -0.5734 0.7881 -0.2239
vn -0.4284 0.9007 -0.0720
vn -0.3750 0.9268 -0.0178
vn -0.1042 0.9898 0.0972
vn 0.1042 0.9898 0.0972
vn -0.1036 0.9942 0.0291
vn 0.1036 0.9942 0.0291
vn -0.3308 0.9107 0.2476
vn -0.1121 0.9589 0.2606
vn 0.1121 0.9589 0.2606
vn 0.3308 0.9107 0.2476
vn 0.3462 0.9321 0.1064
vn 0.3512 0.9358 0.0320
vn 0.3565 0.9343 0.0064
vn 0.1048 0.9945 0.0069
vn -0.1048 0.9945 0.0069
vn -0.3565 0.9343 0.0064
vn -0.3512 0.9358 0.0320
vn -0.3463 0.9321 0.1064
vn 0.2442 -0.2789 0.9287
vn -0.2442 -0.2789 0.9287
vn 0.4570 -0.6220 0.6358
vn -0.4570 -0.6220 0.6358
vn 0.3995 -0.1078 0.9104
vn 0.1313 -0.1104 0.9852
vn -0.1313 -0.1104 0.9852
vn -0.3994 -0.1078 0.9104
vn -0.6437 -0.2044 0.7374
vn -0.8734 -0.3267 0.3613
vn -0.9222 -0.3852 0.0352
vn -0.5502 -0.8310 0.0816
vn 0.5502 -0.8310 0.0816
vn 0.9222 -0.3852 0.0352
vn 0.8734 -0.3267 0.3613
vn 0.6437 -0.2044 0.7374
vn -0.9530 -0.1207 -0.2778
vn -0.9696 -0.0715 -0.2341
vn -0.6771 -0.1952 -0.7095
vn -0.7296 -0.1624 -0.6643
vn -0.9827 -0.1742 -0.0627
vn -0.9962 -0.0765 -0.0419
vn -0.9991 -0.0299 -0.0296
vn -0.9997 -0.0081 -0.0221
vn -0.9787 -0.0472 -0.2000
vn -0.7769 -0.1469 -0.6123
vn -0.3840 -0.2234 -0.8959
vn -0.3442 -0.2158 -0.9138
vn -0.3159 -0.2223 -0.9224
vn -0.3027 -0.2408 -0.9222
vn -0.5916 -0.2535 -0.7654
vn -0.9087 -0.2192 -0.3552
vn -0.0383 -0.2250 -0.9736
vn -0.0392 -0.2301 -0.9724
vn 0.0383 -0.2250 -0.9736
vn 0.0392 -0.2301 -0.9724
vn -0.1253 -0.2335 -0.9643
vn -0.1309 -0.2250 -0.9655
vn -0.1384 -0.2276 -0.9639
vn -0.1536 -0.2453 -0.9572
vn -0.0429 -0.2512 -0.9670
vn 0.0429 -0.2512 -0.9670
vn 0.1536 -0.2453 -0.9572
vn 0.1384 -0.2276 -0.9639
vn 0.1309 -0.2250 -0.9655
vn 0.1253 -0.2335 -0.9643
vn 0.0407 -0.2349 -0.9712
vn -0.0407 -0.2349 -0.9712
vn -0.0903 -0.9402 -0.3283
vn -0.1334 -0.9220 -0.3634
vn 0.0903 -0.9402 -0.3283
vn 0.1334 -0.9220 -0.3634
vn -0.2626 -0.8881 -0.3773
vn -0.3309 -0.8819 -0.3357
vn -0.4670 -0.8052 -0.3655
vn -0.7409 -0.4437 -0.5042
vn -0.3252 -0.6666 -0.6707
vn 0.3252 -0.6666 -0.6707
vn 0.7409 -0.4437 -0.5042
vn 0.4670 -0.8052 -0.3655
vn 0.3309 -0.8819 -0.3357
vn 0.2626 -0.8881 -0.3773
vn 0.0704 -0.9275 -0.3672
vn -0.0704 -0.9275 -0.3672
vn -0.9735 0.1336 0.1856
vn -0.9107 0.3784 0.1658
vn -0.9903 0.1264 0.0570
vn -0.9284 0.3685 0.0483
vn -0.8873 0.0377 0.4596
vn -0.8853 0.1429 0.4426
vn -0.8260 0.3951 0.4019
vn -0.6505 0.6952 0.3060
vn -0.6791 0.7218 0.1334
vn -0.6941 0.7189 0.0391
vn -0.7032 0.7110 0.0056
vn -0.9337 0.3581 0.0058
vn -0.9932 0.1164 0.0071
vn -0.9998 0.0177 0.0087
vn -0.9975 0.0281 0.0647
vn -0.9793 0.0351 0.1994
vn 0.6771 -0.1952 -0.7095
vn 0.7296 -0.1624 -0.6643
vn 0.9530 -0.1207 -0.2779
vn 0.9696 -0.0715 -0.2341
vn 0.3027 -0.2408 -0.9222
vn 0.3159 -0.2223 -0.9224
vn 0.3442 -0.2158 -0.9138
vn 0.3840 -0.2234 -0.8959
vn 0.7769 -0.1469 -0.6123
vn 0.9787 -0.0472 -0.1999
vn 0.9997 -0.0081 -0.0221
vn 0.9991 -0.0299 -0.0296
vn 0.9962 -0.0765 -0.0418
vn 0.9827 -0.1742 -0.0627
vn 0.9087 -0.2192 -0.3552
vn 0.5916 -0.2535 -0.7654
vn -0.9979 0.0419 -0.0495
vn -0.9538 0.2982 -0.0377
vn -0.9698 -0.1901 -0.1528
vn -0.9867 0.1024 -0.1263
vn -0.9999 0.0077 -0.0086
vn -0.9942 0.1073 -0.0064
vn -0.9368 0.3498 -0.0044
vn -0.7091 0.7051 -0.0017
vn -0.7331 0.6796 -0.0269
vn -0.8132 0.5734 -0.0990
vn -0.9453 0.2020 -0.2562
vn -0.8849 -0.3708 -0.2819
vn -0.7286 -0.6199 -0.2914
vn -0.6249 -0.6996 -0.3464
vn -0.9300 -0.3092 -0.1988
vn -0.9958 -0.0630 -0.0662
vn 0.9903 0.1264 0.0570
vn 0.9284 0.3685 0.0483
vn 0.9735 0.1336 0.1856
vn 0.9107 0.3784 0.1658
vn 0.9998 0.0177 0.0087
vn 0.9932 0.1164 0.0071
vn 0.9337 0.3581 0.0057
vn 0.7032 0.7110 0.0056
vn 0.6941 0.7188 0.0392
vn 0.6791 0.7218 0.1334
vn 0.6505 0.6952 0.3060
vn 0.8260 0.3951 0.4019
vn 0.8853 0.1429 0.4426
vn 0.8873 0.0377 0.4596
vn 0.9793 0.0350 0.1994
vn 0.9975 0.0281 0.0647
vn 0.2076 0.1510 0.9665
vn 0.1970 0.4535 0.8692
vn -0.2076 0.1510 0.9665
vn -0.1970 0.4535 0.8692
vn 0.6003 0.0349 0.7990
vn 0.6056 0.1526 0.7810
vn 0.5644 0.4309 0.7042
vn 0.4246 0.7373 0.5255
vn 0.1497 0.8044 0.5750
vn -0.1497 0.8044 0.5750
vn -0.4246 0.7373 0.5255
vn -0.5644 0.4309 0.7042
vn -0.6056 0.1526 0.7810
vn -0.6003 0.0349 0.7990
vn -0.2031 0.0277 0.9788
vn 0.2031 0.0277 0.9788
vn 0.8934 -0.2461 -0.3759
vn 0.9915 -0.0582 -0.1166
vn 0.8619 -0.1854 -0.4719
vn 0.9884 -0.0468 -0.1446
vn 0.5789 -0.6636 -0.4738
vn 0.9104 -0.3078 -0.2766
vn 0.9934 -0.0721 -0.0893
vn 0.9999 -0.0059 -0.0111
vn 0.9999 -0.0048 -0.0135
vn 0.9999 -0.0041 -0.0160
vn 0.9998 -0.0039 -0.0185
vn 0.9843 -0.0421 -0.1715
vn 0.8213 -0.1523 -0.5498
vn 0.4361 -0.2599 -0.8615
vn 0.4980 -0.3578 -0.7899
vn 0.5520 -0.5199 -0.6519
vn -0.9743 0.0198 0.2245
vn -0.9969 0.0116 0.0781
vn -0.9705 0.0202 0.2404
vn -0.9963 0.0112 0.0854
vn -0.8801 0.0232 0.4742
vn -0.9771 0.0204 0.2116
vn -0.9974 0.0129 0.0715
vn -0.9999 0.0033 0.0102
vn -0.9999 0.0027 0.0116
vn -0.9999 0.0025 0.0131
vn -0.9999 0.0025 0.0148
vn -0.9954 0.0117 0.0947
vn -0.9646 0.0218 0.2628
vn -0.8351 0.0265 0.5495
vn -0.8567 0.0247 0.5152
vn -0.8705 0.0236 0.4916
vn -0.0626 -0.6913 -0.7199
vn 0.0626 -0.6913 -0.7199
vn -0.0572 -0.4598 -0.8862
vn 0.0572 -0.4598 -0.8862
vn -0.2367 -0.8266 -0.5106
vn -0.0633 -0.8644 -0.4987
vn 0.0633 -0.8644 -0.4987
vn 0.2367 -0.8266 -0.5106
vn 0.2293 -0.6530 -0.7218
vn 0.2063 -0.4351 -0.8764
vn 0.1771 -0.2987 -0.9378
vn 0.0493 -0.3105 -0.9493
vn -0.0493 -0.3105 -0.9493
vn -0.1771 -0.2987 -0.9378
vn -0.2063 -0.4351 -0.8764
vn -0.2293 -0.6530 -0.7218
vn -0.9915 -0.0582 -0.1166
vn -0.8934 -0.2461 -0.3759
vn -0.9884 -0.0468 -0.1446
vn -0.8619 -0.1854 -0.4719
vn -0.9999 -0.0059 -0.0111
vn -0.9934 -0.0721 -0.0893
vn -0.9104 -0.3078 -0.2766
vn -0.5789 -0.6636 -0.4738
vn -0.5520 -0.5199 -0.6519
vn -0.4980 -0.3578 -0.7899
vn -0.4361 -0.2599 -0.8615
vn -0.8213 -0.1523 -0.5498
vn -0.9843 -0.0421 -0.1715
vn -0.9998 -0.0039 -0.0185
vn -0.9999 -0.0041 -0.0160
vn -0.9999 -0.0048 -0.0135
vn 0.1885 0.0108 0.9820
vn -0.1885 0.0108 0.9820
vn 0.1778 0.0110 0.9840
vn -0.1778 0.0110 0.9840
vn 0.5873 0.0188 0.8091
vn 0.1965 0.0109 0.9804
vn -0.1965 0.0109 0.9804
vn -0.5873 0.0188 0.8091
vn -0.5706 0.0190 0.8210
vn -0.5473 0.0196 0.8367
vn -0.5134 0.0204 0.8579
vn -0.1631 0.0112 0.9865
vn 0.1631 0.0112 0.9865
vn 0.5134 0.0204 0.8579
vn 0.5473 0.0196 0.8367
vn 0.5706 0.0190 0.8210
vn 0.9969 0.0116 0.0781
vn 0.9743 0.0198 0.2245
vn 0.9963 0.0112 0.0854
vn 0.9705 0.0202 0.2404
vn 0.9999 0.0033 0.0102
vn 0.9974 0.0129 0.0715
vn 0.9771 0.0204 0.2116
vn 0.8801 0.0232 0.4742
vn 0.8705 0.0236 0.4916
vn 0.8567 0.0247 0.5152
vn 0.8351 0.0265 0.5495
vn 0.9646 0.0218 0.2628
vn 0.9954 0.0117 0.0947
vn 0.9999 0.0025 0.0148
vn 0.9999 0.0025 0.0131
vn 0.9999 0.0027 0.0116
vn 0.9698 -0.1901 -0.1528
vn 0.9867 0.1024 -0.1263
vn 0.9979 0.0419 -0.0495
vn 0.9538 0.2982 -0.0377
vn 0.6249 -0.6996 -0.3464
vn 0.7286 -0.6199 -0.2914
vn 0.8849 -0.3708 -0.2819
vn 0.9453 0.2020 -0.2562
vn 0.8133 0.5734 -0.0990
vn 0.7331 0.6796 -0.0269
vn 0.7091 0.7051 -0.0017
vn 0.9368 0.3498 -0.0044
vn 0.9942 0.1073 -0.0064
vn 0.9999 0.0077 -0.0086
vn 0.9958 -0.0630 -0.0662
vn 0.9300 -0.3092 -0.1988
vn -0.4102 -0.0279 -0.9116
vn -0.3440 0.0066 -0.9389
vn -0.1523 -0.0503 -0.9871
vn -0.1256 -0.0089 -0.9920
vn -0.7842 -0.0517 -0.6183
vn -0.7320 -0.0086 -0.6812
vn -0.6635 0.0159 -0.7480
vn -0.5994 0.0266 -0.8000
vn -0.2964 0.0211 -0.9548
vn -0.1078 0.0093 -0.9941
vn -0.0165 -0.0012 -0.9999
vn -0.0171 -0.0219 -0.9996
vn -0.0169 -0.0668 -0.9976
vn -0.0192 -0.1618 -0.9866
vn -0.2097 -0.1369 -0.9681
vn -0.5214 -0.0960 -0.8479
vn -0.9945 -0.0077 0.1045
vn -0.9924 0.0049 0.1226
vn -0.9945 -0.0077 -0.1045
vn -0.9924 0.0049 -0.1226
vn -0.9536 -0.0308 0.2996
vn -0.9375 -0.0041 0.3479
vn -0.9136 0.0120 0.4064
vn -0.8849 0.0197 0.4653
vn -0.9895 0.0104 0.1438
vn -0.9895 0.0104 -0.1438
vn -0.8849 0.0197 -0.4653
vn -0.9136 0.0120 -0.4064
vn -0.9375 -0.0041 -0.3479
vn -0.9536 -0.0308 -0.2996
vn -0.9946 -0.0362 -0.0975
vn -0.9946 -0.0362 0.0975
vn -0.1522 -0.0503 0.9871
vn -0.1256 -0.0089 0.9920
vn -0.4102 -0.0279 0.9116
vn -0.3440 0.0066 0.9389
vn -0.0192 -0.1618 0.9866
vn -0.0169 -0.0668 0.9976
vn -0.0171 -0.0219 0.9996
vn -0.0165 -0.0012 0.9999
vn -0.1078 0.0093 0.9941
vn -0.2964 0.0211 0.9548
vn -0.5994 0.0266 0.8000
vn -0.6635 0.0159 0.7480
vn -0.7320 -0.0086 0.6812
vn -0.7842 -0.0517 0.6183
vn -0.5214 -0.0960 0.8479
vn -0.2097 -0.1369 0.9681
vn 0.7045 -0.6295 0.3277
vn 0.7045 -0.6295 -0.3277
vn 0.9140 -0.3823 0.1361
vn 0.9140 -0.3823 -0.1361
vn 0.1064 -0.4016 0.9096
vn 0.1887 -0.8308 0.5236
vn 0.1886 -0.8308 -0.5236
vn 0.1063 -0.4016 -0.9096
vn 0.5154 -0.4130 -0.7509
vn 0.8549 -0.3355 -0.3957
vn 0.9432 -0.2724 -0.1902
vn 0.9590 -0.2766 -0.0620
vn 0.9590 -0.2766 0.0620
vn 0.9432 -0.2724 0.1902
vn 0.8549 -0.3355 0.3957
vn 0.5154 -0.4130 0.7509
vn 0.0138 0.9938 -0.1105
vn 0.0138 0.9938 0.1105
vn 0.0610 0.9898 -0.1286
vn 0.0610 0.9898 0.1286
vn -0.0008 0.9327 -0.3608
vn -0.0019 0.9944 -0.1061
vn -0.0019 0.9944 0.1061
vn -0.0008 0.9327 0.3608
vn 0.0178 0.9268 0.3750
vn 0.0720 0.9007 0.4284
vn 0.2239 0.7881 0.5734
vn 0.2536 0.9423 0.2186
vn 0.2536 0.9423 -0.2186
vn 0.2239 0.7881 -0.5734
vn 0.0720 0.9007 -0.4284
vn 0.0178 0.9268 -0.3750
vn -0.0972 0.9898 -0.1042
vn -0.0972 0.9898 0.1042
vn -0.0292 0.9942 -0.1036
vn -0.0292 0.9942 0.1036
vn -0.2476 0.9106 -0.3308
vn -0.2606 0.9589 -0.1121
vn -0.2606 0.9589 0.1121
vn -0.2476 0.9107 0.3308
vn -0.1064 0.9321 0.3463
vn -0.0320 0.9358 0.3512
vn -0.0064 0.9343 0.3565
vn -0.0069 0.9945 0.1048
vn -0.0069 0.9945 -0.1048
vn -0.0064 0.9343 -0.3565
vn -0.0320 0.9358 -0.3512
vn -0.1064 0.9321 -0.3463
vn -0.9287 -0.2789 0.2442
vn -0.9287 -0.2789 -0.2442
vn -0.6358 -0.6220 0.4570
vn -0.6358 -0.6220 -0.4570
vn -0.9104 -0.1078 0.3995
vn -0.9852 -0.1104 0.1313
vn -0.9852 -0.1104 -0.1313
vn -0.9104 -0.1078 -0.3995
vn -0.7374 -0.2044 -0.6437
vn -0.3613 -0.3267 -0.8734
vn -0.0352 -0.3852 -0.9222
vn -0.0816 -0.8310 -0.5502
vn -0.0816 -0.8310 0.5502
vn -0.0352 -0.3852 0.9222
vn -0.3613 -0.3267 0.8734
vn -0.7374 -0.2044 0.6437
vn 0.2779 -0.1207 -0.9530
vn 0.2341 -0.0715 -0.9696
vn 0.7095 -0.1952 -0.6771
vn 0.6643 -0.1624 -0.7296
vn 0.0627 -0.1742 -0.9827
vn 0.0419 -0.0765 -0.9962
vn 0.0296 -0.0299 -0.9991
vn 0.0221 -0.0081 -0.9997
vn 0.1999 -0.0472 -0.9787
vn 0.6123 -0.1469 -0.7769
vn 0.8959 -0.2234 -0.3840
vn 0.9138 -0.2158 -0.3441
vn 0.9224 -0.2223 -0.3159
vn 0.9222 -0.2408 -0.3027
vn 0.7654 -0.2535 -0.5916
vn 0.3552 -0.2192 -0.9087
vn 0.9736 -0.2250 -0.0383
vn 0.9724 -0.2301 -0.0392
vn 0.9736 -0.2250 0.0383
vn 0.9724 -0.2301 0.0392
vn 0.9643 -0.2335 -0.1253
vn 0.9655 -0.2250 -0.1309
vn 0.9639 -0.2276 -0.1384
vn 0.9572 -0.2453 -0.1536
vn 0.9670 -0.2512 -0.0429
vn 0.9670 -0.2512 0.0429
vn 0.9572 -0.2453 0.1537
vn 0.9639 -0.2276 0.1384
vn 0.9655 -0.2250 0.1309
vn 0.9642 -0.2335 0.1253
vn 0.9712 -0.2349 0.0406
vn 0.9712 -0.2349 -0.0406
vn 0.3283 -0.9402 -0.0903
vn 0.3634 -0.9220 -0.1334
vn 0.3283 -0.9402 0.0903
vn 0.3634 -0.9220 0.1334
vn 0.3773 -0.8881 -0.2626
vn 0.3357 -0.8819 -0.3309
vn 0.3655 -0.8052 -0.4670
vn 0.5042 -0.4437 -0.7409
vn 0.6707 -0.6666 -0.3252
vn 0.6707 -0.6666 0.3252
vn 0.5042 -0.4437 0.7409
vn 0.3655 -0.8052 0.4670
vn 0.3357 -0.8819 0.3309
vn 0.3773 -0.8881 0.2626
vn 0.3672 -0.9275 0.0704
vn 0.3672 -0.9275 -0.0704
vn -0.1856 0.1336 -0.9735
vn -0.1658 0.3784 -0.9107
vn -0.0570 0.1264 -0.9903
vn -0.0483 0.3685 -0.9284
vn -0.4596 0.0377 -0.8873
vn -0.4426 0.1429 -0.8853
vn -0.4019 0.3951 -0.8260
vn -0.3060 0.6952 -0.6505
vn -0.1334 0.7218 -0.6792
vn -0.0392 0.7188 -0.6941
vn -0.0056 0.7110 -0.7032
vn -0.0058 0.3581 -0.9337
vn -0.0071 0.1164 -0.9932
vn -0.0087 0.0177 -0.9998
vn -0.0647 0.0281 -0.9975
vn -0.1994 0.0351 -0.9793
vn 0.7095 -0.1952 0.6771
vn 0.6643 -0.1624 0.7296
vn 0.2778 -0.1207 0.9530
vn 0.2341 -0.0715 0.9696
vn 0.9222 -0.2408 0.3027
vn 0.9224 -0.2223 0.3159
vn 0.9138 -0.2158 0.3441
vn 0.8959 -0.2234 0.3840
vn 0.6123 -0.1469 0.7769
vn 0.2000 -0.0472 0.9787
vn 0.0221 -0.0081 0.9997
vn 0.0296 -0.0299 0.9991
vn 0.0419 -0.0765 0.9962
vn 0.0627 -0.1742 0.9827
vn 0.3552 -0.2192 0.9087
vn 0.7654 -0.2535 0.5916
vn 0.0495 0.0419 -0.9979
vn 0.0377 0.2982 -0.9538
vn 0.1528 -0.1900 -0.9698
vn 0.1263 0.1024 -0.9867
vn 0.0086 0.0077 -0.9999
vn 0.0064 0.1073 -0.9942
vn 0.0044 0.3498 -0.9368
vn 0.0017 0.7051 -0.7091
vn 0.0269 0.6796 -0.7331
vn 0.0990 0.5734 -0.8133
vn 0.2562 0.2020 -0.9453
vn 0.2819 -0.3708 -0.8849
vn 0.2914 -0.6199 -0.7286
vn 0.3464 -0.6996 -0.6249
vn 0.1988 -0.3092 -0.9300
vn 0.0662 -0.0630 -0.9958
vn -0.0570 0.1264 0.9903
vn -0.0483 0.3685 0.9284
vn -0.1856 0.1336 0.9735
vn -0.1658 0.3784 0.9107
vn -0.0087 0.0177 0.9998
vn -0.0071 0.1164 0.9932
vn -0.0058 0.3581 0.9337
vn -0.0056 0.7110 0.7032
vn -0.0391 0.7189 0.6941
vn -0.1334 0.7218 0.6791
vn -0.3060 0.6952 0.6505
vn -0.4019 0.3951 0.8260
vn -0.4426 0.1428 0.8853
vn -0.4596 0.0377 0.8873
vn -0.1994 0.0351 0.9793
vn -0.0647 0.0281 0.9975
vn -0.9665 0.1510 0.2076
vn -0.8692 0.4535 0.1970
vn -0.9665 0.1510 -0.2076
vn -0.8692 0.4535 -0.1970
vn -0.7990 0.0349 0.6003
vn -0.7810 0.1526 0.6056
vn -0.7042 0.4309 0.5644
vn -0.5255 0.7373 0.4246
vn -0.5750 0.8044 0.1498
vn -0.5750 0.8044 -0.1497
vn -0.5255 0.7373 -0.4246
vn -0.7042 0.4309 -0.5644
vn -0.7810 0.1526 -0.6056
vn -0.7990 0.0349 -0.6003
vn -0.9788 0.0277 -0.2031
vn -0.9788 0.0278 0.2031
vn 0.3759 -0.2461 0.8934
vn 0.1166 -0.0582 0.9915
vn 0.4719 -0.1854 0.8619
vn 0.1446 -0.0468 0.9884
vn 0.4738 -0.6636 0.5789
vn 0.2766 -0.3078 0.9104
vn 0.0893 -0.0721 0.9934
vn 0.0111 -0.0059 0.9999
vn 0.0135 -0.0048 0.9999
vn 0.0160 -0.0041 0.9999
vn 0.0185 -0.0039 0.9998
vn 0.1715 -0.0421 0.9843
vn 0.5498 -0.1523 0.8213
vn 0.8615 -0.2599 0.4361
vn 0.7899 -0.3578 0.4980
vn 0.6519 -0.5199 0.5520
vn -0.2245 0.0198 -0.9743
vn -0.0781 0.0116 -0.9969
vn -0.2404 0.0202 -0.9705
vn -0.0854 0.0112 -0.9963
vn -0.4742 0.0232 -0.8801
vn -0.2116 0.0204 -0.9771
vn -0.0714 0.0129 -0.9974
vn -0.0102 0.0033 -0.9999
vn -0.0116 0.0027 -0.9999
vn -0.0131 0.0025 -0.9999
vn -0.0148 0.0025 -0.9999
vn -0.0947 0.0117 -0.9954
vn -0.2628 0.0218 -0.9646
vn -0.5495 0.0265 -0.8351
vn -0.5152 0.0247 -0.8567
vn -0.4916 0.0236 -0.8705
vn 0.7199 -0.6913 -0.0626
vn 0.7199 -0.6913 0.0626
vn 0.8862 -0.4598 -0.0572
vn 0.8862 -0.4598 0.0572
vn 0.5106 -0.8266 -0.2367
vn 0.4987 -0.8644 -0.0633
vn 0.4987 -0.8644 0.0633
vn 0.5106 -0.8266 0.2367
vn 0.7218 -0.6530 0.2293
vn 0.8764 -0.4351 0.2063
vn 0.9378 -0.2987 0.1771
vn 0.9493 -0.3105 0.0493
vn 0.9493 -0.3105 -0.0493
vn 0.9378 -0.2987 -0.1771
vn 0.8764 -0.4351 -0.2063
vn 0.7218 -0.6530 -0.2293
vn 0.1166 -0.0582 -0.9915
vn 0.3759 -0.2461 -0.8934
vn 0.1446 -0.0468 -0.9884
vn 0.4719 -0.1854 -0.8619
vn 0.0111 -0.0059 -0.9999
vn 0.0893 -0.0721 -0.9934
vn 0.2766 -0.3078 -0.9104
vn 0.4738 -0.6636 -0.5789
vn 0.6519 -0.5199 -0.5520
vn 0.7899 -0.3578 -0.4980
vn 0.8615 -0.2599 -0.4361
vn 0.5498 -0.1523 -0.8213
vn 0.1715 -0.0421 -0.9843
vn 0.0185 -0.0039 -0.9998
vn 0.0160 -0.0041 -0.9999
vn 0.0135 -0.0048 -0.9999
vn -0.9820 0.0108 0.1885
vn -0.9820 0.0108 -0.1885
vn -0.9840 0.0110 0.1778
vn -0.9840 0.0110 -0.1778
vn -0.8091 0.0188 0.5873
vn -0.9804 0.0109 0.1965
vn -0.9804 0.0109 -0.1965
vn -0.8091 0.0188 -0.5873
vn -0.8210 0.0190 -0.5706
vn -0.8367 0.0196 -0.5473
vn -0.8579 0.0204 -0.5134
vn -0.9865 0.0112 -0.1631
vn -0.9865 0.0112 0.1631
vn -0.8579 0.0204 0.5134
vn -0.8367 0.0196 0.5473
vn -0.8210 0.0190 0.5706
vn -0.0781 0.0116 0.9969
vn -0.2245 0.0198 0.9743
vn -0.0854 0.0112 0.9963
vn -0.2404 0.0202 0.9705
vn -0.0102 0.0033 0.9999
vn -0.0715 0.0129 0.9974
vn -0.2116 0.0204 0.9771
vn -0.4742 0.0232 0.8801
vn -0.4916 0.0236 0.8705
vn -0.5152 0.0247 0.8567
vn -0.5495 0.0265 0.8351
vn -0.2628 0.0218 0.9646
vn -0.0947 0.0117 0.9954
vn -0.0147 0.0025 0.9999
vn -0.0131 0.0025 0.9999
vn -0.0116 0.0027 0.9999
vn 0.1528 -0.1900 0.9698
vn 0.1263 0.1024 0.9867
vn 0.0495 0.0419 0.9979
vn 0.0377 0.2982 0.9538
vn 0.3464 -0.6996 0.6249
vn 0.2914 -0.6199 0.7286
vn 0.2819 -0.3708 0.8849
vn 0.2562 0.2020 0.9453
vn 0.0990 0.5734 0.8132
vn 0.0269 0.6796 0.7331
vn 0.0017 0.7051 0.7091
vn 0.0044 0.3498 0.9368
vn 0.0064 0.1073 0.9942
vn 0.0086 0.0077 0.9999
vn 0.0662 -0.0630 0.9958
vn 0.1988 -0.3092 0.9300
vt 0.373297 0.688170
vt 0.366990 0.653482
vt 0.403005 0.649420
vt 0.407704 0.686190
vt 0.365541 0.618327
vt 0.399531 0.612595
vt 0.440245 0.645303
vt 0.442817 0.680407
vt 0.435061 0.610565
vt 0.357772 0.710623
vt 0.346484 0.689092
vt 0.380249 0.716217
vt 0.338429 0.656793
vt 0.339207 0.623559
vt 0.345507 0.600167
vt 0.366194 0.589650
vt 0.397971 0.581979
vt 0.431425 0.582367
vt 0.455452 0.587891
vt 0.465190 0.609492
vt 0.472467 0.641827
vt 0.472467 0.675025
vt 0.445480 0.708934
vt 0.467718 0.698347
vt 0.412925 0.716640
vt 0.375683 0.132986
vt 0.369543 0.101647
vt 0.406416 0.098830
vt 0.410908 0.132039
vt 0.366870 0.066388
vt 0.401622 0.061865
vt 0.442986 0.092257
vt 0.445382 0.124075
vt 0.436569 0.057478
vt 0.357379 0.147484
vt 0.346697 0.129469
vt 0.381002 0.154675
vt 0.338621 0.099934
vt 0.338429 0.066981
vt 0.343442 0.042161
vt 0.365032 0.033989
vt 0.397317 0.027142
vt 0.430431 0.025628
vt 0.453671 0.028069
vt 0.464735 0.050833
vt 0.473004 0.082754
vt 0.473004 0.113321
vt 0.431493 0.181320
vt 0.436629 0.158572
vt 0.466726 0.173202
vt 0.455826 0.186137
vt 0.398066 0.180341
vt 0.401258 0.155545
vt 0.414308 0.155545
vt 0.365980 0.545490
vt 0.367856 0.510358
vt 0.404227 0.514630
vt 0.400290 0.551420
vt 0.374115 0.475690
vt 0.408862 0.477870
vt 0.441296 0.518933
vt 0.435676 0.553628
vt 0.443811 0.483828
vt 0.344735 0.563477
vt 0.338872 0.540072
vt 0.365770 0.574127
vt 0.338429 0.506844
vt 0.346505 0.474579
vt 0.357601 0.453089
vt 0.380512 0.447636
vt 0.413460 0.447400
vt 0.445908 0.455272
vt 0.467825 0.465959
vt 0.472806 0.489327
vt 0.472806 0.522535
vt 0.465173 0.554820
vt 0.431166 0.581763
vt 0.454959 0.576348
vt 0.397775 0.581979
vt 0.366126 0.410849
vt 0.368155 0.375719
vt 0.404640 0.380057
vt 0.400537 0.416842
vt 0.374395 0.341064
vt 0.409249 0.343308
vt 0.441631 0.384430
vt 0.435856 0.419117
vt 0.444125 0.349331
vt 0.344455 0.428803
vt 0.338751 0.405385
vt 0.365606 0.439489
vt 0.338429 0.372156
vt 0.346509 0.339906
vt 0.357531 0.318439
vt 0.380589 0.313026
vt 0.413621 0.312851
vt 0.446017 0.320784
vt 0.467808 0.331513
vt 0.472872 0.354888
vt 0.472872 0.388096
vt 0.465114 0.420367
vt 0.431033 0.447247
vt 0.454732 0.441878
vt 0.397679 0.447400
vt 0.364670 0.217200
vt 0.397967 0.214171
vt 0.400623 0.251648
vt 0.365374 0.252850
vt 0.433600 0.212513
vt 0.438007 0.247911
vt 0.405414 0.286590
vt 0.371737 0.285927
vt 0.440667 0.281240
vt 0.346813 0.193550
vt 0.366815 0.185718
vt 0.339785 0.217795
vt 0.464699 0.209301
vt 0.471330 0.242078
vt 0.471330 0.273788
vt 0.467002 0.294828
vt 0.444299 0.305865
vt 0.411692 0.312851
vt 0.379622 0.310263
vt 0.346416 0.282282
vt 0.357989 0.302241
vt 0.338429 0.251115
vt 0.444014 0.749948
vt 0.444677 0.783625
vt 0.409735 0.778834
vt 0.410937 0.743585
vt 0.439327 0.818878
vt 0.405998 0.816218
vt 0.372258 0.776178
vt 0.375287 0.742881
vt 0.370600 0.811811
vt 0.429732 0.000557
vt 0.460159 0.012740
vt 0.394191 -0.000000
vt 0.470938 0.789903
vt 0.463952 0.822511
vt 0.452916 0.845213
vt 0.431875 0.849541
vt 0.400165 0.849541
vt 0.367388 0.842910
vt 0.344224 0.834037
vt 0.339407 0.809704
vt 0.338429 0.776278
vt 0.343805 0.745027
vt 0.375882 0.717996
vt 0.351637 0.725024
vt 0.409202 0.716640
vt 0.440369 0.724627
vt 0.030808 0.783800
vt 0.026068 0.660431
vt 0.027776 0.662848
vt 0.032454 0.794474
vt 0.020853 0.523957
vt 0.022819 0.522921
vt 0.029510 0.662701
vt 0.033965 0.798349
vt 0.024878 0.520879
vt 0.531793 0.847481
vt 0.532470 0.772692
vt 0.533626 0.780218
vt 0.532299 0.874820
vt 0.533134 0.655289
vt 0.534484 0.656758
vt 0.024752 0.659013
vt 0.019293 0.524614
vt 0.014165 0.397527
vt 0.016000 0.396612
vt 0.018299 0.395110
vt 0.020716 0.392788
vt 0.022905 0.389416
vt 0.026736 0.517695
vt 0.031050 0.660320
vt 0.035233 0.797241
vt 0.037607 0.908247
vt 0.038669 0.908406
vt 0.036221 0.900024
vt 0.034437 0.878333
vt 0.526224 0.780233
vt 0.526246 0.657638
vt 0.528645 0.659729
vt 0.528404 0.786696
vt 0.526419 0.521510
vt 0.528913 0.521926
vt 0.531081 0.657649
vt 0.530633 0.780243
vt 0.531445 0.521520
vt 0.524864 0.847466
vt 0.524480 0.772675
vt 0.526204 0.873891
vt 0.524291 0.655270
vt 0.524393 0.520760
vt 0.524631 0.393569
vt 0.526659 0.394057
vt 0.529163 0.394223
vt 0.531712 0.394068
vt 0.533870 0.393589
vt 0.533583 0.520779
vt 0.530315 0.873900
vt 0.528225 0.887159
vt 0.304078 0.765046
vt 0.308508 0.635571
vt 0.310259 0.635656
vt 0.305606 0.761289
vt 0.313145 0.500069
vt 0.315221 0.501966
vt 0.312013 0.633169
vt 0.307294 0.750927
vt 0.317234 0.502777
vt 0.299445 0.869868
vt 0.302808 0.763985
vt 0.300509 0.869718
vt 0.306966 0.633291
vt 0.311284 0.497019
vt 0.315133 0.374399
vt 0.317324 0.377632
vt 0.319759 0.379799
vt 0.322105 0.381057
vt 0.324031 0.381561
vt 0.318885 0.503034
vt 0.313416 0.631454
vt 0.523397 0.780196
vt 0.523077 0.656733
vt 0.524309 0.874802
vt 0.301909 0.861817
vt 0.303725 0.840967
vt 0.493767 0.967949
vt 0.491233 0.990933
vt 0.491184 0.977253
vt 0.493620 0.954878
vt 0.488757 0.967939
vt 0.488800 0.954869
vt 0.491172 0.941615
vt 0.493394 0.921740
vt 0.488999 0.921731
vt 0.297401 0.934936
vt 0.296660 0.932397
vt 0.298611 0.867116
vt 0.296771 0.956090
vt 0.296060 0.953628
vt 0.041642 0.999998
vt 0.040844 0.977105
vt 0.041587 0.974460
vt 0.042353 0.997430
vt 0.039505 0.905543
vt 0.039942 0.894373
vt 0.041918 0.961369
vt 0.486881 0.887836
vt 0.487284 0.862876
vt 0.487817 0.832788
vt 0.489181 0.859857
vt 0.491210 0.873486
vt 0.493280 0.859865
vt 0.495249 0.862892
vt 0.494725 0.832802
vt 0.495698 0.887854
vt 0.296336 0.919849
vt 0.298187 0.856381
vt 0.025631 0.003768
vt 0.025990 0.000000
vt 0.034016 0.001148
vt 0.033392 0.004824
vt 0.312571 -0.000000
vt 0.312759 0.004332
vt 0.305002 0.005249
vt 0.304541 0.001029
vt 0.040282 0.005927
vt 0.039332 0.009221
vt 0.299073 0.009341
vt 0.298273 0.005546
vt 0.017331 0.015543
vt 0.017641 0.004326
vt 0.024798 0.015044
vt 0.017816 0.000580
vt 0.320748 0.000624
vt 0.320752 0.004938
vt 0.320918 0.016272
vt 0.313450 0.015724
vt 0.306307 0.016322
vt 0.300927 0.019098
vt 0.298138 0.022980
vt 0.296060 0.018131
vt 0.489920 0.000000
vt 0.492205 0.003258
vt 0.491782 0.012625
vt 0.489625 0.010339
vt 0.487810 0.003249
vt 0.487684 0.012617
vt 0.037356 0.018865
vt 0.042353 0.018486
vt 0.040180 0.023111
vt 0.031950 0.015785
vt 0.532432 0.008403
vt 0.530226 0.005339
vt 0.530450 0.000000
vt 0.532861 0.003503
vt 0.336662 0.009251
vt 0.336329 0.012812
vt 0.332740 0.008022
vt 0.332956 0.003973
vt 0.005664 0.007478
vt 0.005612 0.003973
vt 0.010918 0.001557
vt 0.010864 0.005236
vt 0.327532 0.005862
vt 0.327649 0.001617
vt 0.000761 0.025900
vt 0.000000 0.021719
vt 0.002090 0.012519
vt 0.002528 0.021553
vt 0.532131 0.017515
vt 0.530061 0.015407
vt 0.528019 0.017506
vt 0.528023 0.008393
vt 0.338429 0.021584
vt 0.337571 0.025982
vt 0.335768 0.021965
vt 0.332338 0.018617
vt 0.327347 0.016996
vt 0.010906 0.016251
vt 0.005928 0.017954
vt 0.525970 0.931588
vt 0.528129 0.950817
vt 0.528104 0.983566
vt 0.525738 0.961772
vt 0.530379 0.931597
vt 0.530573 0.961782
vt 0.528125 0.995422
vt 0.525669 0.972763
vt 0.530694 0.972774
vt 0.532732 0.896564
vt 0.038573 0.965200
vt 0.039905 0.976148
vt 0.040742 0.998782
vt 0.298342 0.934025
vt 0.297672 0.954934
vt 0.299682 0.923540
vt 0.523888 0.896545
vt 0.036224 0.794033
vt 0.032245 0.656624
vt 0.033077 0.651004
vt 0.036846 0.785887
vt 0.028164 0.513434
vt 0.029184 0.508491
vt 0.033594 0.643491
vt 0.037064 0.771172
vt 0.029883 0.503471
vt 0.024593 0.384922
vt 0.025807 0.379873
vt 0.026650 0.374999
vt 0.485744 0.496820
vt 0.485826 0.368315
vt 0.487102 0.364373
vt 0.487022 0.492866
vt 0.485824 0.636884
vt 0.487062 0.631621
vt 0.486276 0.764609
vt 0.487366 0.754137
vt 0.485730 0.779304
vt 0.489122 0.760544
vt 0.489034 0.631848
vt 0.491434 0.633294
vt 0.491305 0.766828
vt 0.489070 0.490859
vt 0.491565 0.490364
vt 0.493854 0.631858
vt 0.493517 0.760553
vt 0.494080 0.490869
vt 0.489156 0.361937
vt 0.491663 0.361129
vt 0.494193 0.361947
vt 0.496312 0.364391
vt 0.496184 0.492884
vt 0.495879 0.631639
vt 0.495331 0.754152
vt 0.488125 0.080116
vt 0.487733 0.051280
vt 0.490061 0.050854
vt 0.490572 0.079925
vt 0.487608 0.028519
vt 0.489701 0.027371
vt 0.492553 0.051290
vt 0.493135 0.080125
vt 0.492003 0.028527
vt 0.486626 0.113843
vt 0.486224 0.080615
vt 0.488592 0.113078
vt 0.032135 0.086908
vt 0.036209 0.058038
vt 0.038668 0.057309
vt 0.034029 0.086331
vt 0.039066 0.035980
vt 0.041846 0.034417
vt 0.296555 0.033412
vt 0.299215 0.035448
vt 0.299716 0.055391
vt 0.302040 0.056689
vt 0.494780 0.051929
vt 0.495385 0.080633
vt 0.493629 0.113087
vt 0.495837 0.113861
vt 0.491070 0.112826
vt 0.004336 0.089589
vt 0.003361 0.059704
vt 0.006901 0.059447
vt 0.007781 0.089941
vt 0.002843 0.037047
vt 0.006314 0.035341
vt 0.011352 0.059351
vt 0.011860 0.090152
vt 0.011052 0.034482
vt 0.003183 0.125407
vt 0.001758 0.089207
vt 0.005680 0.125778
vt 0.000809 0.059726
vt 0.000528 0.038153
vt 0.016925 0.034083
vt 0.016543 0.059209
vt 0.016328 0.090036
vt 0.012617 0.126130
vt 0.016419 0.125680
vt 0.008931 0.126090
vt 0.496473 0.764629
vt 0.497195 0.636906
vt 0.497911 0.644395
vt 0.497101 0.779327
vt 0.497555 0.496843
vt 0.498307 0.501834
vt 0.301213 0.753041
vt 0.304958 0.624286
vt 0.305773 0.629737
vt 0.301819 0.760899
vt 0.308856 0.488114
vt 0.309859 0.492922
vt 0.497700 0.368338
vt 0.308204 0.483111
vt 0.311454 0.360300
vt 0.312250 0.365166
vt 0.313447 0.370077
vt 0.020920 0.089463
vt 0.022201 0.058794
vt 0.027718 0.058404
vt 0.025306 0.088610
vt 0.023581 0.033658
vt 0.030004 0.033849
vt 0.032485 0.058293
vt 0.029144 0.087710
vt 0.035204 0.035146
vt 0.020043 0.124614
vt 0.026082 0.121613
vt 0.028197 0.120300
vt 0.023314 0.123154
vt 0.326230 0.088309
vt 0.326759 0.058787
vt 0.331228 0.058847
vt 0.330327 0.088069
vt 0.327108 0.034812
vt 0.331863 0.035611
vt 0.334814 0.058932
vt 0.333819 0.087564
vt 0.335375 0.037101
vt 0.321659 0.122263
vt 0.321758 0.088170
vt 0.325464 0.122715
vt 0.321563 0.058617
vt 0.321231 0.034390
vt 0.337766 0.037855
vt 0.337453 0.058604
vt 0.336488 0.086837
vt 0.332468 0.122166
vt 0.335056 0.121447
vt 0.329169 0.122636
vt 0.527290 0.084635
vt 0.527461 0.054940
vt 0.529850 0.054552
vt 0.529775 0.084492
vt 0.527760 0.032647
vt 0.529941 0.031601
vt 0.532296 0.054950
vt 0.532316 0.084646
vt 0.532169 0.032656
vt 0.525192 0.121229
vt 0.525294 0.085000
vt 0.527202 0.120932
vt 0.525540 0.055505
vt 0.526043 0.033940
vt 0.526637 0.021707
vt 0.533566 0.021722
vt 0.534033 0.033957
vt 0.534384 0.055524
vt 0.534484 0.085020
vt 0.532255 0.120943
vt 0.534432 0.121248
vt 0.529701 0.120837
vt 0.313913 0.154478
vt 0.315812 0.157074
vt 0.315756 0.205148
vt 0.314406 0.201517
vt 0.318223 0.159520
vt 0.317589 0.208703
vt 0.314579 0.271865
vt 0.313575 0.267374
vt 0.316031 0.276354
vt 0.310033 0.116351
vt 0.312058 0.118010
vt 0.312560 0.152094
vt 0.314780 0.119706
vt 0.318035 0.121202
vt 0.321110 0.161458
vt 0.319948 0.211691
vt 0.318010 0.280244
vt 0.496352 0.267492
vt 0.497753 0.271127
vt 0.496300 0.199354
vt 0.497726 0.202263
vt 0.496136 0.151102
vt 0.497603 0.153125
vt 0.007301 0.168468
vt 0.010348 0.168381
vt 0.012221 0.222586
vt 0.009388 0.223230
vt 0.013691 0.167864
vt 0.015259 0.221333
vt 0.014792 0.295798
vt 0.012201 0.296974
vt 0.017532 0.293865
vt 0.004918 0.168366
vt 0.016962 0.166674
vt 0.018115 0.219217
vt 0.020042 0.290925
vt 0.010137 0.297644
vt 0.007145 0.223518
vt 0.488930 0.149832
vt 0.491421 0.149418
vt 0.491619 0.196942
vt 0.489120 0.197538
vt 0.493967 0.149842
vt 0.494157 0.197548
vt 0.491691 0.264484
vt 0.489186 0.265229
vt 0.494223 0.265239
vt 0.486925 0.151084
vt 0.487141 0.267474
vt 0.487089 0.199336
vt 0.019850 0.164684
vt 0.022278 0.162224
vt 0.022327 0.212499
vt 0.020477 0.216124
vt 0.024223 0.159734
vt 0.023722 0.208921
vt 0.023493 0.282281
vt 0.022024 0.286886
vt 0.024543 0.277801
vt 0.025666 0.157657
vt 0.485730 0.153102
vt 0.485853 0.202239
vt 0.485879 0.271104
vt 0.527116 0.164087
vt 0.529616 0.164045
vt 0.529507 0.219556
vt 0.527006 0.219519
vt 0.532169 0.164097
vt 0.532059 0.219530
vt 0.529360 0.294054
vt 0.526858 0.293939
vt 0.531911 0.293950
vt 0.525104 0.164223
vt 0.534343 0.164242
vt 0.534230 0.219439
vt 0.534077 0.293625
vt 0.524837 0.293606
vt 0.524990 0.219419
vt 0.324384 0.162613
vt 0.327746 0.163064
vt 0.325864 0.214879
vt 0.322807 0.213728
vt 0.330840 0.162975
vt 0.328745 0.215321
vt 0.323282 0.284864
vt 0.320524 0.283066
vt 0.325920 0.285813
vt 0.333314 0.162511
vt 0.331078 0.215229
vt 0.328075 0.286085
vt 0.309002 0.085556
vt 0.305679 0.057335
vt 0.310403 0.057672
vt 0.312796 0.086647
vt 0.303003 0.035008
vt 0.308164 0.033982
vt 0.315905 0.058163
vt 0.317165 0.087572
vt 0.314575 0.033918
vt 0.306100 0.084380
vt 0.115412 0.783804
vt 0.110672 0.660437
vt 0.112369 0.662856
vt 0.117047 0.794480
vt 0.105464 0.523964
vt 0.107418 0.522930
vt 0.114098 0.662710
vt 0.118554 0.798356
vt 0.109471 0.520890
vt 0.564912 0.812739
vt 0.565387 0.741232
vt 0.566528 0.748156
vt 0.565472 0.838721
vt 0.565728 0.628946
vt 0.567032 0.629974
vt 0.109377 0.659015
vt 0.103925 0.524617
vt 0.098806 0.397530
vt 0.100619 0.396619
vt 0.102906 0.395120
vt 0.105317 0.392800
vt 0.107503 0.389428
vt 0.111326 0.517706
vt 0.115635 0.660330
vt 0.119819 0.797248
vt 0.122208 0.908250
vt 0.123268 0.908409
vt 0.120826 0.900026
vt 0.119051 0.878333
vt 0.559174 0.748604
vt 0.558867 0.631416
vt 0.561286 0.633497
vt 0.561384 0.754846
vt 0.558669 0.501257
vt 0.561181 0.501757
vt 0.563710 0.631434
vt 0.563590 0.748620
vt 0.563703 0.501276
vt 0.557971 0.812714
vt 0.557383 0.741203
vt 0.559397 0.838073
vt 0.556869 0.628914
vt 0.556597 0.500244
vt 0.556480 0.378568
vt 0.558560 0.379381
vt 0.561085 0.379659
vt 0.563622 0.379400
vt 0.565736 0.378601
vt 0.565803 0.500277
vt 0.563516 0.838087
vt 0.561464 0.850805
vt 0.219108 0.798233
vt 0.223491 0.662579
vt 0.225251 0.662728
vt 0.220645 0.794360
vt 0.228111 0.520758
vt 0.230195 0.522801
vt 0.227042 0.660320
vt 0.222366 0.783694
vt 0.232244 0.523846
vt 0.214569 0.908306
vt 0.217843 0.797126
vt 0.215630 0.908147
vt 0.221954 0.660199
vt 0.226257 0.517574
vt 0.230103 0.389299
vt 0.232287 0.392670
vt 0.234727 0.394993
vt 0.237109 0.396504
vt 0.239116 0.397436
vt 0.233976 0.524520
vt 0.228525 0.658919
vt 0.223729 0.776226
vt 0.557468 0.838692
vt 0.556281 0.748119
vt 0.217036 0.899926
vt 0.218876 0.878240
vt 0.506386 0.967630
vt 0.503848 0.990612
vt 0.503834 0.976940
vt 0.506275 0.954567
vt 0.501355 0.967622
vt 0.501435 0.954559
vt 0.503845 0.941310
vt 0.506070 0.921436
vt 0.501657 0.921429
vt 0.212665 0.977033
vt 0.211928 0.974388
vt 0.213740 0.905444
vt 0.212205 0.999960
vt 0.211497 0.997393
vt 0.126303 0.999988
vt 0.125470 0.977102
vt 0.126212 0.974457
vt 0.127014 0.997421
vt 0.124104 0.905546
vt 0.124543 0.894376
vt 0.126545 0.961367
vt 0.499490 0.887534
vt 0.499919 0.862581
vt 0.500465 0.832499
vt 0.501847 0.859565
vt 0.503890 0.873192
vt 0.505963 0.859571
vt 0.507918 0.862593
vt 0.507402 0.832510
vt 0.508344 0.887548
vt 0.211615 0.961299
vt 0.213332 0.894277
vt 0.110303 0.003774
vt 0.110699 -0.000000
vt 0.118717 0.001150
vt 0.118057 0.004832
vt 0.228074 0.000000
vt 0.228092 0.003732
vt 0.220376 0.004794
vt 0.220081 0.001153
vt 0.124975 0.005930
vt 0.123994 0.009231
vt 0.214488 0.009198
vt 0.213840 0.005935
vt 0.101981 0.015553
vt 0.102321 0.004330
vt 0.109440 0.015056
vt 0.102534 0.000578
vt 0.236214 0.000575
vt 0.236048 0.004285
vt 0.236071 0.015472
vt 0.228638 0.014978
vt 0.221539 0.015726
vt 0.216212 0.018815
vt 0.213470 0.023069
vt 0.211497 0.018466
vt 0.503738 -0.000000
vt 0.505980 0.003248
vt 0.505713 0.012638
vt 0.503611 0.010363
vt 0.501566 0.003241
vt 0.501597 0.012631
vt 0.121993 0.018879
vt 0.127014 0.018495
vt 0.124822 0.023123
vt 0.116587 0.015798
vt 0.563086 0.009137
vt 0.560874 0.006245
vt 0.560928 0.000000
vt 0.563352 0.003353
vt 0.252055 0.009446
vt 0.251575 0.012473
vt 0.247988 0.007431
vt 0.248366 0.003961
vt 0.090359 0.007478
vt 0.090343 0.003968
vt 0.095643 0.001553
vt 0.095552 0.005238
vt 0.242798 0.005191
vt 0.243084 0.001548
vt 0.085445 0.025902
vt 0.084706 0.021717
vt 0.086792 0.012518
vt 0.087202 0.021557
vt 0.562907 0.018568
vt 0.560842 0.016643
vt 0.558789 0.018554
vt 0.558670 0.009121
vt 0.253674 0.021674
vt 0.252725 0.025835
vt 0.250895 0.021483
vt 0.247452 0.017879
vt 0.242472 0.016177
vt 0.095563 0.016258
vt 0.090593 0.017960
vt 0.559300 0.893084
vt 0.561520 0.911513
vt 0.561556 0.942619
vt 0.559120 0.921728
vt 0.563716 0.893100
vt 0.563963 0.921746
vt 0.561577 0.953716
vt 0.559046 0.931984
vt 0.564080 0.932002
vt 0.565929 0.859255
vt 0.123203 0.965197
vt 0.124532 0.976145
vt 0.125404 0.998772
vt 0.213603 0.976075
vt 0.213101 0.998743
vt 0.214945 0.965128
vt 0.216979 0.935001
vt 0.120811 0.794040
vt 0.116829 0.656634
vt 0.117665 0.651014
vt 0.121435 0.785894
vt 0.112754 0.513445
vt 0.113777 0.508502
vt 0.118191 0.643499
vt 0.121662 0.771178
vt 0.114485 0.503481
vt 0.109190 0.384934
vt 0.110407 0.379885
vt 0.111259 0.375010
vt 0.498307 0.496567
vt 0.498379 0.368078
vt 0.499694 0.364142
vt 0.499620 0.492618
vt 0.498408 0.636614
vt 0.499677 0.631356
vt 0.498886 0.764325
vt 0.500001 0.753857
vt 0.498307 0.779014
vt 0.501778 0.760265
vt 0.501673 0.631584
vt 0.504088 0.633030
vt 0.503976 0.766548
vt 0.501693 0.490613
vt 0.504205 0.490118
vt 0.506513 0.631592
vt 0.506192 0.760272
vt 0.506724 0.490621
vt 0.501777 0.361708
vt 0.504302 0.360900
vt 0.506836 0.361716
vt 0.508944 0.364156
vt 0.508820 0.492632
vt 0.508531 0.631370
vt 0.507999 0.753869
vt 0.501482 0.080037
vt 0.501388 0.051251
vt 0.503775 0.050831
vt 0.503973 0.079851
vt 0.501471 0.028524
vt 0.503636 0.027384
vt 0.506228 0.051258
vt 0.506513 0.080045
vt 0.505885 0.028531
vt 0.499607 0.113706
vt 0.499469 0.080522
vt 0.501653 0.112950
vt 0.116767 0.086921
vt 0.120840 0.058052
vt 0.123326 0.057318
vt 0.118690 0.086338
vt 0.123701 0.035993
vt 0.126504 0.034426
vt 0.211978 0.034394
vt 0.214505 0.035930
vt 0.215107 0.057280
vt 0.217286 0.057980
vt 0.508329 0.051877
vt 0.508669 0.080537
vt 0.506711 0.112958
vt 0.508857 0.113720
vt 0.504165 0.112701
vt 0.088978 0.089598
vt 0.088008 0.059712
vt 0.091534 0.059458
vt 0.092409 0.089953
vt 0.087500 0.037054
vt 0.090959 0.035351
vt 0.095977 0.059364
vt 0.096480 0.090165
vt 0.095689 0.034493
vt 0.087845 0.125411
vt 0.086422 0.089211
vt 0.090319 0.125786
vt 0.085478 0.059730
vt 0.085204 0.038157
vt 0.101555 0.034096
vt 0.101163 0.059223
vt 0.100942 0.090050
vt 0.097235 0.126143
vt 0.101032 0.125694
vt 0.093556 0.126102
vt 0.509126 0.764341
vt 0.509827 0.636632
vt 0.510508 0.644114
vt 0.509726 0.779032
vt 0.510167 0.496586
vt 0.510878 0.501569
vt 0.216273 0.785777
vt 0.219976 0.650888
vt 0.220770 0.656504
vt 0.216860 0.793918
vt 0.223860 0.508376
vt 0.224840 0.513314
vt 0.510302 0.368097
vt 0.223258 0.503367
vt 0.226509 0.374898
vt 0.227255 0.379762
vt 0.228429 0.384806
vt 0.105531 0.089478
vt 0.106815 0.058810
vt 0.112330 0.058420
vt 0.109915 0.088626
vt 0.108204 0.033672
vt 0.114624 0.033865
vt 0.117102 0.058309
vt 0.113759 0.087725
vt 0.119826 0.035161
vt 0.104653 0.124628
vt 0.110699 0.121627
vt 0.112832 0.120311
vt 0.107924 0.123169
vt 0.241197 0.090044
vt 0.241746 0.059247
vt 0.246211 0.059344
vt 0.245293 0.089834
vt 0.242143 0.034388
vt 0.246891 0.035248
vt 0.249825 0.059608
vt 0.248815 0.089489
vt 0.250426 0.036960
vt 0.236637 0.125571
vt 0.236743 0.089929
vt 0.240428 0.126019
vt 0.236571 0.059107
vt 0.236290 0.033993
vt 0.252882 0.038081
vt 0.252538 0.059646
vt 0.251562 0.089124
vt 0.247463 0.125676
vt 0.250129 0.125323
vt 0.244133 0.125981
vt 0.558343 0.083483
vt 0.558421 0.055002
vt 0.560835 0.054787
vt 0.560853 0.083503
vt 0.558629 0.033459
vt 0.560830 0.032599
vt 0.563264 0.055020
vt 0.563378 0.083501
vt 0.563046 0.033475
vt 0.556282 0.118035
vt 0.556281 0.083368
vt 0.558356 0.118204
vt 0.556437 0.055084
vt 0.556857 0.034289
vt 0.557390 0.022382
vt 0.564332 0.022407
vt 0.564861 0.034318
vt 0.565296 0.055116
vt 0.565487 0.083401
vt 0.563418 0.118222
vt 0.565538 0.118069
vt 0.560879 0.118267
vt 0.228987 0.159642
vt 0.230831 0.162121
vt 0.230768 0.212393
vt 0.229472 0.208827
vt 0.233214 0.164576
vt 0.232575 0.216014
vt 0.229587 0.282173
vt 0.228634 0.277704
vt 0.231014 0.286774
vt 0.225220 0.120231
vt 0.227146 0.121523
vt 0.227731 0.157585
vt 0.229810 0.123054
vt 0.233033 0.124508
vt 0.236085 0.166563
vt 0.234921 0.219104
vt 0.232982 0.290811
vt 0.509002 0.267274
vt 0.510367 0.270901
vt 0.509011 0.199155
vt 0.510386 0.202054
vt 0.508964 0.150927
vt 0.510356 0.152937
vt 0.091936 0.168477
vt 0.094970 0.168392
vt 0.096840 0.222597
vt 0.094020 0.223238
vt 0.098306 0.167876
vt 0.099871 0.221345
vt 0.099406 0.295808
vt 0.096828 0.296982
vt 0.102139 0.293877
vt 0.089576 0.168370
vt 0.101573 0.166687
vt 0.102724 0.219230
vt 0.104647 0.290938
vt 0.094786 0.297648
vt 0.091799 0.223522
vt 0.501777 0.149667
vt 0.504295 0.149255
vt 0.504356 0.196752
vt 0.501834 0.197347
vt 0.506835 0.149675
vt 0.506893 0.197355
vt 0.504356 0.264273
vt 0.501832 0.265017
vt 0.506891 0.265025
vt 0.499715 0.150913
vt 0.499753 0.267259
vt 0.499761 0.199140
vt 0.104459 0.164699
vt 0.106888 0.162238
vt 0.106935 0.212512
vt 0.105083 0.216138
vt 0.108841 0.159747
vt 0.108339 0.208933
vt 0.108098 0.282294
vt 0.106627 0.286899
vt 0.109158 0.277812
vt 0.110302 0.157667
vt 0.498433 0.152918
vt 0.498463 0.202035
vt 0.498443 0.270883
vt 0.558388 0.159471
vt 0.560912 0.159579
vt 0.560954 0.212655
vt 0.558430 0.212478
vt 0.563450 0.159489
vt 0.563491 0.212496
vt 0.561010 0.283884
vt 0.558485 0.283643
vt 0.563547 0.283661
vt 0.556314 0.159165
vt 0.565569 0.159198
vt 0.565609 0.212001
vt 0.565663 0.282971
vt 0.556408 0.282937
vt 0.556354 0.211968
vt 0.239347 0.167752
vt 0.242710 0.168271
vt 0.240829 0.222474
vt 0.237770 0.221219
vt 0.245837 0.168366
vt 0.243743 0.223126
vt 0.238248 0.295684
vt 0.235486 0.293749
vt 0.240920 0.296868
vt 0.248390 0.168281
vt 0.246156 0.223431
vt 0.243155 0.297556
vt 0.224111 0.087625
vt 0.220821 0.058215
vt 0.225480 0.058313
vt 0.227841 0.088513
vt 0.218200 0.035078
vt 0.223299 0.033770
vt 0.230941 0.058697
vt 0.232174 0.089360
vt 0.229666 0.033572
vt 0.221312 0.086843
vt 0.199736 0.783772
vt 0.194998 0.660400
vt 0.196661 0.662812
vt 0.201340 0.794442
vt 0.189808 0.523925
vt 0.191727 0.522884
vt 0.198374 0.662664
vt 0.202833 0.798315
vt 0.193764 0.520841
vt 0.553990 0.842129
vt 0.554464 0.767338
vt 0.555627 0.774862
vt 0.554563 0.869467
vt 0.554807 0.649934
vt 0.556142 0.651401
vt 0.554887 0.515423
vt 0.556281 0.514827
vt 0.188330 0.524590
vt 0.183237 0.397503
vt 0.184988 0.396580
vt 0.187239 0.395074
vt 0.189633 0.392750
vt 0.191810 0.389378
vt 0.195612 0.517656
vt 0.199905 0.660283
vt 0.204093 0.797207
vt 0.206521 0.908221
vt 0.207578 0.908380
vt 0.205152 0.900000
vt 0.203402 0.878311
vt 0.548240 0.774896
vt 0.547930 0.652301
vt 0.550341 0.654384
vt 0.550444 0.781352
vt 0.547732 0.516171
vt 0.550234 0.516580
vt 0.552770 0.652297
vt 0.552654 0.774893
vt 0.552763 0.516168
vt 0.547053 0.842134
vt 0.546465 0.767344
vt 0.548471 0.868554
vt 0.545954 0.649940
vt 0.545687 0.515429
vt 0.545575 0.388239
vt 0.547624 0.388718
vt 0.550137 0.388877
vt 0.552682 0.388715
vt 0.554824 0.388232
vt 0.552587 0.868551
vt 0.550533 0.881816
vt 0.134875 0.798337
vt 0.139288 0.662689
vt 0.141043 0.662837
vt 0.136407 0.794463
vt 0.143920 0.520868
vt 0.146000 0.522911
vt 0.142812 0.660423
vt 0.138108 0.783792
vt 0.148027 0.523950
vt 0.130277 0.908396
vt 0.133607 0.797229
vt 0.131341 0.908238
vt 0.137747 0.660308
vt 0.142061 0.517683
vt 0.145910 0.389405
vt 0.148099 0.392778
vt 0.150537 0.395101
vt 0.152898 0.396606
vt 0.154856 0.397524
vt 0.149710 0.524609
vt 0.144247 0.659008
vt 0.139429 0.776311
vt 0.546564 0.869473
vt 0.545388 0.774869
vt 0.132743 0.900015
vt 0.134570 0.878325
vt 0.518962 0.913366
vt 0.516425 0.935234
vt 0.516426 0.922422
vt 0.518866 0.901137
vt 0.513927 0.913338
vt 0.514023 0.901110
vt 0.516447 0.888676
vt 0.518672 0.869765
vt 0.514256 0.869741
vt 0.128288 0.977099
vt 0.127548 0.974453
vt 0.129445 0.905533
vt 0.127724 0.999997
vt 0.127014 0.997428
vt 0.210788 0.999999
vt 0.209854 0.977091
vt 0.210594 0.974446
vt 0.211497 0.997431
vt 0.208412 0.905517
vt 0.208858 0.894347
vt 0.210931 0.961355
vt 0.512071 0.837310
vt 0.512511 0.813724
vt 0.513063 0.785189
vt 0.514450 0.810981
vt 0.516497 0.823972
vt 0.518569 0.811004
vt 0.520515 0.813768
vt 0.520004 0.785228
vt 0.520931 0.837359
vt 0.127228 0.961363
vt 0.129028 0.894363
vt 0.194821 0.003753
vt 0.195321 0.000000
vt 0.203313 0.001146
vt 0.202554 0.004809
vt 0.143556 -0.000000
vt 0.143678 0.003763
vt 0.135934 0.004816
vt 0.135539 0.001145
vt 0.209552 0.005924
vt 0.208481 0.009206
vt 0.130019 0.009212
vt 0.129279 0.005921
vt 0.186435 0.015518
vt 0.186863 0.004313
vt 0.193872 0.015017
vt 0.187181 0.000582
vt 0.151721 0.000583
vt 0.151658 0.004324
vt 0.151769 0.015537
vt 0.144312 0.015035
vt 0.137184 0.015774
vt 0.131823 0.018853
vt 0.129052 0.023098
vt 0.127014 0.018475
vt 0.516857 0.000000
vt 0.519077 0.002822
vt 0.518878 0.012561
vt 0.516803 0.010726
vt 0.514660 0.002797
vt 0.514759 0.012538
vt 0.206411 0.018840
vt 0.211497 0.018470
vt 0.209252 0.023088
vt 0.201004 0.015758
vt 0.559195 0.959380
vt 0.556538 0.958638
vt 0.556281 0.953716
vt 0.559195 0.954711
vt 0.167612 0.009470
vt 0.167221 0.012524
vt 0.163631 0.007481
vt 0.163911 0.003982
vt 0.174942 0.007467
vt 0.175028 0.003978
vt 0.180311 0.001560
vt 0.180115 0.005224
vt 0.158429 0.005237
vt 0.158612 0.001563
vt 0.169998 0.025885
vt 0.169321 0.021712
vt 0.171395 0.012511
vt 0.171728 0.021535
vt 0.552034 0.012166
vt 0.549962 0.010063
vt 0.550060 -0.000000
vt 0.552275 0.003057
vt 0.547919 0.012169
vt 0.547861 0.003061
vt 0.169321 0.021725
vt 0.168427 0.025903
vt 0.166613 0.021555
vt 0.163177 0.017953
vt 0.158189 0.016247
vt 0.180038 0.016227
vt 0.175091 0.017932
vt 0.548386 0.926253
vt 0.550602 0.945476
vt 0.550656 0.978227
vt 0.548226 0.956439
vt 0.552800 0.926250
vt 0.553066 0.956436
vt 0.550697 0.990084
vt 0.548173 0.967432
vt 0.553204 0.967429
vt 0.555042 0.891212
vt 0.207600 0.965187
vt 0.208919 0.976134
vt 0.209892 0.998782
vt 0.129228 0.976142
vt 0.128623 0.998780
vt 0.130569 0.965195
vt 0.546188 0.891219
vt 0.205083 0.793999
vt 0.201098 0.656587
vt 0.201941 0.650968
vt 0.205715 0.785855
vt 0.197037 0.513395
vt 0.198068 0.508453
vt 0.202494 0.643458
vt 0.205967 0.771142
vt 0.198802 0.503438
vt 0.193494 0.384883
vt 0.194718 0.379835
vt 0.195596 0.374965
vt 0.510878 0.465512
vt 0.510948 0.343340
vt 0.512280 0.339784
vt 0.512204 0.461916
vt 0.510986 0.598726
vt 0.512266 0.593864
vt 0.511471 0.720229
vt 0.512595 0.710387
vt 0.510878 0.734028
vt 0.514380 0.716559
vt 0.514270 0.594170
vt 0.516689 0.595582
vt 0.516582 0.722569
vt 0.514287 0.460108
vt 0.516803 0.459678
vt 0.519113 0.594196
vt 0.518797 0.716583
vt 0.519321 0.460136
vt 0.514373 0.337585
vt 0.516903 0.336862
vt 0.519435 0.337613
vt 0.521535 0.339835
vt 0.521410 0.461966
vt 0.521126 0.593913
vt 0.520599 0.710431
vt 0.514402 0.073707
vt 0.514438 0.047901
vt 0.516847 0.047762
vt 0.516910 0.073720
vt 0.514612 0.027385
vt 0.516804 0.026631
vt 0.519281 0.047928
vt 0.519436 0.073735
vt 0.519028 0.027409
vt 0.512366 0.103785
vt 0.512343 0.073627
vt 0.514444 0.103447
vt 0.201170 0.086880
vt 0.205240 0.058010
vt 0.207802 0.057292
vt 0.203174 0.086315
vt 0.208111 0.035954
vt 0.210981 0.034401
vt 0.127504 0.034406
vt 0.130112 0.035967
vt 0.130654 0.057299
vt 0.132921 0.058025
vt 0.135272 0.086323
vt 0.136969 0.086897
vt 0.519506 0.103475
vt 0.521550 0.073678
vt 0.521621 0.103836
vt 0.516968 0.103344
vt 0.173412 0.089559
vt 0.172457 0.059675
vt 0.175945 0.059414
vt 0.176804 0.089906
vt 0.171977 0.037022
vt 0.175400 0.035312
vt 0.180363 0.059315
vt 0.180851 0.090115
vt 0.180106 0.034450
vt 0.172333 0.125385
vt 0.170920 0.089185
vt 0.174744 0.125747
vt 0.169988 0.059705
vt 0.169735 0.038135
vt 0.185953 0.034050
vt 0.185531 0.059172
vt 0.185298 0.089998
vt 0.181599 0.126092
vt 0.185383 0.125642
vt 0.177943 0.126055
vt 0.521718 0.720285
vt 0.522412 0.598790
vt 0.523077 0.605708
vt 0.522305 0.734091
vt 0.135297 0.643480
vt 0.139012 0.503460
vt 0.139644 0.508478
vt 0.135750 0.650991
vt 0.132021 0.785875
vt 0.136558 0.656611
vt 0.132619 0.794020
vt 0.140639 0.513421
vt 0.522746 0.465577
vt 0.522879 0.343406
vt 0.142263 0.374988
vt 0.143040 0.379861
vt 0.144228 0.384910
vt 0.189874 0.089424
vt 0.191167 0.058757
vt 0.196675 0.058366
vt 0.194255 0.088572
vt 0.192583 0.033624
vt 0.198991 0.033815
vt 0.201459 0.058259
vt 0.198116 0.087675
vt 0.204202 0.035114
vt 0.188994 0.124575
vt 0.195061 0.121578
vt 0.197243 0.120273
vt 0.192266 0.123116
vt 0.157009 0.090144
vt 0.157546 0.059343
vt 0.162015 0.059442
vt 0.161107 0.089935
vt 0.157914 0.034476
vt 0.162668 0.035338
vt 0.165613 0.059701
vt 0.164612 0.089586
vt 0.166190 0.037046
vt 0.152441 0.125670
vt 0.152543 0.090026
vt 0.156242 0.126122
vt 0.152357 0.059199
vt 0.152045 0.034075
vt 0.168607 0.038156
vt 0.168282 0.059727
vt 0.167313 0.089208
vt 0.163260 0.125774
vt 0.165879 0.125407
vt 0.159948 0.126084
vt 0.547410 0.079294
vt 0.547495 0.049600
vt 0.549894 0.049204
vt 0.549904 0.079143
vt 0.547723 0.027307
vt 0.549910 0.026254
vt 0.552335 0.049596
vt 0.552441 0.079291
vt 0.552136 0.027304
vt 0.545388 0.115897
vt 0.545389 0.079669
vt 0.547422 0.115591
vt 0.545551 0.050173
vt 0.545986 0.028608
vt 0.546537 0.016375
vt 0.553474 0.016370
vt 0.553985 0.028603
vt 0.554404 0.050167
vt 0.554589 0.079662
vt 0.552480 0.115588
vt 0.554637 0.115891
vt 0.549930 0.115488
vt 0.144730 0.159723
vt 0.146608 0.162212
vt 0.146549 0.212487
vt 0.145220 0.208911
vt 0.149009 0.164673
vt 0.148373 0.216113
vt 0.145371 0.282270
vt 0.144387 0.277791
vt 0.146813 0.286875
vt 0.140893 0.120291
vt 0.142881 0.121601
vt 0.143415 0.157648
vt 0.145581 0.123142
vt 0.148824 0.124602
vt 0.151891 0.166664
vt 0.150728 0.219207
vt 0.148789 0.290915
vt 0.521604 0.247857
vt 0.522951 0.251088
vt 0.521640 0.183427
vt 0.522991 0.185892
vt 0.521645 0.138201
vt 0.523004 0.139697
vt 0.176353 0.168438
vt 0.179348 0.168346
vt 0.181208 0.222551
vt 0.178425 0.223199
vt 0.182663 0.167826
vt 0.184219 0.221295
vt 0.183759 0.295762
vt 0.181217 0.296943
vt 0.186473 0.293827
vt 0.174055 0.168344
vt 0.185918 0.166635
vt 0.187061 0.219178
vt 0.188972 0.290887
vt 0.179238 0.297621
vt 0.176267 0.223495
vt 0.514474 0.137228
vt 0.517001 0.136930
vt 0.517002 0.181360
vt 0.514474 0.181857
vt 0.519536 0.137256
vt 0.519535 0.181885
vt 0.516970 0.245161
vt 0.514441 0.245815
vt 0.519502 0.245843
vt 0.512390 0.138150
vt 0.512349 0.247806
vt 0.512385 0.183376
vt 0.188797 0.164646
vt 0.191229 0.162186
vt 0.191272 0.212461
vt 0.189415 0.216086
vt 0.193205 0.159700
vt 0.192701 0.208888
vt 0.192425 0.282244
vt 0.190948 0.286847
vt 0.193510 0.277767
vt 0.194718 0.157631
vt 0.193770 0.205948
vt 0.511060 0.185826
vt 0.511020 0.251023
vt 0.547453 0.158746
vt 0.549963 0.158697
vt 0.550005 0.214208
vt 0.547495 0.214179
vt 0.552512 0.158743
vt 0.552553 0.214175
vt 0.550061 0.288707
vt 0.547550 0.288600
vt 0.552608 0.288596
vt 0.545417 0.158891
vt 0.554667 0.158885
vt 0.554705 0.214081
vt 0.554756 0.288268
vt 0.545506 0.288274
vt 0.545455 0.214088
vt 0.155161 0.167855
vt 0.158524 0.168375
vt 0.156642 0.222579
vt 0.153584 0.221324
vt 0.161632 0.168464
vt 0.159537 0.223226
vt 0.154060 0.295790
vt 0.151299 0.293855
vt 0.156712 0.296969
vt 0.164138 0.168366
vt 0.161902 0.223517
vt 0.158899 0.297642
vt 0.139832 0.087697
vt 0.136520 0.058279
vt 0.141220 0.058390
vt 0.143602 0.088598
vt 0.133865 0.035132
vt 0.139004 0.033836
vt 0.146708 0.058783
vt 0.147958 0.089451
vt 0.145399 0.033647
vt 0.284681 0.750683
vt 0.279950 0.632931
vt 0.281685 0.635433
vt 0.286351 0.761058
vt 0.274729 0.502545
vt 0.276722 0.501753
vt 0.283429 0.635364
vt 0.287873 0.764826
vt 0.278792 0.499875
vt 0.542998 0.842071
vt 0.543469 0.767282
vt 0.544681 0.774813
vt 0.543599 0.869413
vt 0.543817 0.649880
vt 0.545220 0.651357
vt 0.543907 0.515374
vt 0.545388 0.514790
vt 0.273117 0.502785
vt 0.267976 0.381315
vt 0.269862 0.380829
vt 0.272189 0.379594
vt 0.274618 0.377449
vt 0.276809 0.374237
vt 0.280652 0.496843
vt 0.284971 0.633099
vt 0.289142 0.763777
vt 0.291476 0.869487
vt 0.292540 0.869647
vt 0.290081 0.861576
vt 0.288278 0.840718
vt 0.537238 0.774839
vt 0.536923 0.652246
vt 0.539308 0.654325
vt 0.539421 0.781291
vt 0.536725 0.516119
vt 0.539198 0.516523
vt 0.541743 0.652239
vt 0.541633 0.774833
vt 0.541735 0.516112
vt 0.536090 0.842081
vt 0.535504 0.767293
vt 0.537484 0.868497
vt 0.535000 0.649893
vt 0.534745 0.515387
vt 0.534645 0.388201
vt 0.536619 0.388669
vt 0.539100 0.388823
vt 0.541656 0.388662
vt 0.543856 0.388188
vt 0.541583 0.868491
vt 0.539529 0.881756
vt 0.050305 0.798331
vt 0.054729 0.662682
vt 0.056482 0.662830
vt 0.051835 0.794458
vt 0.059364 0.520859
vt 0.061443 0.522902
vt 0.058243 0.660416
vt 0.053529 0.783786
vt 0.063463 0.523942
vt 0.045686 0.908392
vt 0.049035 0.797223
vt 0.046750 0.908234
vt 0.053187 0.660300
vt 0.057504 0.517675
vt 0.061354 0.389396
vt 0.063545 0.392769
vt 0.065982 0.395092
vt 0.068335 0.396598
vt 0.070275 0.397517
vt 0.065128 0.524604
vt 0.059660 0.659003
vt 0.054834 0.776307
vt 0.535634 0.869424
vt 0.534484 0.774827
vt 0.048152 0.900012
vt 0.049973 0.878322
vt 0.481500 0.967548
vt 0.478956 0.990528
vt 0.478937 0.976857
vt 0.481384 0.954487
vt 0.476474 0.967536
vt 0.476549 0.954475
vt 0.478952 0.941230
vt 0.481184 0.921358
vt 0.476775 0.921348
vt 0.043665 0.977099
vt 0.042925 0.974453
vt 0.044853 0.905529
vt 0.043064 1.000000
vt 0.042353 0.997432
vt 0.295348 0.955852
vt 0.294643 0.934705
vt 0.295385 0.932172
vt 0.296060 0.953398
vt 0.293375 0.866903
vt 0.293805 0.856176
vt 0.295713 0.919632
vt 0.474632 0.887451
vt 0.475062 0.862500
vt 0.475614 0.832420
vt 0.476982 0.859486
vt 0.479018 0.873115
vt 0.481094 0.859496
vt 0.483051 0.862518
vt 0.482543 0.832436
vt 0.483476 0.887472
vt 0.042603 0.961362
vt 0.044432 0.894359
vt 0.279341 0.004332
vt 0.279605 -0.000000
vt 0.287637 0.001100
vt 0.287104 0.005317
vt 0.058882 -0.000000
vt 0.059041 0.003759
vt 0.051288 0.004814
vt 0.050856 0.001145
vt 0.293908 0.005670
vt 0.293041 0.009460
vt 0.045364 0.009210
vt 0.044589 0.005922
vt 0.271114 0.016197
vt 0.271344 0.004867
vt 0.278586 0.015716
vt 0.271425 0.000552
vt 0.067056 0.000582
vt 0.067031 0.004320
vt 0.067173 0.015530
vt 0.059708 0.015029
vt 0.052569 0.015768
vt 0.047197 0.018848
vt 0.044414 0.023094
vt 0.042353 0.018473
vt 0.478840 -0.000000
vt 0.481092 0.003248
vt 0.480781 0.012642
vt 0.478666 0.010368
vt 0.476683 0.003238
vt 0.476670 0.012633
vt 0.291132 0.019198
vt 0.296060 0.018273
vt 0.293938 0.023103
vt 0.285737 0.016376
vt 0.255770 0.012599
vt 0.255503 0.009034
vt 0.259212 0.003791
vt 0.259355 0.007844
vt 0.082964 0.009468
vt 0.082605 0.012519
vt 0.079015 0.007476
vt 0.079259 0.003980
vt 0.264521 0.001483
vt 0.264562 0.005730
vt 0.073808 0.005232
vt 0.073954 0.001562
vt 0.254489 0.025755
vt 0.253674 0.021349
vt 0.256277 0.021756
vt 0.541163 0.012145
vt 0.539081 0.010041
vt 0.539328 0.000000
vt 0.541542 0.003057
vt 0.537064 0.012151
vt 0.537146 0.003063
vt 0.084706 0.021721
vt 0.083832 0.025896
vt 0.082024 0.021548
vt 0.078591 0.017945
vt 0.073600 0.016240
vt 0.264683 0.016864
vt 0.259695 0.018440
vt 0.537431 0.926199
vt 0.539630 0.945419
vt 0.539723 0.978175
vt 0.537312 0.956391
vt 0.541826 0.926193
vt 0.542132 0.956384
vt 0.539811 0.990039
vt 0.537309 0.967391
vt 0.542319 0.967384
vt 0.544126 0.891164
vt 0.292365 0.923293
vt 0.293702 0.933786
vt 0.294447 0.954689
vt 0.044606 0.976142
vt 0.043965 0.998784
vt 0.045947 0.965194
vt 0.535310 0.891177
vt 0.290133 0.760701
vt 0.286165 0.629557
vt 0.286989 0.624114
vt 0.290746 0.752852
vt 0.282080 0.492760
vt 0.283091 0.487962
vt 0.473491 0.778934
vt 0.473004 0.644019
vt 0.473635 0.636540
vt 0.474066 0.764247
vt 0.283764 0.482966
vt 0.287480 0.616741
vt 0.278497 0.369931
vt 0.279702 0.365032
vt 0.280519 0.360174
vt 0.473584 0.496499
vt 0.473699 0.368015
vt 0.475005 0.364081
vt 0.474888 0.492552
vt 0.474898 0.631284
vt 0.475177 0.753781
vt 0.476947 0.760190
vt 0.476887 0.631515
vt 0.479298 0.632962
vt 0.479140 0.766475
vt 0.476956 0.490549
vt 0.479464 0.490056
vt 0.481722 0.631526
vt 0.481356 0.760200
vt 0.481982 0.490560
vt 0.477081 0.361650
vt 0.479602 0.360844
vt 0.482134 0.361661
vt 0.484244 0.364102
vt 0.484079 0.492573
vt 0.483742 0.631305
vt 0.483167 0.753799
vt 0.476680 0.080016
vt 0.476517 0.051242
vt 0.478888 0.050825
vt 0.479160 0.079833
vt 0.476552 0.028523
vt 0.478698 0.027387
vt 0.481352 0.051253
vt 0.481706 0.080028
vt 0.480961 0.028533
vt 0.474894 0.113669
vt 0.474697 0.080496
vt 0.476919 0.112917
vt 0.474642 0.051848
vt 0.290003 0.056765
vt 0.292844 0.035557
vt 0.295558 0.033544
vt 0.292388 0.055486
vt 0.042846 0.034404
vt 0.045484 0.035962
vt 0.046003 0.057297
vt 0.048303 0.058020
vt 0.483486 0.051868
vt 0.483887 0.080517
vt 0.481972 0.112929
vt 0.484133 0.113690
vt 0.479422 0.112671
vt 0.258164 0.087349
vt 0.257178 0.058719
vt 0.260745 0.058666
vt 0.261638 0.087885
vt 0.256635 0.036891
vt 0.260131 0.035433
vt 0.265209 0.058647
vt 0.265729 0.088161
vt 0.264881 0.034677
vt 0.256964 0.121206
vt 0.255534 0.086596
vt 0.259513 0.121950
vt 0.254576 0.058366
vt 0.254277 0.037622
vt 0.270760 0.034307
vt 0.270406 0.058523
vt 0.270202 0.088062
vt 0.266491 0.122561
vt 0.270297 0.122143
vt 0.262793 0.122449
vt 0.484295 0.764270
vt 0.485042 0.636567
vt 0.485730 0.644048
vt 0.484898 0.778960
vt 0.050720 0.643474
vt 0.054437 0.503453
vt 0.055080 0.508471
vt 0.051183 0.650985
vt 0.047444 0.785870
vt 0.051995 0.656604
vt 0.048047 0.794015
vt 0.056080 0.513413
vt 0.485431 0.496526
vt 0.485609 0.368042
vt 0.057688 0.374981
vt 0.058476 0.379853
vt 0.059670 0.384901
vt 0.274797 0.087506
vt 0.276067 0.058118
vt 0.281579 0.057676
vt 0.279176 0.086619
vt 0.277420 0.033894
vt 0.283839 0.034014
vt 0.286325 0.057380
vt 0.282991 0.085561
vt 0.289021 0.035085
vt 0.273923 0.121114
vt 0.285934 0.084409
vt 0.279931 0.117975
vt 0.281998 0.116333
vt 0.277187 0.119647
vt 0.072454 0.090134
vt 0.072988 0.059334
vt 0.077457 0.059432
vt 0.076553 0.089925
vt 0.073345 0.034467
vt 0.078100 0.035329
vt 0.081050 0.059692
vt 0.080052 0.089576
vt 0.081618 0.037037
vt 0.067884 0.125660
vt 0.067984 0.090016
vt 0.071688 0.126111
vt 0.067793 0.059190
vt 0.067470 0.034066
vt 0.084021 0.038148
vt 0.083703 0.059719
vt 0.082735 0.089200
vt 0.078700 0.125765
vt 0.081302 0.125400
vt 0.075394 0.126074
vt 0.536414 0.079254
vt 0.536515 0.049562
vt 0.538875 0.049161
vt 0.538868 0.079097
vt 0.536786 0.027277
vt 0.538938 0.026219
vt 0.541335 0.049556
vt 0.541424 0.079247
vt 0.541181 0.027271
vt 0.534484 0.115870
vt 0.534490 0.079643
vt 0.536422 0.115550
vt 0.534668 0.050151
vt 0.535135 0.028591
vt 0.535724 0.016363
vt 0.542632 0.016353
vt 0.543100 0.028579
vt 0.543484 0.050138
vt 0.543652 0.079630
vt 0.541460 0.115543
vt 0.543695 0.115857
vt 0.538891 0.115441
vt 0.060151 0.159715
vt 0.062042 0.162203
vt 0.061984 0.212479
vt 0.060643 0.208903
vt 0.064449 0.164664
vt 0.063813 0.216104
vt 0.060806 0.282261
vt 0.059811 0.277783
vt 0.062254 0.286866
vt 0.056289 0.120285
vt 0.058298 0.121593
vt 0.058814 0.157642
vt 0.061012 0.123133
vt 0.064262 0.124593
vt 0.067334 0.166654
vt 0.066172 0.219197
vt 0.064233 0.290906
vt 0.484328 0.267224
vt 0.485701 0.270852
vt 0.484342 0.199110
vt 0.485730 0.202008
vt 0.484280 0.150889
vt 0.485691 0.152897
vt 0.261139 0.162756
vt 0.264214 0.162873
vt 0.266093 0.214685
vt 0.263232 0.215100
vt 0.267569 0.162453
vt 0.269143 0.213562
vt 0.268672 0.284665
vt 0.266053 0.285589
vt 0.271423 0.282892
vt 0.258704 0.162269
vt 0.270844 0.161327
vt 0.272002 0.211550
vt 0.273937 0.280094
vt 0.263937 0.285841
vt 0.260937 0.214986
vt 0.477088 0.149625
vt 0.479599 0.149216
vt 0.479681 0.196706
vt 0.477165 0.197298
vt 0.482141 0.149637
vt 0.482218 0.197310
vt 0.479679 0.264222
vt 0.477160 0.264964
vt 0.482213 0.264976
vt 0.475040 0.150868
vt 0.475089 0.267203
vt 0.475103 0.199089
vt 0.273733 0.159416
vt 0.276153 0.156991
vt 0.276206 0.205046
vt 0.274364 0.208585
vt 0.278073 0.154413
vt 0.277576 0.201428
vt 0.277378 0.271748
vt 0.275918 0.276223
vt 0.278403 0.267267
vt 0.279467 0.152040
vt 0.473781 0.152870
vt 0.473819 0.201981
vt 0.473791 0.270824
vt 0.536453 0.158704
vt 0.538924 0.158648
vt 0.538967 0.214158
vt 0.536493 0.214135
vt 0.541491 0.158697
vt 0.541531 0.214128
vt 0.539024 0.288655
vt 0.536547 0.288554
vt 0.541584 0.288546
vt 0.534509 0.158862
vt 0.543720 0.158849
vt 0.543753 0.214044
vt 0.543797 0.288228
vt 0.534586 0.288241
vt 0.534542 0.214057
vt 0.070608 0.167845
vt 0.073971 0.168365
vt 0.072088 0.222569
vt 0.069030 0.221314
vt 0.077072 0.168455
vt 0.074976 0.223217
vt 0.069505 0.295781
vt 0.066746 0.293846
vt 0.072150 0.296960
vt 0.079560 0.168358
vt 0.077324 0.223510
vt 0.074320 0.297635
vt 0.055245 0.087689
vt 0.051925 0.058272
vt 0.056640 0.058382
vt 0.059029 0.088589
vt 0.049258 0.035126
vt 0.054411 0.033829
vt 0.062138 0.058774
vt 0.063394 0.089442
vt 0.060816 0.033639
vt 0.052359 0.086891
s 0
usemtl Material.001
f 669/1/1 670/2/1 673/3/1 672/4/1
f 670/2/2 671/5/2 674/6/2 673/3/2
f 672/4/3 673/3/3 676/7/3 675/8/3
f 673/3/4 674/6/4 677/9/4 676/7/4
f 1/10/5 108/11/5 669/1/5 107/12/5
f 108/11/6 109/13/6 670/2/6 669/1/6
f 109/13/7 110/14/7 671/5/7 670/2/7
f 110/14/8 2/15/8 111/16/8 671/5/8
f 671/5/9 111/16/9 112/17/9 674/6/9
f 674/6/10 112/17/10 113/18/10 677/9/10
f 677/9/11 113/18/11 4/19/11 114/20/11
f 676/7/12 677/9/12 114/20/12 115/21/12
f 675/8/13 676/7/13 115/21/13 116/22/13
f 105/23/14 675/8/14 116/22/14 3/24/14
f 106/25/15 672/4/15 675/8/15 105/23/15
f 107/12/16 669/1/16 672/4/16 106/25/16
f 678/26/17 679/27/17 682/28/17 681/29/17
f 679/27/18 680/30/18 683/31/18 682/28/18
f 681/29/19 682/28/19 685/32/19 684/33/19
f 682/28/20 683/31/20 686/34/20 685/32/20
f 3/35/21 116/36/21 678/26/21 119/37/21
f 116/36/22 115/38/22 679/27/22 678/26/22
f 115/38/23 114/39/23 680/30/23 679/27/23
f 114/39/24 4/40/24 120/41/24 680/30/24
f 680/30/25 120/41/25 121/42/25 683/31/25
f 683/31/26 121/42/26 122/43/26 686/34/26
f 686/34/27 122/43/27 8/44/27 123/45/27
f 685/32/28 686/34/28 123/45/28 124/46/28
f 684/33/29 685/32/29 124/46/29 125/47/29
f 117/48/30 684/49/30 125/50/30 7/51/30
f 118/52/31 681/53/31 684/49/31 117/48/31
f 119/37/32 678/26/32 681/29/32 118/54/32
f 687/55/33 688/56/33 691/57/33 690/58/33
f 688/56/34 689/59/34 692/60/34 691/57/34
f 690/58/35 691/57/35 694/61/35 693/62/35
f 691/57/36 692/60/36 695/63/36 694/61/36
f 7/64/37 125/65/37 687/55/37 128/66/37
f 125/65/38 124/67/38 688/56/38 687/55/38
f 124/67/39 123/68/39 689/59/39 688/56/39
f 123/68/40 8/69/40 129/70/40 689/59/40
f 689/59/41 129/70/41 130/71/41 692/60/41
f 692/60/42 130/71/42 131/72/42 695/63/42
f 695/63/43 131/72/43 6/73/43 132/74/43
f 694/61/44 695/63/44 132/74/44 133/75/44
f 693/62/45 694/61/45 133/75/45 134/76/45
f 126/77/46 693/62/46 134/76/46 5/78/46
f 127/79/47 690/58/47 693/62/47 126/77/47
f 128/66/48 687/55/48 690/58/48 127/79/48
f 696/80/49 697/81/49 700/82/49 699/83/49
f 697/81/50 698/84/50 701/85/50 700/82/50
f 699/83/51 700/82/51 703/86/51 702/87/51
f 700/82/52 701/85/52 704/88/52 703/86/52
f 5/89/53 134/90/53 696/80/53 137/91/53
f 134/90/54 133/92/54 697/81/54 696/80/54
f 133/92/55 132/93/55 698/84/55 697/81/55
f 132/93/56 6/94/56 138/95/56 698/84/56
f 698/84/57 138/95/57 139/96/57 701/85/57
f 701/85/58 139/96/58 140/97/58 704/88/58
f 704/88/59 140/97/59 2/98/59 110/99/59
f 703/86/60 704/88/60 110/99/60 109/100/60
f 702/87/61 703/86/61 109/100/61 108/101/61
f 135/102/62 702/87/62 108/101/62 1/103/62
f 136/104/63 699/83/63 702/87/63 135/102/63
f 137/91/64 696/80/64 699/83/64 136/104/64
f 705/105/65 706/106/65 709/107/65 708/108/65
f 706/106/66 707/109/66 710/110/66 709/107/66
f 708/108/67 709/107/67 712/111/67 711/112/67
f 709/107/68 710/110/68 713/113/68 712/111/68
f 3/114/69 119/115/69 705/105/69 105/116/69
f 119/115/70 118/52/70 706/106/70 705/105/70
f 118/52/71 117/48/71 707/109/71 706/106/71
f 117/48/72 7/51/72 128/117/72 707/109/72
f 707/109/73 128/117/73 127/118/73 710/110/73
f 710/110/74 127/118/74 126/119/74 713/113/74
f 713/113/75 126/119/75 5/120/75 137/121/75
f 712/111/76 713/113/76 137/121/76 136/122/76
f 711/112/77 712/111/77 136/122/77 135/123/77
f 107/124/78 711/112/78 135/123/78 1/125/78
f 106/126/79 708/108/79 711/112/79 107/124/79
f 105/116/80 705/105/80 708/108/80 106/126/80
f 714/127/81 715/128/81 718/129/81 717/130/81
f 715/128/82 716/131/82 719/132/82 718/129/82
f 717/130/83 718/129/83 721/133/83 720/134/83
f 718/129/84 719/132/84 722/135/84 721/133/84
f 8/44/85 122/43/85 714/136/85 129/137/85
f 122/43/86 121/42/86 715/138/86 714/136/86
f 121/139/87 120/140/87 716/131/87 715/128/87
f 120/140/88 4/141/88 113/142/88 716/131/88
f 716/131/89 113/142/89 112/143/89 719/132/89
f 719/132/90 112/143/90 111/144/90 722/135/90
f 722/135/91 111/144/91 2/145/91 140/146/91
f 721/133/92 722/135/92 140/146/92 139/147/92
f 720/134/93 721/133/93 139/147/93 138/148/93
f 131/149/94 720/134/94 138/148/94 6/150/94
f 130/151/95 717/130/95 720/134/95 131/149/95
f 129/152/96 714/127/96 717/130/96 130/151/96
f 723/153/97 724/154/97 727/155/97 726/156/97
f 724/154/98 725/157/98 728/158/98 727/155/98
f 726/156/99 727/155/99 730/159/99 729/160/99
f 727/155/100 728/158/100 731/161/100 730/159/100
f 15/162/101 266/163/101 723/164/101 155/165/101
f 266/163/102 265/166/102 724/167/102 723/164/102
f 265/168/103 264/169/103 725/157/103 724/154/103
f 264/169/104 25/170/104 206/171/104 725/157/104
f 725/157/105 206/171/105 205/172/105 728/158/105
f 728/158/106 205/172/106 204/173/106 731/161/106
f 731/161/107 204/173/107 30/174/107 267/175/107
f 730/159/108 731/161/108 267/175/108 268/176/108
f 729/160/109 730/159/109 268/176/109 269/177/109
f 153/178/110 729/160/110 269/177/110 19/179/110
f 154/180/111 726/156/111 729/160/111 153/178/111
f 155/181/112 723/153/112 726/156/112 154/180/112
f 732/182/113 733/183/113 736/184/113 735/185/113
f 733/183/114 734/186/114 737/187/114 736/184/114
f 735/185/115 736/184/115 739/188/115 738/189/115
f 736/184/116 737/187/116 740/190/116 739/188/116
f 11/191/117 257/192/117 732/182/117 149/193/117
f 257/192/118 256/194/118 733/183/118 732/182/118
f 256/194/119 255/195/119 734/186/119 733/183/119
f 255/195/120 23/196/120 230/197/120 734/186/120
f 734/186/121 230/197/121 229/198/121 737/187/121
f 737/187/122 229/198/122 228/199/122 740/190/122
f 740/190/123 228/199/123 25/200/123 264/201/123
f 739/188/124 740/190/124 264/201/124 265/166/124
f 738/189/125 739/188/125 265/166/125 266/163/125
f 147/202/126 738/189/126 266/163/126 15/162/126
f 148/203/127 735/185/127 738/189/127 147/202/127
f 149/193/128 732/182/128 735/185/128 148/203/128
f 741/204/129 742/205/129 745/206/129 744/207/129
f 742/205/130 743/208/130 746/209/130 745/206/130
f 744/207/131 745/206/131 748/210/131 747/211/131
f 745/206/132 746/209/132 749/212/132 748/210/132
f 17/213/133 251/214/133 741/204/133 167/215/133
f 251/214/134 250/216/134 742/205/134 741/204/134
f 250/216/135 249/217/135 743/208/135 742/205/135
f 249/217/136 32/218/136 236/219/136 743/208/136
f 743/208/137 236/219/137 235/220/137 746/209/137
f 746/209/138 235/220/138 234/221/138 749/212/138
f 749/212/139 234/221/139 23/222/139 255/223/139
f 748/210/140 749/212/140 255/223/140 256/224/140
f 747/225/141 748/226/141 256/194/141 257/192/141
f 165/227/142 747/225/142 257/192/142 11/191/142
f 166/228/143 744/207/143 747/211/143 165/229/143
f 167/215/144 741/204/144 744/207/144 166/228/144
f 750/230/145 751/231/145 754/232/145 753/233/145
f 751/231/146 752/234/146 755/235/146 754/232/146
f 753/233/147 754/232/147 757/236/147 756/237/147
f 754/232/148 755/235/148 758/238/148 757/236/148
f 17/213/149 182/239/149 750/240/149 141/241/149
f 182/239/150 181/242/150 751/243/150 750/240/150
f 181/244/151 180/245/151 752/246/151 751/247/151
f 180/245/152 19/179/152 173/248/152 752/246/152
f 752/246/153 173/248/153 172/249/153 755/250/153
f 755/235/154 172/251/154 171/252/154 758/238/154
f 758/238/155 171/252/155 13/253/155 161/254/155
f 757/236/156 758/238/156 161/254/156 160/255/156
f 756/237/157 757/236/157 160/255/157 159/256/157
f 143/257/158 756/237/158 159/256/158 9/258/158
f 142/259/159 753/233/159 756/237/159 143/257/159
f 141/241/160 750/240/160 753/260/160 142/261/160
f 759/262/161 760/263/161 763/264/161 762/265/161
f 760/266/162 761/267/162 764/268/162 763/269/162
f 762/265/163 763/264/163 766/270/163 765/271/163
f 763/269/164 764/268/164 767/272/164 766/273/164
f 20/274/165 179/275/165 759/262/165 156/276/165
f 179/275/166 178/277/166 760/263/166 759/262/166
f 178/278/167 177/279/167 761/267/167 760/266/167
f 177/279/168 18/280/168 170/281/168 761/267/168
f 761/267/169 170/281/169 169/282/169 764/268/169
f 764/268/170 169/282/170 168/283/170 767/272/170
f 767/272/171 168/283/171 10/284/171 164/285/171
f 766/286/172 767/287/172 164/288/172 163/289/172
f 765/290/173 766/286/173 163/289/173 162/291/173
f 158/292/174 765/271/174 162/293/174 14/294/174
f 157/295/175 762/265/175 765/271/175 158/292/175
f 156/276/176 759/262/176 762/265/176 157/295/176
f 768/296/177 769/297/177 772/298/177 771/299/177
f 769/300/178 770/301/178 773/302/178 772/303/178
f 771/304/179 772/305/179 775/306/179 774/307/179
f 772/303/180 773/302/180 776/308/180 775/309/180
f 16/310/181 152/311/181 768/312/181 174/313/181
f 152/314/182 151/315/182 769/297/182 768/296/182
f 151/315/183 150/316/183 770/317/183 769/297/183
f 150/318/184 12/319/184 146/320/184 770/301/184
f 770/301/185 146/320/185 145/321/185 773/302/185
f 773/302/186 145/321/186 144/322/186 776/308/186
f 776/308/187 144/322/187 18/280/187 177/279/187
f 775/309/188 776/308/188 177/279/188 178/278/188
f 774/307/189 775/306/189 178/277/189 179/275/189
f 176/323/190 774/307/190 179/275/190 20/274/190
f 175/324/191 771/304/191 774/307/191 176/323/191
f 174/313/192 768/312/192 771/304/192 175/324/192
f 777/325/193 778/326/193 781/327/193 780/328/193
f 778/326/194 779/329/194 782/330/194 781/327/194
f 780/328/195 781/327/195 784/331/195 783/332/195
f 781/327/196 782/330/196 785/333/196 784/331/196
f 11/191/197 149/193/197 777/325/197 165/227/197
f 149/193/198 148/203/198 778/326/198 777/325/198
f 148/203/199 147/202/199 779/329/199 778/326/199
f 147/202/200 15/162/200 155/165/200 779/329/200
f 779/329/201 155/165/201 154/334/201 782/330/201
f 782/335/202 154/180/202 153/178/202 785/336/202
f 785/336/203 153/178/203 19/179/203 180/245/203
f 784/337/204 785/336/204 180/245/204 181/244/204
f 783/338/205 784/339/205 181/242/205 182/239/205
f 167/215/206 783/338/206 182/239/206 17/213/206
f 166/228/207 780/340/207 783/338/207 167/215/207
f 165/227/208 777/325/208 780/328/208 166/341/208
f 786/342/209 787/343/209 790/344/209 789/345/209
f 787/343/210 788/346/210 791/347/210 790/344/210
f 789/345/211 790/344/211 793/348/211 792/349/211
f 790/344/212 791/347/212 794/350/212 793/348/212
f 19/179/213 269/177/213 786/342/213 173/248/213
f 269/177/214 268/176/214 787/343/214 786/342/214
f 268/176/215 267/175/215 788/346/215 787/343/215
f 267/175/216 30/174/216 221/351/216 788/346/216
f 788/346/217 221/351/217 220/352/217 791/347/217
f 791/347/218 220/352/218 219/353/218 794/350/218
f 794/354/219 219/355/219 27/356/219 245/357/219
f 793/358/220 794/354/220 245/357/220 244/359/220
f 792/360/221 793/358/221 244/359/221 243/361/221
f 171/252/222 792/360/222 243/361/222 13/253/222
f 172/251/223 789/362/223 792/360/223 171/252/223
f 173/248/224 786/342/224 789/345/224 172/249/224
f 795/363/225 796/364/225 799/365/225 798/366/225
f 796/364/226 797/367/226 800/368/226 799/365/226
f 798/366/227 799/365/227 802/369/227 801/370/227
f 799/365/228 800/368/228 803/371/228 802/369/228
f 13/253/229 243/361/229 795/363/229 161/254/229
f 243/361/230 244/359/230 796/364/230 795/363/230
f 244/359/231 245/357/231 797/367/231 796/364/231
f 245/357/232 27/356/232 215/372/232 797/367/232
f 797/367/233 215/372/233 214/373/233 800/368/233
f 800/368/234 214/373/234 213/374/234 803/371/234
f 803/371/235 213/374/235 21/375/235 246/376/235
f 802/369/236 803/371/236 246/376/236 247/377/236
f 801/370/237 802/369/237 247/377/237 248/378/237
f 159/256/238 801/370/238 248/378/238 9/258/238
f 160/255/239 798/366/239 801/370/239 159/256/239
f 161/254/240 795/363/240 798/366/240 160/255/240
f 804/379/241 805/380/241 808/381/241 807/382/241
f 805/380/242 806/383/242 809/384/242 808/381/242
f 807/382/243 808/381/243 811/385/243 810/386/243
f 808/381/244 809/384/244 812/387/244 811/385/244
f 28/388/245 252/389/245 804/379/245 210/390/245
f 252/391/246 253/392/246 805/393/246 804/394/246
f 253/392/247 254/395/247 806/396/247 805/393/247
f 254/395/248 14/294/248 162/293/248 806/396/248
f 806/383/249 162/291/249 163/289/249 809/384/249
f 809/384/250 163/289/250 164/288/250 812/387/250
f 812/397/251 164/285/251 10/284/251 239/398/251
f 811/399/252 812/397/252 239/398/252 238/400/252
f 810/386/253 811/385/253 238/401/253 237/402/253
f 212/403/254 810/386/254 237/402/254 22/404/254
f 211/405/255 807/382/255 810/386/255 212/403/255
f 210/390/256 804/379/256 807/382/256 211/405/256
f 813/406/257 814/407/257 817/408/257 816/409/257
f 814/407/258 815/410/258 818/411/258 817/408/258
f 816/409/259 817/408/259 820/412/259 819/413/259
f 817/408/260 818/411/260 821/414/260 820/412/260
f 26/415/261 263/416/261 813/406/261 198/417/261
f 263/416/262 262/418/262 814/407/262 813/406/262
f 262/418/263 261/419/263 815/410/263 814/407/263
f 261/419/264 16/310/264 174/313/264 815/410/264
f 815/410/265 174/313/265 175/324/265 818/411/265
f 818/411/266 175/324/266 176/323/266 821/414/266
f 821/414/267 176/323/267 20/274/267 270/420/267
f 820/412/268 821/414/268 270/420/268 271/421/268
f 819/413/269 820/412/269 271/421/269 272/422/269
f 200/423/270 819/413/270 272/422/270 29/424/270
f 199/425/271 816/409/271 819/413/271 200/423/271
f 198/417/272 813/406/272 816/409/272 199/425/272
f 822/426/273 823/427/273 826/428/273 825/429/273
f 823/427/274 824/430/274 827/431/274 826/428/274
f 825/432/275 826/433/275 829/434/275 828/435/275
f 826/433/276 827/436/276 830/437/276 829/434/276
f 9/258/277 248/378/277 822/426/277 143/257/277
f 248/378/278 247/377/278 823/427/278 822/426/278
f 247/377/279 246/376/279 824/430/279 823/427/279
f 246/376/280 21/375/280 194/438/280 824/430/280
f 824/439/281 194/440/281 193/441/281 827/436/281
f 827/436/282 193/441/282 192/442/282 830/437/282
f 830/437/283 192/442/283 32/218/283 249/217/283
f 829/434/284 830/437/284 249/217/284 250/216/284
f 828/435/285 829/434/285 250/216/285 251/214/285
f 141/241/286 828/435/286 251/214/286 17/213/286
f 142/261/287 825/432/287 828/435/287 141/241/287
f 143/257/288 822/426/288 825/429/288 142/259/288
f 831/443/289 832/444/289 835/445/289 834/446/289
f 832/444/290 833/447/290 836/448/290 835/445/290
f 834/446/291 835/445/291 838/449/291 837/450/291
f 835/445/292 836/448/292 839/451/292 838/449/292
f 29/424/293 272/422/293 831/443/293 216/452/293
f 272/422/294 271/421/294 832/444/294 831/443/294
f 271/421/295 270/420/295 833/447/295 832/444/295
f 270/420/296 20/274/296 156/276/296 833/447/296
f 833/447/297 156/276/297 157/295/297 836/448/297
f 836/448/298 157/295/298 158/292/298 839/451/298
f 839/451/299 158/292/299 14/294/299 254/395/299
f 838/449/300 839/451/300 254/395/300 253/392/300
f 837/450/301 838/449/301 253/392/301 252/391/301
f 218/453/302 837/450/302 252/391/302 28/454/302
f 217/455/303 834/446/303 837/450/303 218/453/303
f 216/452/304 831/443/304 834/446/304 217/455/304
f 840/456/305 841/457/305 844/458/305 843/459/305
f 841/457/306 842/460/306 845/461/306 844/458/306
f 843/459/307 844/458/307 847/462/307 846/463/307
f 844/458/308 845/461/308 848/464/308 847/462/308
f 31/465/309 242/466/309 840/456/309 231/467/309
f 242/466/310 241/468/310 841/457/310 840/456/310
f 241/468/311 240/469/311 842/460/311 841/457/311
f 240/469/312 18/280/312 144/322/312 842/460/312
f 842/460/313 144/322/313 145/321/313 845/461/313
f 845/461/314 145/321/314 146/320/314 848/464/314
f 848/464/315 146/320/315 12/319/315 260/470/315
f 847/462/316 848/464/316 260/470/316 259/471/316
f 846/463/317 847/462/317 259/471/317 258/472/317
f 233/473/318 846/463/318 258/472/318 24/474/318
f 232/475/319 843/459/319 846/463/319 233/473/319
f 231/467/320 840/456/320 843/459/320 232/475/320
f 849/476/321 850/477/321 853/478/321 852/479/321
f 850/477/322 851/480/322 854/481/322 853/478/322
f 852/479/323 853/478/323 856/482/323 855/483/323
f 853/478/324 854/481/324 857/484/324 856/482/324
f 24/485/325 258/486/325 849/476/325 225/487/325
f 258/486/326 259/488/326 850/477/326 849/476/326
f 259/488/327 260/489/327 851/480/327 850/477/327
f 260/489/328 12/490/328 150/316/328 851/480/328
f 851/480/329 150/316/329 151/315/329 854/481/329
f 854/481/330 151/315/330 152/314/330 857/484/330
f 857/484/331 152/314/331 16/491/331 261/492/331
f 856/482/332 857/484/332 261/492/332 262/493/332
f 855/483/333 856/482/333 262/493/333 263/494/333
f 227/495/334 855/483/334 263/494/334 26/496/334
f 226/497/335 852/479/335 855/483/335 227/495/335
f 225/487/336 849/476/336 852/479/336 226/497/336
f 858/498/337 859/499/337 862/500/337 861/501/337
f 859/499/338 860/502/338 863/503/338 862/500/338
f 861/501/339 862/500/339 865/504/339 864/505/339
f 862/500/340 863/503/340 866/506/340 865/504/340
f 22/507/341 186/508/341 858/498/341 185/509/341
f 186/508/342 187/510/342 859/499/342 858/498/342
f 187/510/343 188/511/343 860/502/343 859/499/343
f 188/511/344 31/465/344 189/512/344 860/502/344
f 860/502/345 189/512/345 190/513/345 863/503/345
f 863/503/346 190/513/346 191/514/346 866/506/346
f 866/506/347 191/514/347 32/218/347 192/442/347
f 865/504/348 866/506/348 192/442/348 193/441/348
f 864/505/349 865/504/349 193/441/349 194/440/349
f 183/515/350 864/516/350 194/438/350 21/375/350
f 184/517/351 861/518/351 864/516/351 183/515/351
f 185/519/352 858/520/352 861/518/352 184/517/352
f 867/521/353 868/522/353 871/523/353 870/524/353
f 868/522/354 869/525/354 872/526/354 871/523/354
f 870/524/355 871/523/355 874/527/355 873/528/355
f 871/523/356 872/526/356 875/529/356 874/527/356
f 26/415/357 198/417/357 867/521/357 197/530/357
f 198/417/358 199/425/358 868/522/358 867/521/358
f 199/425/359 200/423/359 869/525/359 868/522/359
f 200/423/360 29/424/360 201/531/360 869/525/360
f 869/525/361 201/531/361 202/532/361 872/526/361
f 872/526/362 202/532/362 203/533/362 875/529/362
f 875/529/363 203/533/363 30/174/363 204/173/363
f 874/527/364 875/529/364 204/173/364 205/172/364
f 873/528/365 874/527/365 205/172/365 206/171/365
f 195/534/366 873/528/366 206/171/366 25/170/366
f 196/535/367 870/524/367 873/528/367 195/534/367
f 197/530/368 867/521/368 870/524/368 196/535/368
f 876/536/369 877/537/369 880/538/369 879/539/369
f 877/537/370 878/540/370 881/541/370 880/538/370
f 879/539/371 880/538/371 883/542/371 882/543/371
f 880/538/372 881/541/372 884/544/372 883/542/372
f 28/388/373 210/390/373 876/536/373 209/545/373
f 210/390/374 211/405/374 877/537/374 876/536/374
f 211/405/375 212/403/375 878/540/375 877/537/375
f 212/403/376 22/404/376 185/519/376 878/540/376
f 878/540/377 185/519/377 184/517/377 881/541/377
f 881/541/378 184/517/378 183/515/378 884/544/378
f 884/544/379 183/515/379 21/375/379 213/374/379
f 883/542/380 884/544/380 213/374/380 214/373/380
f 882/543/381 883/542/381 214/373/381 215/372/381
f 207/546/382 882/543/382 215/372/382 27/356/382
f 208/547/383 879/539/383 882/543/383 207/546/383
f 209/545/384 876/536/384 879/539/384 208/547/384
f 885/548/385 886/549/385 889/550/385 888/551/385
f 886/549/386 887/552/386 890/553/386 889/550/386
f 888/551/387 889/550/387 892/554/387 891/555/387
f 889/550/388 890/553/388 893/556/388 892/554/388
f 29/424/389 216/452/389 885/548/389 201/531/389
f 216/452/390 217/455/390 886/549/390 885/548/390
f 217/455/391 218/453/391 887/552/391 886/549/391
f 218/453/392 28/454/392 209/557/392 887/552/392
f 887/558/393 209/545/393 208/547/393 890/559/393
f 890/559/394 208/547/394 207/546/394 893/560/394
f 893/560/395 207/546/395 27/356/395 219/355/395
f 892/554/396 893/556/396 219/353/396 220/352/396
f 891/555/397 892/554/397 220/352/397 221/351/397
f 203/533/398 891/555/398 221/351/398 30/174/398
f 202/532/399 888/551/399 891/555/399 203/533/399
f 201/531/400 885/548/400 888/551/400 202/532/400
f 894/561/401 895/562/401 898/563/401 897/564/401
f 895/562/402 896/565/402 899/566/402 898/563/402
f 897/564/403 898/563/403 901/567/403 900/568/403
f 898/563/404 899/566/404 902/569/404 901/567/404
f 24/485/405 225/487/405 894/561/405 224/570/405
f 225/487/406 226/497/406 895/562/406 894/561/406
f 226/497/407 227/495/407 896/565/407 895/562/407
f 227/495/408 26/496/408 197/571/408 896/565/408
f 896/565/409 197/571/409 196/572/409 899/566/409
f 899/566/410 196/572/410 195/573/410 902/569/410
f 902/569/411 195/573/411 25/200/411 228/199/411
f 901/567/412 902/569/412 228/199/412 229/198/412
f 900/568/413 901/567/413 229/198/413 230/197/413
f 222/574/414 900/568/414 230/197/414 23/196/414
f 223/575/415 897/564/415 900/568/415 222/574/415
f 224/570/416 894/561/416 897/564/416 223/575/416
f 903/576/417 904/577/417 907/578/417 906/579/417
f 904/577/418 905/580/418 908/581/418 907/578/418
f 906/579/419 907/578/419 910/582/419 909/583/419
f 907/578/420 908/581/420 911/584/420 910/582/420
f 31/465/421 231/467/421 903/576/421 189/512/421
f 231/467/422 232/475/422 904/577/422 903/576/422
f 232/475/423 233/473/423 905/580/423 904/577/423
f 233/473/424 24/474/424 224/585/424 905/580/424
f 905/580/425 224/585/425 223/586/425 908/581/425
f 908/581/426 223/586/426 222/587/426 911/584/426
f 911/584/427 222/587/427 23/222/427 234/221/427
f 910/582/428 911/584/428 234/221/428 235/220/428
f 909/583/429 910/582/429 235/220/429 236/219/429
f 191/514/430 909/583/430 236/219/430 32/218/430
f 190/513/431 906/579/431 909/583/431 191/514/431
f 189/512/432 903/576/432 906/579/432 190/513/432
f 912/588/433 913/589/433 916/590/433 915/591/433
f 913/589/434 914/592/434 917/593/434 916/590/434
f 915/591/435 916/590/435 919/594/435 918/595/435
f 916/590/436 917/593/436 920/596/436 919/594/436
f 22/507/437 237/597/437 912/588/437 186/508/437
f 237/597/438 238/400/438 913/589/438 912/588/438
f 238/400/439 239/398/439 914/592/439 913/589/439
f 239/398/440 10/284/440 168/283/440 914/592/440
f 914/592/441 168/283/441 169/282/441 917/593/441
f 917/593/442 169/282/442 170/281/442 920/596/442
f 920/596/443 170/281/443 18/280/443 240/469/443
f 919/594/444 920/596/444 240/469/444 241/468/444
f 918/595/445 919/594/445 241/468/445 242/466/445
f 188/511/446 918/595/446 242/466/446 31/465/446
f 187/510/447 915/591/447 918/595/447 188/511/447
f 186/508/448 912/588/448 915/591/448 187/510/448
f 921/598/449 922/599/449 925/600/449 924/601/449
f 922/599/450 923/602/450 926/603/450 925/600/450
f 924/601/451 925/600/451 928/604/451 927/605/451
f 925/600/452 926/603/452 929/606/452 928/604/452
f 39/607/453 398/608/453 921/609/453 287/610/453
f 398/608/454 397/611/454 922/612/454 921/609/454
f 397/613/455 396/614/455 923/602/455 922/599/455
f 396/614/456 49/615/456 338/616/456 923/602/456
f 923/602/457 338/616/457 337/617/457 926/603/457
f 926/603/458 337/617/458 336/618/458 929/606/458
f 929/606/459 336/618/459 54/619/459 399/620/459
f 928/604/460 929/606/460 399/620/460 400/621/460
f 927/605/461 928/604/461 400/621/461 401/622/461
f 285/623/462 927/605/462 401/622/462 43/624/462
f 286/625/463 924/601/463 927/605/463 285/623/463
f 287/626/464 921/598/464 924/601/464 286/625/464
f 930/627/465 931/628/465 934/629/465 933/630/465
f 931/628/466 932/631/466 935/632/466 934/629/466
f 933/630/467 934/629/467 937/633/467 936/634/467
f 934/629/468 935/632/468 938/635/468 937/633/468
f 35/636/469 389/637/469 930/627/469 281/638/469
f 389/637/470 388/639/470 931/628/470 930/627/470
f 388/639/471 387/640/471 932/631/471 931/628/471
f 387/640/472 47/641/472 362/642/472 932/631/472
f 932/631/473 362/642/473 361/643/473 935/632/473
f 935/632/474 361/643/474 360/644/474 938/635/474
f 938/635/475 360/644/475 49/645/475 396/646/475
f 937/633/476 938/635/476 396/646/476 397/611/476
f 936/634/477 937/633/477 397/611/477 398/608/477
f 279/647/478 936/634/478 398/608/478 39/607/478
f 280/648/479 933/630/479 936/634/479 279/647/479
f 281/638/480 930/627/480 933/630/480 280/648/480
f 939/649/481 940/650/481 943/651/481 942/652/481
f 940/650/482 941/653/482 944/654/482 943/651/482
f 942/652/483 943/651/483 946/655/483 945/656/483
f 943/651/484 944/654/484 947/657/484 946/655/484
f 41/658/485 383/659/485 939/649/485 299/660/485
f 383/659/486 382/661/486 940/650/486 939/649/486
f 382/661/487 381/662/487 941/653/487 940/650/487
f 381/662/488 56/663/488 368/664/488 941/653/488
f 941/653/489 368/664/489 367/665/489 944/654/489
f 944/654/490 367/665/490 366/666/490 947/657/490
f 947/657/491 366/666/491 47/667/491 387/668/491
f 946/655/492 947/657/492 387/668/492 388/669/492
f 945/656/493 946/655/493 388/669/493 389/670/493
f 297/671/494 945/672/494 389/637/494 35/636/494
f 298/673/495 942/652/495 945/656/495 297/674/495
f 299/660/496 939/649/496 942/652/496 298/673/496
f 948/675/497 949/676/497 952/677/497 951/678/497
f 949/676/498 950/679/498 953/680/498 952/677/498
f 951/678/499 952/677/499 955/681/499 954/682/499
f 952/677/500 953/680/500 956/683/500 955/681/500
f 41/658/501 314/684/501 948/685/501 273/686/501
f 314/684/502 313/687/502 949/688/502 948/685/502
f 313/689/503 312/690/503 950/691/503 949/692/503
f 312/690/504 43/624/504 305/693/504 950/691/504
f 950/691/505 305/693/505 304/694/505 953/695/505
f 953/680/506 304/696/506 303/697/506 956/683/506
f 956/683/507 303/697/507 37/698/507 293/699/507
f 955/681/508 956/683/508 293/699/508 292/700/508
f 954/682/509 955/681/509 292/700/509 291/701/509
f 275/702/510 954/682/510 291/701/510 33/703/510
f 274/704/511 951/678/511 954/682/511 275/702/511
f 273/686/512 948/685/512 951/705/512 274/706/512
f 957/707/513 958/708/513 961/709/513 960/710/513
f 958/711/514 959/712/514 962/713/514 961/714/514
f 960/710/515 961/709/515 964/715/515 963/716/515
f 961/714/516 962/713/516 965/717/516 964/718/516
f 44/719/517 311/720/517 957/707/517 288/721/517
f 311/720/518 310/722/518 958/708/518 957/707/518
f 310/723/519 309/724/519 959/712/519 958/711/519
f 309/724/520 42/725/520 302/726/520 959/712/520
f 959/712/521 302/726/521 301/727/521 962/713/521
f 962/713/522 301/727/522 300/728/522 965/717/522
f 965/717/523 300/728/523 34/729/523 296/730/523
f 964/731/524 965/732/524 296/733/524 295/734/524
f 963/735/525 964/731/525 295/734/525 294/736/525
f 290/737/526 963/716/526 294/738/526 38/739/526
f 289/740/527 960/710/527 963/716/527 290/737/527
f 288/721/528 957/707/528 960/710/528 289/740/528
f 966/741/529 967/742/529 970/743/529 969/744/529
f 967/745/530 968/746/530 971/747/530 970/748/530
f 969/749/531 970/750/531 973/751/531 972/752/531
f 970/748/532 971/747/532 974/753/532 973/754/532
f 40/755/533 284/756/533 966/757/533 306/758/533
f 284/759/534 283/760/534 967/742/534 966/741/534
f 283/760/535 282/761/535 968/762/535 967/742/535
f 282/763/536 36/764/536 278/765/536 968/746/536
f 968/746/537 278/765/537 277/766/537 971/747/537
f 971/747/538 277/766/538 276/767/538 974/753/538
f 974/753/539 276/767/539 42/725/539 309/724/539
f 973/754/540 974/753/540 309/724/540 310/723/540
f 972/752/541 973/751/541 310/722/541 311/720/541
f 308/768/542 972/752/542 311/720/542 44/719/542
f 307/769/543 969/749/543 972/752/543 308/768/543
f 306/758/544 966/757/544 969/749/544 307/769/544
f 975/770/545 976/771/545 979/772/545 978/773/545
f 976/771/546 977/774/546 980/775/546 979/772/546
f 978/773/547 979/772/547 982/776/547 981/777/547
f 979/772/548 980/775/548 983/778/548 982/776/548
f 35/636/549 281/638/549 975/770/549 297/671/549
f 281/638/550 280/648/550 976/771/550 975/770/550
f 280/648/551 279/647/551 977/774/551 976/771/551
f 279/647/552 39/607/552 287/610/552 977/774/552
f 977/774/553 287/610/553 286/779/553 980/775/553
f 980/780/554 286/625/554 285/623/554 983/781/554
f 983/781/555 285/623/555 43/624/555 312/690/555
f 982/782/556 983/781/556 312/690/556 313/689/556
f 981/783/557 982/784/557 313/687/557 314/684/557
f 299/660/558 981/783/558 314/684/558 41/658/558
f 298/673/559 978/785/559 981/783/559 299/660/559
f 297/674/560 975/786/560 978/785/560 298/673/560
f 984/787/561 985/788/561 988/789/561 987/790/561
f 985/788/562 986/791/562 989/792/562 988/789/562
f 987/790/563 988/789/563 991/793/563 990/794/563
f 988/789/564 989/792/564 992/795/564 991/793/564
f 43/624/565 401/622/565 984/787/565 305/693/565
f 401/622/566 400/621/566 985/788/566 984/787/566
f 400/621/567 399/620/567 986/791/567 985/788/567
f 399/620/568 54/619/568 353/796/568 986/791/568
f 986/791/569 353/796/569 352/797/569 989/792/569
f 989/792/570 352/797/570 351/798/570 992/795/570
f 992/799/571 351/800/571 51/801/571 377/802/571
f 991/803/572 992/799/572 377/802/572 376/804/572
f 990/805/573 991/803/573 376/804/573 375/806/573
f 303/697/574 990/805/574 375/806/574 37/698/574
f 304/696/575 987/807/575 990/805/575 303/697/575
f 305/693/576 984/787/576 987/790/576 304/694/576
f 993/808/577 994/809/577 997/810/577 996/811/577
f 994/809/578 995/812/578 998/813/578 997/810/578
f 996/811/579 997/810/579 1000/814/579 999/815/579
f 997/810/580 998/813/580 1001/816/580 1000/814/580
f 37/698/581 375/806/581 993/808/581 293/699/581
f 375/806/582 376/804/582 994/809/582 993/808/582
f 376/804/583 377/802/583 995/812/583 994/809/583
f 377/802/584 51/801/584 347/817/584 995/812/584
f 995/812/585 347/817/585 346/818/585 998/813/585
f 998/813/586 346/818/586 345/819/586 1001/816/586
f 1001/816/587 345/819/587 45/820/587 378/821/587
f 1000/814/588 1001/816/588 378/821/588 379/822/588
f 999/815/589 1000/814/589 379/822/589 380/823/589
f 291/701/590 999/815/590 380/823/590 33/703/590
f 292/700/591 996/811/591 999/815/591 291/701/591
f 293/699/592 993/808/592 996/811/592 292/700/592
f 1002/824/593 1003/825/593 1006/826/593 1005/827/593
f 1003/825/594 1004/828/594 1007/829/594 1006/826/594
f 1005/827/595 1006/826/595 1009/830/595 1008/831/595
f 1006/826/596 1007/829/596 1010/832/596 1009/830/596
f 52/833/597 384/834/597 1002/824/597 342/835/597
f 384/836/598 385/837/598 1003/838/598 1002/839/598
f 385/837/599 386/840/599 1004/841/599 1003/838/599
f 386/840/600 38/739/600 294/738/600 1004/841/600
f 1004/828/601 294/736/601 295/734/601 1007/829/601
f 1007/829/602 295/734/602 296/733/602 1010/832/602
f 1010/842/603 296/730/603 34/729/603 371/843/603
f 1009/844/604 1010/842/604 371/843/604 370/845/604
f 1008/831/605 1009/830/605 370/846/605 369/847/605
f 344/848/606 1008/831/606 369/847/606 46/849/606
f 343/850/607 1005/827/607 1008/831/607 344/848/607
f 342/835/608 1002/824/608 1005/827/608 343/850/608
f 1011/851/609 1012/852/609 1015/853/609 1014/854/609
f 1012/852/610 1013/855/610 1016/856/610 1015/853/610
f 1014/854/611 1015/853/611 1018/857/611 1017/858/611
f 1015/853/612 1016/856/612 1019/859/612 1018/857/612
f 50/860/613 395/861/613 1011/851/613 330/862/613
f 395/861/614 394/863/614 1012/852/614 1011/851/614
f 394/863/615 393/864/615 1013/855/615 1012/852/615
f 393/864/616 40/755/616 306/758/616 1013/855/616
f 1013/855/617 306/758/617 307/769/617 1016/856/617
f 1016/856/618 307/769/618 308/768/618 1019/859/618
f 1019/859/619 308/768/619 44/719/619 402/865/619
f 1018/857/620 1019/859/620 402/865/620 403/866/620
f 1017/858/621 1018/857/621 403/866/621 404/867/621
f 332/868/622 1017/858/622 404/867/622 53/869/622
f 331/870/623 1014/854/623 1017/858/623 332/868/623
f 330/862/624 1011/851/624 1014/854/624 331/870/624
f 1020/871/625 1021/872/625 1024/873/625 1023/874/625
f 1021/872/626 1022/875/626 1025/876/626 1024/873/626
f 1023/877/627 1024/878/627 1027/879/627 1026/880/627
f 1024/878/628 1025/881/628 1028/882/628 1027/879/628
f 33/703/629 380/823/629 1020/871/629 275/702/629
f 380/823/630 379/822/630 1021/872/630 1020/871/630
f 379/822/631 378/821/631 1022/875/631 1021/872/631
f 378/821/632 45/820/632 326/883/632 1022/875/632
f 1022/884/633 326/885/633 325/886/633 1025/881/633
f 1025/881/634 325/886/634 324/887/634 1028/882/634
f 1028/882/635 324/887/635 56/663/635 381/662/635
f 1027/879/636 1028/882/636 381/662/636 382/661/636
f 1026/880/637 1027/879/637 382/661/637 383/659/637
f 273/686/638 1026/880/638 383/659/638 41/658/638
f 274/706/639 1023/877/639 1026/880/639 273/686/639
f 275/702/640 1020/871/640 1023/874/640 274/704/640
f 1029/888/641 1030/889/641 1033/890/641 1032/891/641
f 1030/889/642 1031/892/642 1034/893/642 1033/890/642
f 1032/891/643 1033/890/643 1036/894/643 1035/895/643
f 1033/890/644 1034/893/644 1037/896/644 1036/894/644
f 53/869/645 404/867/645 1029/888/645 348/897/645
f 404/867/646 403/866/646 1030/889/646 1029/888/646
f 403/866/647 402/865/647 1031/892/647 1030/889/647
f 402/865/648 44/719/648 288/721/648 1031/892/648
f 1031/892/649 288/721/649 289/740/649 1034/893/649
f 1034/893/650 289/740/650 290/737/650 1037/896/650
f 1037/896/651 290/737/651 38/739/651 386/840/651
f 1036/894/652 1037/896/652 386/840/652 385/837/652
f 1035/895/653 1036/894/653 385/837/653 384/836/653
f 350/898/654 1035/895/654 384/836/654 52/899/654
f 349/900/655 1032/891/655 1035/895/655 350/898/655
f 348/897/656 1029/888/656 1032/891/656 349/900/656
f 1038/901/657 1039/902/657 1042/903/657 1041/904/657
f 1039/902/658 1040/905/658 1043/906/658 1042/903/658
f 1041/904/659 1042/903/659 1045/907/659 1044/908/659
f 1042/903/660 1043/906/660 1046/909/660 1045/907/660
f 55/910/661 374/911/661 1038/901/661 363/912/661
f 374/911/662 373/913/662 1039/902/662 1038/901/662
f 373/913/663 372/914/663 1040/905/663 1039/902/663
f 372/914/664 42/725/664 276/767/664 1040/905/664
f 1040/905/665 276/767/665 277/766/665 1043/906/665
f 1043/906/666 277/766/666 278/765/666 1046/909/666
f 1046/909/667 278/765/667 36/764/667 392/915/667
f 1045/907/668 1046/909/668 392/915/668 391/916/668
f 1044/908/669 1045/907/669 391/916/669 390/917/669
f 365/918/670 1044/908/670 390/917/670 48/919/670
f 364/920/671 1041/904/671 1044/908/671 365/918/671
f 363/912/672 1038/901/672 1041/904/672 364/920/672
f 1047/921/673 1048/922/673 1051/923/673 1050/924/673
f 1048/922/674 1049/925/674 1052/926/674 1051/923/674
f 1050/924/675 1051/923/675 1054/927/675 1053/928/675
f 1051/923/676 1052/926/676 1055/929/676 1054/927/676
f 48/930/677 390/931/677 1047/921/677 357/932/677
f 390/931/678 391/933/678 1048/922/678 1047/921/678
f 391/933/679 392/934/679 1049/925/679 1048/922/679
f 392/934/680 36/935/680 282/761/680 1049/925/680
f 1049/925/681 282/761/681 283/760/681 1052/926/681
f 1052/926/682 283/760/682 284/759/682 1055/929/682
f 1055/929/683 284/759/683 40/936/683 393/937/683
f 1054/927/684 1055/929/684 393/937/684 394/938/684
f 1053/928/685 1054/927/685 394/938/685 395/939/685
f 359/940/686 1053/928/686 395/939/686 50/941/686
f 358/942/687 1050/924/687 1053/928/687 359/940/687
f 357/932/688 1047/921/688 1050/924/688 358/942/688
f 1056/943/689 1057/944/689 1060/945/689 1059/946/689
f 1057/944/690 1058/947/690 1061/948/690 1060/945/690
f 1059/946/691 1060/945/691 1063/949/691 1062/950/691
f 1060/945/692 1061/948/692 1064/951/692 1063/949/692
f 46/952/693 318/953/693 1056/943/693 317/954/693
f 318/953/694 319/955/694 1057/944/694 1056/943/694
f 319/955/695 320/956/695 1058/947/695 1057/944/695
f 320/956/696 55/910/696 321/957/696 1058/947/696
f 1058/947/697 321/957/697 322/958/697 1061/948/697
f 1061/948/698 322/958/698 323/959/698 1064/951/698
f 1064/951/699 323/959/699 56/663/699 324/887/699
f 1063/949/700 1064/951/700 324/887/700 325/886/700
f 1062/950/701 1063/949/701 325/886/701 326/885/701
f 315/960/702 1062/961/702 326/883/702 45/820/702
f 316/962/703 1059/963/703 1062/961/703 315/960/703
f 317/964/704 1056/965/704 1059/963/704 316/962/704
f 1065/966/705 1066/967/705 1069/968/705 1068/969/705
f 1066/967/706 1067/970/706 1070/971/706 1069/968/706
f 1068/969/707 1069/968/707 1072/972/707 1071/973/707
f 1069/968/708 1070/971/708 1073/974/708 1072/972/708
f 50/860/709 330/862/709 1065/966/709 329/975/709
f 330/862/710 331/870/710 1066/967/710 1065/966/710
f 331/870/711 332/868/711 1067/970/711 1066/967/711
f 332/868/712 53/869/712 333/976/712 1067/970/712
f 1067/970/713 333/976/713 334/977/713 1070/971/713
f 1070/971/714 334/977/714 335/978/714 1073/974/714
f 1073/974/715 335/978/715 54/619/715 336/618/715
f 1072/972/716 1073/974/716 336/618/716 337/617/716
f 1071/973/717 1072/972/717 337/617/717 338/616/717
f 327/979/718 1071/973/718 338/616/718 49/615/718
f 328/980/719 1068/969/719 1071/973/719 327/979/719
f 329/975/720 1065/966/720 1068/969/720 328/980/720
f 1074/981/721 1075/982/721 1078/983/721 1077/984/721
f 1075/982/722 1076/985/722 1079/986/722 1078/983/722
f 1077/984/723 1078/983/723 1081/987/723 1080/988/723
f 1078/983/724 1079/986/724 1082/989/724 1081/987/724
f 52/833/725 342/835/725 1074/981/725 341/990/725
f 342/835/726 343/850/726 1075/982/726 1074/981/726
f 343/850/727 344/848/727 1076/985/727 1075/982/727
f 344/848/728 46/849/728 317/964/728 1076/985/728
f 1076/985/729 317/964/729 316/962/729 1079/986/729
f 1079/986/730 316/962/730 315/960/730 1082/989/730
f 1082/989/731 315/960/731 45/820/731 345/819/731
f 1081/987/732 1082/989/732 345/819/732 346/818/732
f 1080/988/733 1081/987/733 346/818/733 347/817/733
f 339/991/734 1080/988/734 347/817/734 51/801/734
f 340/992/735 1077/984/735 1080/988/735 339/991/735
f 341/990/736 1074/981/736 1077/984/736 340/992/736
f 1083/993/737 1084/994/737 1087/995/737 1086/996/737
f 1084/994/738 1085/997/738 1088/998/738 1087/995/738
f 1086/996/739 1087/995/739 1090/999/739 1089/1000/739
f 1087/995/740 1088/998/740 1091/1001/740 1090/999/740
f 53/869/741 348/897/741 1083/993/741 333/976/741
f 348/897/742 349/900/742 1084/994/742 1083/993/742
f 349/900/743 350/898/743 1085/997/743 1084/994/743
f 350/898/744 52/899/744 341/1002/744 1085/997/744
f 1085/1003/745 341/990/745 340/992/745 1088/1004/745
f 1088/1004/746 340/992/746 339/991/746 1091/1005/746
f 1091/1005/747 339/991/747 51/801/747 351/800/747
f 1090/999/748 1091/1001/748 351/798/748 352/797/748
f 1089/1000/749 1090/999/749 352/797/749 353/796/749
f 335/978/750 1089/1000/750 353/796/750 54/619/750
f 334/977/751 1086/996/751 1089/1000/751 335/978/751
f 333/976/752 1083/993/752 1086/996/752 334/977/752
f 1092/1006/753 1093/1007/753 1096/1008/753 1095/1009/753
f 1093/1007/754 1094/1010/754 1097/1011/754 1096/1008/754
f 1095/1009/755 1096/1008/755 1099/1012/755 1098/1013/755
f 1096/1008/756 1097/1011/756 1100/1014/756 1099/1012/756
f 48/930/757 357/932/757 1092/1006/757 356/1015/757
f 357/932/758 358/942/758 1093/1007/758 1092/1006/758
f 358/942/759 359/940/759 1094/1010/759 1093/1007/759
f 359/940/760 50/941/760 329/1016/760 1094/1010/760
f 1094/1010/761 329/1016/761 328/1017/761 1097/1011/761
f 1097/1011/762 328/1017/762 327/1018/762 1100/1014/762
f 1100/1014/763 327/1018/763 49/645/763 360/644/763
f 1099/1012/764 1100/1014/764 360/644/764 361/643/764
f 1098/1013/765 1099/1012/765 361/643/765 362/642/765
f 354/1019/766 1098/1013/766 362/642/766 47/641/766
f 355/1020/767 1095/1009/767 1098/1013/767 354/1019/767
f 356/1015/768 1092/1006/768 1095/1009/768 355/1020/768
f 1101/1021/769 1102/1022/769 1105/1023/769 1104/1024/769
f 1102/1022/770 1103/1025/770 1106/1026/770 1105/1023/770
f 1104/1024/771 1105/1023/771 1108/1027/771 1107/1028/771
f 1105/1023/772 1106/1026/772 1109/1029/772 1108/1027/772
f 55/910/773 363/912/773 1101/1021/773 321/957/773
f 363/912/774 364/920/774 1102/1022/774 1101/1021/774
f 364/920/775 365/918/775 1103/1025/775 1102/1022/775
f 365/918/776 48/919/776 356/1030/776 1103/1025/776
f 1103/1025/777 356/1030/777 355/1031/777 1106/1026/777
f 1106/1026/778 355/1031/778 354/1032/778 1109/1029/778
f 1109/1029/779 354/1032/779 47/667/779 366/666/779
f 1108/1027/780 1109/1029/780 366/666/780 367/665/780
f 1107/1028/781 1108/1027/781 367/665/781 368/664/781
f 323/959/782 1107/1028/782 368/664/782 56/663/782
f 322/958/783 1104/1024/783 1107/1028/783 323/959/783
f 321/957/784 1101/1021/784 1104/1024/784 322/958/784
f 1110/1033/785 1111/1034/785 1114/1035/785 1113/1036/785
f 1111/1034/786 1112/1037/786 1115/1038/786 1114/1035/786
f 1113/1036/787 1114/1035/787 1117/1039/787 1116/1040/787
f 1114/1035/788 1115/1038/788 1118/1041/788 1117/1039/788
f 46/952/789 369/1042/789 1110/1033/789 318/953/789
f 369/1042/790 370/845/790 1111/1034/790 1110/1033/790
f 370/845/791 371/843/791 1112/1037/791 1111/1034/791
f 371/843/792 34/729/792 300/728/792 1112/1037/792
f 1112/1037/793 300/728/793 301/727/793 1115/1038/793
f 1115/1038/794 301/727/794 302/726/794 1118/1041/794
f 1118/1041/795 302/726/795 42/725/795 372/914/795
f 1117/1039/796 1118/1041/796 372/914/796 373/913/796
f 1116/1040/797 1117/1039/797 373/913/797 374/911/797
f 320/956/798 1116/1040/798 374/911/798 55/910/798
f 319/955/799 1113/1036/799 1116/1040/799 320/956/799
f 318/953/800 1110/1033/800 1113/1036/800 319/955/800
f 1119/1043/801 1120/1044/801 1123/1045/801 1122/1046/801
f 1120/1044/802 1121/1047/802 1124/1048/802 1123/1045/802
f 1122/1046/803 1123/1045/803 1126/1049/803 1125/1050/803
f 1123/1045/804 1124/1048/804 1127/1051/804 1126/1049/804
f 63/1052/805 530/1053/805 1119/1054/805 419/1055/805
f 530/1053/806 529/1056/806 1120/1057/806 1119/1054/806
f 529/1056/807 528/1058/807 1121/1059/807 1120/1057/807
f 528/1060/808 73/1061/808 470/1062/808 1121/1047/808
f 1121/1047/809 470/1062/809 469/1063/809 1124/1048/809
f 1124/1048/810 469/1063/810 468/1064/810 1127/1051/810
f 1127/1051/811 468/1064/811 78/1065/811 531/1066/811
f 1126/1049/812 1127/1051/812 531/1066/812 532/1067/812
f 1125/1050/813 1126/1049/813 532/1067/813 533/1068/813
f 417/1069/814 1125/1050/814 533/1068/814 67/1070/814
f 418/1071/815 1122/1046/815 1125/1050/815 417/1069/815
f 419/1072/816 1119/1043/816 1122/1046/816 418/1071/816
f 1128/1073/817 1129/1074/817 1132/1075/817 1131/1076/817
f 1129/1074/818 1130/1077/818 1133/1078/818 1132/1075/818
f 1131/1076/819 1132/1075/819 1135/1079/819 1134/1080/819
f 1132/1075/820 1133/1078/820 1136/1081/820 1135/1079/820
f 59/1082/821 521/1083/821 1128/1073/821 413/1084/821
f 521/1083/822 520/1085/822 1129/1074/822 1128/1073/822
f 520/1085/823 519/1086/823 1130/1077/823 1129/1074/823
f 519/1086/824 71/1087/824 494/1088/824 1130/1077/824
f 1130/1077/825 494/1088/825 493/1089/825 1133/1078/825
f 1133/1078/826 493/1089/826 492/1090/826 1136/1081/826
f 1136/1081/827 492/1090/827 73/1091/827 528/1058/827
f 1135/1079/828 1136/1081/828 528/1058/828 529/1056/828
f 1134/1080/829 1135/1079/829 529/1056/829 530/1053/829
f 411/1092/830 1134/1080/830 530/1053/830 63/1052/830
f 412/1093/831 1131/1076/831 1134/1080/831 411/1092/831
f 413/1084/832 1128/1073/832 1131/1076/832 412/1093/832
f 1137/1094/833 1138/1095/833 1141/1096/833 1140/1097/833
f 1138/1095/834 1139/1098/834 1142/1099/834 1141/1096/834
f 1140/1097/835 1141/1096/835 1144/1100/835 1143/1101/835
f 1141/1096/836 1142/1099/836 1145/1102/836 1144/1100/836
f 65/1103/837 515/1104/837 1137/1094/837 431/1105/837
f 515/1104/838 514/1106/838 1138/1095/838 1137/1094/838
f 514/1106/839 513/1107/839 1139/1098/839 1138/1095/839
f 513/1107/840 80/1108/840 500/1109/840 1139/1098/840
f 1139/1098/841 500/1109/841 499/1110/841 1142/1099/841
f 1142/1099/842 499/1110/842 498/1111/842 1145/1102/842
f 1145/1102/843 498/1111/843 71/1112/843 519/1113/843
f 1144/1100/844 1145/1102/844 519/1113/844 520/1114/844
f 1143/1101/845 1144/1100/845 520/1114/845 521/1115/845
f 429/1116/846 1143/1117/846 521/1083/846 59/1082/846
f 430/1118/847 1140/1097/847 1143/1101/847 429/1119/847
f 431/1105/848 1137/1094/848 1140/1097/848 430/1118/848
f 1146/1120/849 1147/1121/849 1150/1122/849 1149/1123/849
f 1147/1121/850 1148/1124/850 1151/1125/850 1150/1122/850
f 1149/1123/851 1150/1122/851 1153/1126/851 1152/1127/851
f 1150/1122/852 1151/1125/852 1154/1128/852 1153/1126/852
f 65/1103/853 446/1129/853 1146/1130/853 405/1131/853
f 446/1129/854 445/1132/854 1147/1133/854 1146/1130/854
f 445/1134/855 444/1135/855 1148/1136/855 1147/1137/855
f 444/1135/856 67/1070/856 437/1138/856 1148/1136/856
f 1148/1136/857 437/1138/857 436/1139/857 1151/1140/857
f 1151/1125/858 436/1141/858 435/1142/858 1154/1128/858
f 1154/1128/859 435/1142/859 61/1143/859 425/1144/859
f 1153/1126/860 1154/1128/860 425/1144/860 424/1145/860
f 1152/1127/861 1153/1126/861 424/1145/861 423/1146/861
f 407/1147/862 1152/1127/862 423/1146/862 57/1148/862
f 406/1149/863 1149/1123/863 1152/1127/863 407/1147/863
f 405/1131/864 1146/1130/864 1149/1150/864 406/1151/864
f 1155/1152/865 1156/1153/865 1159/1154/865 1158/1155/865
f 1156/1156/866 1157/1157/866 1160/1158/866 1159/1159/866
f 1158/1155/867 1159/1154/867 1162/1160/867 1161/1161/867
f 1159/1159/868 1160/1158/868 1163/1162/868 1162/1163/868
f 68/1164/869 443/1165/869 1155/1152/869 420/1166/869
f 443/1165/870 442/1167/870 1156/1153/870 1155/1152/870
f 442/1168/871 441/1169/871 1157/1157/871 1156/1156/871
f 441/1169/872 66/1170/872 434/1171/872 1157/1157/872
f 1157/1157/873 434/1171/873 433/1172/873 1160/1158/873
f 1160/1158/874 433/1172/874 432/1173/874 1163/1162/874
f 1163/1162/875 432/1173/875 58/1174/875 428/1175/875
f 1162/1176/876 1163/1177/876 428/1178/876 427/1179/876
f 1161/1180/877 1162/1176/877 427/1179/877 426/1181/877
f 422/1182/878 1161/1161/878 426/1183/878 62/1184/878
f 421/1185/879 1158/1155/879 1161/1161/879 422/1182/879
f 420/1166/880 1155/1152/880 1158/1155/880 421/1185/880
f 1164/1186/881 1165/1187/881 1168/1188/881 1167/1189/881
f 1165/1190/882 1166/1191/882 1169/1192/882 1168/1193/882
f 1167/1194/883 1168/1195/883 1171/1196/883 1170/1197/883
f 1168/1193/884 1169/1192/884 1172/1198/884 1171/1199/884
f 64/1200/885 416/1201/885 1164/1202/885 438/1203/885
f 416/1204/886 415/1205/886 1165/1206/886 1164/1207/886
f 415/1205/887 414/1208/887 1166/1209/887 1165/1206/887
f 414/1210/888 60/1211/888 410/1212/888 1166/1191/888
f 1166/1191/889 410/1212/889 409/1213/889 1169/1192/889
f 1169/1192/890 409/1213/890 408/1214/890 1172/1198/890
f 1172/1198/891 408/1214/891 66/1170/891 441/1169/891
f 1171/1199/892 1172/1198/892 441/1169/892 442/1168/892
f 1170/1197/893 1171/1196/893 442/1167/893 443/1165/893
f 440/1215/894 1170/1197/894 443/1165/894 68/1164/894
f 439/1216/895 1167/1194/895 1170/1197/895 440/1215/895
f 438/1203/896 1164/1202/896 1167/1194/896 439/1216/896
f 1173/1217/897 1174/1218/897 1177/1219/897 1176/1220/897
f 1174/1218/898 1175/1221/898 1178/1222/898 1177/1219/898
f 1176/1220/899 1177/1219/899 1180/1223/899 1179/1224/899
f 1177/1219/900 1178/1222/900 1181/1225/900 1180/1223/900
f 59/1082/901 413/1084/901 1173/1217/901 429/1116/901
f 413/1084/902 412/1093/902 1174/1218/902 1173/1217/902
f 412/1093/903 411/1092/903 1175/1221/903 1174/1218/903
f 411/1092/904 63/1052/904 419/1055/904 1175/1221/904
f 1175/1221/905 419/1055/905 418/1226/905 1178/1222/905
f 1178/1227/906 418/1071/906 417/1069/906 1181/1228/906
f 1181/1228/907 417/1069/907 67/1070/907 444/1135/907
f 1180/1229/908 1181/1228/908 444/1135/908 445/1134/908
f 1179/1230/909 1180/1231/909 445/1132/909 446/1129/909
f 431/1105/910 1179/1230/910 446/1129/910 65/1103/910
f 430/1118/911 1176/1232/911 1179/1230/911 431/1105/911
f 429/1116/912 1173/1217/912 1176/1220/912 430/1233/912
f 1182/1234/913 1183/1235/913 1186/1236/913 1185/1237/913
f 1183/1235/914 1184/1238/914 1187/1239/914 1186/1236/914
f 1185/1237/915 1186/1236/915 1189/1240/915 1188/1241/915
f 1186/1236/916 1187/1239/916 1190/1242/916 1189/1240/916
f 67/1070/917 533/1068/917 1182/1234/917 437/1138/917
f 533/1068/918 532/1067/918 1183/1235/918 1182/1234/918
f 532/1067/919 531/1066/919 1184/1238/919 1183/1235/919
f 531/1066/920 78/1065/920 485/1243/920 1184/1238/920
f 1184/1238/921 485/1243/921 484/1244/921 1187/1239/921
f 1187/1239/922 484/1244/922 483/1245/922 1190/1242/922
f 1190/1246/923 483/1247/923 75/1248/923 509/1249/923
f 1189/1250/924 1190/1246/924 509/1249/924 508/1251/924
f 1188/1252/925 1189/1250/925 508/1251/925 507/1253/925
f 435/1142/926 1188/1252/926 507/1253/926 61/1143/926
f 436/1141/927 1185/1254/927 1188/1252/927 435/1142/927
f 437/1138/928 1182/1234/928 1185/1237/928 436/1139/928
f 1191/1255/929 1192/1256/929 1195/1257/929 1194/1258/929
f 1192/1256/930 1193/1259/930 1196/1260/930 1195/1257/930
f 1194/1258/931 1195/1257/931 1198/1261/931 1197/1262/931
f 1195/1257/932 1196/1260/932 1199/1263/932 1198/1261/932
f 61/1143/933 507/1253/933 1191/1255/933 425/1144/933
f 507/1253/934 508/1251/934 1192/1256/934 1191/1255/934
f 508/1251/935 509/1249/935 1193/1259/935 1192/1256/935
f 509/1249/936 75/1248/936 479/1264/936 1193/1259/936
f 1193/1259/937 479/1264/937 478/1265/937 1196/1260/937
f 1196/1260/938 478/1265/938 477/1266/938 1199/1263/938
f 1199/1263/939 477/1266/939 69/1267/939 510/1268/939
f 1198/1261/940 1199/1263/940 510/1268/940 511/1269/940
f 1197/1262/941 1198/1261/941 511/1269/941 512/1270/941
f 423/1146/942 1197/1262/942 512/1270/942 57/1148/942
f 424/1145/943 1194/1258/943 1197/1262/943 423/1146/943
f 425/1144/944 1191/1255/944 1194/1258/944 424/1145/944
f 1200/1271/945 1201/1272/945 1204/1273/945 1203/1274/945
f 1201/1272/946 1202/1275/946 1205/1276/946 1204/1273/946
f 1203/1274/947 1204/1273/947 1207/1277/947 1206/1278/947
f 1204/1273/948 1205/1276/948 1208/1279/948 1207/1277/948
f 76/1280/949 516/1281/949 1200/1271/949 474/1282/949
f 516/1283/950 517/1284/950 1201/1285/950 1200/1286/950
f 517/1284/951 518/1287/951 1202/1288/951 1201/1285/951
f 518/1287/952 62/1184/952 426/1183/952 1202/1288/952
f 1202/1275/953 426/1181/953 427/1179/953 1205/1276/953
f 1205/1276/954 427/1179/954 428/1178/954 1208/1279/954
f 1208/1289/955 428/1175/955 58/1174/955 503/1290/955
f 1207/1291/956 1208/1289/956 503/1290/956 502/1292/956
f 1206/1293/957 1207/1291/957 502/1292/957 501/1294/957
f 476/1295/958 1206/1278/958 501/1296/958 70/1297/958
f 475/1298/959 1203/1274/959 1206/1278/959 476/1295/959
f 474/1282/960 1200/1271/960 1203/1274/960 475/1298/960
f 1209/1299/961 1210/1300/961 1213/1301/961 1212/1302/961
f 1210/1300/962 1211/1303/962 1214/1304/962 1213/1301/962
f 1212/1302/963 1213/1301/963 1216/1305/963 1215/1306/963
f 1213/1301/964 1214/1304/964 1217/1307/964 1216/1305/964
f 74/1308/965 527/1309/965 1209/1299/965 462/1310/965
f 527/1309/966 526/1311/966 1210/1300/966 1209/1299/966
f 526/1311/967 525/1312/967 1211/1303/967 1210/1300/967
f 525/1312/968 64/1200/968 438/1203/968 1211/1303/968
f 1211/1303/969 438/1203/969 439/1216/969 1214/1304/969
f 1214/1304/970 439/1216/970 440/1215/970 1217/1307/970
f 1217/1307/971 440/1215/971 68/1164/971 534/1313/971
f 1216/1305/972 1217/1307/972 534/1313/972 535/1314/972
f 1215/1306/973 1216/1305/973 535/1314/973 536/1315/973
f 464/1316/974 1215/1306/974 536/1315/974 77/1317/974
f 463/1318/975 1212/1302/975 1215/1306/975 464/1316/975
f 462/1310/976 1209/1299/976 1212/1302/976 463/1318/976
f 1218/1319/977 1219/1320/977 1222/1321/977 1221/1322/977
f 1219/1323/978 1220/1324/978 1223/1325/978 1222/1326/978
f 1221/1327/979 1222/1326/979 1225/1328/979 1224/1329/979
f 1222/1326/980 1223/1325/980 1226/1330/980 1225/1328/980
f 57/1148/981 512/1270/981 1218/1319/981 407/1147/981
f 512/1270/982 511/1269/982 1219/1320/982 1218/1319/982
f 511/1269/983 510/1268/983 1220/1331/983 1219/1320/983
f 510/1268/984 69/1267/984 458/1332/984 1220/1331/984
f 1220/1324/985 458/1333/985 457/1334/985 1223/1325/985
f 1223/1325/986 457/1334/986 456/1335/986 1226/1330/986
f 1226/1330/987 456/1335/987 80/1108/987 513/1107/987
f 1225/1328/988 1226/1330/988 513/1107/988 514/1106/988
f 1224/1329/989 1225/1328/989 514/1106/989 515/1104/989
f 405/1131/990 1224/1329/990 515/1104/990 65/1103/990
f 406/1151/991 1221/1327/991 1224/1329/991 405/1131/991
f 407/1147/992 1218/1319/992 1221/1322/992 406/1149/992
f 1227/1336/993 1228/1337/993 1231/1338/993 1230/1339/993
f 1228/1337/994 1229/1340/994 1232/1341/994 1231/1338/994
f 1230/1339/995 1231/1338/995 1234/1342/995 1233/1343/995
f 1231/1338/996 1232/1341/996 1235/1344/996 1234/1342/996
f 77/1317/997 536/1315/997 1227/1336/997 480/1345/997
f 536/1315/998 535/1314/998 1228/1337/998 1227/1336/998
f 535/1314/999 534/1313/999 1229/1340/999 1228/1337/999
f 534/1313/1000 68/1164/1000 420/1166/1000 1229/1340/1000
f 1229/1340/1001 420/1166/1001 421/1185/1001 1232/1341/1001
f 1232/1341/1002 421/1185/1002 422/1182/1002 1235/1344/1002
f 1235/1344/1003 422/1182/1003 62/1184/1003 518/1287/1003
f 1234/1342/1004 1235/1344/1004 518/1287/1004 517/1284/1004
f 1233/1343/1005 1234/1342/1005 517/1284/1005 516/1283/1005
f 482/1346/1006 1233/1343/1006 516/1283/1006 76/1347/1006
f 481/1348/1007 1230/1339/1007 1233/1343/1007 482/1346/1007
f 480/1345/1008 1227/1336/1008 1230/1339/1008 481/1348/1008
f 1236/1349/1009 1237/1350/1009 1240/1351/1009 1239/1352/1009
f 1237/1350/1010 1238/1353/1010 1241/1354/1010 1240/1351/1010
f 1239/1352/1011 1240/1351/1011 1243/1355/1011 1242/1356/1011
f 1240/1351/1012 1241/1354/1012 1244/1357/1012 1243/1355/1012
f 79/1358/1013 506/1359/1013 1236/1349/1013 495/1360/1013
f 506/1359/1014 505/1361/1014 1237/1350/1014 1236/1349/1014
f 505/1361/1015 504/1362/1015 1238/1353/1015 1237/1350/1015
f 504/1362/1016 66/1170/1016 408/1214/1016 1238/1353/1016
f 1238/1353/1017 408/1214/1017 409/1213/1017 1241/1354/1017
f 1241/1354/1018 409/1213/1018 410/1212/1018 1244/1357/1018
f 1244/1357/1019 410/1212/1019 60/1211/1019 524/1363/1019
f 1243/1355/1020 1244/1357/1020 524/1363/1020 523/1364/1020
f 1242/1356/1021 1243/1355/1021 523/1364/1021 522/1365/1021
f 497/1366/1022 1242/1356/1022 522/1365/1022 72/1367/1022
f 496/1368/1023 1239/1352/1023 1242/1356/1023 497/1366/1023
f 495/1360/1024 1236/1349/1024 1239/1352/1024 496/1368/1024
f 1245/1369/1025 1246/1370/1025 1249/1371/1025 1248/1372/1025
f 1246/1370/1026 1247/1373/1026 1250/1374/1026 1249/1371/1026
f 1248/1372/1027 1249/1371/1027 1252/1375/1027 1251/1376/1027
f 1249/1371/1028 1250/1374/1028 1253/1377/1028 1252/1375/1028
f 72/1378/1029 522/1379/1029 1245/1369/1029 489/1380/1029
f 522/1379/1030 523/1381/1030 1246/1370/1030 1245/1369/1030
f 523/1381/1031 524/1382/1031 1247/1373/1031 1246/1370/1031
f 524/1382/1032 60/1383/1032 414/1208/1032 1247/1373/1032
f 1247/1373/1033 414/1208/1033 415/1205/1033 1250/1374/1033
f 1250/1374/1034 415/1205/1034 416/1204/1034 1253/1377/1034
f 1253/1377/1035 416/1204/1035 64/1384/1035 525/1385/1035
f 1252/1375/1036 1253/1377/1036 525/1385/1036 526/1386/1036
f 1251/1376/1037 1252/1375/1037 526/1386/1037 527/1387/1037
f 491/1388/1038 1251/1376/1038 527/1387/1038 74/1389/1038
f 490/1390/1039 1248/1372/1039 1251/1376/1039 491/1388/1039
f 489/1380/1040 1245/1369/1040 1248/1372/1040 490/1390/1040
f 1254/1391/1041 1255/1392/1041 1258/1393/1041 1257/1394/1041
f 1255/1392/1042 1256/1395/1042 1259/1396/1042 1258/1393/1042
f 1257/1394/1043 1258/1393/1043 1261/1397/1043 1260/1398/1043
f 1258/1393/1044 1259/1396/1044 1262/1399/1044 1261/1397/1044
f 70/1400/1045 450/1401/1045 1254/1391/1045 449/1402/1045
f 450/1401/1046 451/1403/1046 1255/1392/1046 1254/1391/1046
f 451/1403/1047 452/1404/1047 1256/1395/1047 1255/1392/1047
f 452/1404/1048 79/1358/1048 453/1405/1048 1256/1395/1048
f 1256/1395/1049 453/1405/1049 454/1406/1049 1259/1396/1049
f 1259/1396/1050 454/1406/1050 455/1407/1050 1262/1399/1050
f 1262/1399/1051 455/1407/1051 80/1108/1051 456/1335/1051
f 1261/1397/1052 1262/1399/1052 456/1335/1052 457/1334/1052
f 1260/1398/1053 1261/1397/1053 457/1334/1053 458/1333/1053
f 447/1408/1054 1260/1409/1054 458/1332/1054 69/1267/1054
f 448/1410/1055 1257/1411/1055 1260/1409/1055 447/1408/1055
f 449/1412/1056 1254/1413/1056 1257/1411/1056 448/1410/1056
f 1263/1414/1057 1264/1415/1057 1267/1416/1057 1266/1417/1057
f 1264/1415/1058 1265/1418/1058 1268/1419/1058 1267/1416/1058
f 1266/1417/1059 1267/1416/1059 1270/1420/1059 1269/1421/1059
f 1267/1416/1060 1268/1419/1060 1271/1422/1060 1270/1420/1060
f 74/1308/1061 462/1310/1061 1263/1414/1061 461/1423/1061
f 462/1310/1062 463/1318/1062 1264/1415/1062 1263/1414/1062
f 463/1318/1063 464/1316/1063 1265/1418/1063 1264/1415/1063
f 464/1316/1064 77/1317/1064 465/1424/1064 1265/1418/1064
f 1265/1418/1065 465/1424/1065 466/1425/1065 1268/1419/1065
f 1268/1419/1066 466/1425/1066 467/1426/1066 1271/1422/1066
f 1271/1422/1067 467/1426/1067 78/1065/1067 468/1064/1067
f 1270/1420/1068 1271/1422/1068 468/1064/1068 469/1063/1068
f 1269/1421/1069 1270/1420/1069 469/1063/1069 470/1062/1069
f 459/1427/1070 1269/1421/1070 470/1062/1070 73/1061/1070
f 460/1428/1071 1266/1417/1071 1269/1421/1071 459/1427/1071
f 461/1423/1072 1263/1414/1072 1266/1417/1072 460/1428/1072
f 1272/1429/1073 1273/1430/1073 1276/1431/1073 1275/1432/1073
f 1273/1430/1074 1274/1433/1074 1277/1434/1074 1276/1431/1074
f 1275/1432/1075 1276/1431/1075 1279/1435/1075 1278/1436/1075
f 1276/1431/1076 1277/1434/1076 1280/1437/1076 1279/1435/1076
f 76/1280/1077 474/1282/1077 1272/1429/1077 473/1438/1077
f 474/1282/1078 475/1298/1078 1273/1430/1078 1272/1429/1078
f 475/1298/1079 476/1295/1079 1274/1433/1079 1273/1430/1079
f 476/1295/1080 70/1297/1080 449/1412/1080 1274/1433/1080
f 1274/1433/1081 449/1412/1081 448/1410/1081 1277/1434/1081
f 1277/1434/1082 448/1410/1082 447/1408/1082 1280/1437/1082
f 1280/1437/1083 447/1408/1083 69/1267/1083 477/1266/1083
f 1279/1435/1084 1280/1437/1084 477/1266/1084 478/1265/1084
f 1278/1436/1085 1279/1435/1085 478/1265/1085 479/1264/1085
f 471/1439/1086 1278/1436/1086 479/1264/1086 75/1248/1086
f 472/1440/1087 1275/1432/1087 1278/1436/1087 471/1439/1087
f 473/1438/1088 1272/1429/1088 1275/1432/1088 472/1440/1088
f 1281/1441/1089 1282/1442/1089 1285/1443/1089 1284/1444/1089
f 1282/1442/1090 1283/1445/1090 1286/1446/1090 1285/1443/1090
f 1284/1444/1091 1285/1443/1091 1288/1447/1091 1287/1448/1091
f 1285/1443/1092 1286/1446/1092 1289/1449/1092 1288/1447/1092
f 77/1317/1093 480/1345/1093 1281/1441/1093 465/1424/1093
f 480/1345/1094 481/1348/1094 1282/1442/1094 1281/1441/1094
f 481/1348/1095 482/1346/1095 1283/1445/1095 1282/1442/1095
f 482/1346/1096 76/1347/1096 473/1450/1096 1283/1445/1096
f 1283/1445/1097 473/1450/1097 472/1451/1097 1286/1446/1097
f 1286/1452/1098 472/1440/1098 471/1439/1098 1289/1453/1098
f 1289/1453/1099 471/1439/1099 75/1248/1099 483/1247/1099
f 1288/1447/1100 1289/1449/1100 483/1245/1100 484/1244/1100
f 1287/1448/1101 1288/1447/1101 484/1244/1101 485/1243/1101
f 467/1426/1102 1287/1448/1102 485/1243/1102 78/1065/1102
f 466/1425/1103 1284/1444/1103 1287/1448/1103 467/1426/1103
f 465/1424/1104 1281/1441/1104 1284/1444/1104 466/1425/1104
f 1290/1454/1105 1291/1455/1105 1294/1456/1105 1293/1457/1105
f 1291/1455/1106 1292/1458/1106 1295/1459/1106 1294/1456/1106
f 1293/1457/1107 1294/1456/1107 1297/1460/1107 1296/1461/1107
f 1294/1456/1108 1295/1459/1108 1298/1462/1108 1297/1460/1108
f 72/1378/1109 489/1380/1109 1290/1454/1109 488/1463/1109
f 489/1380/1110 490/1390/1110 1291/1455/1110 1290/1454/1110
f 490/1390/1111 491/1388/1111 1292/1458/1111 1291/1455/1111
f 491/1388/1112 74/1389/1112 461/1464/1112 1292/1458/1112
f 1292/1458/1113 461/1464/1113 460/1465/1113 1295/1459/1113
f 1295/1459/1114 460/1465/1114 459/1466/1114 1298/1462/1114
f 1298/1462/1115 459/1466/1115 73/1091/1115 492/1090/1115
f 1297/1460/1116 1298/1462/1116 492/1090/1116 493/1089/1116
f 1296/1461/1117 1297/1460/1117 493/1089/1117 494/1088/1117
f 486/1467/1118 1296/1461/1118 494/1088/1118 71/1087/1118
f 487/1468/1119 1293/1457/1119 1296/1461/1119 486/1467/1119
f 488/1463/1120 1290/1454/1120 1293/1457/1120 487/1468/1120
f 1299/1469/1121 1300/1470/1121 1303/1471/1121 1302/1472/1121
f 1300/1470/1122 1301/1473/1122 1304/1474/1122 1303/1471/1122
f 1302/1472/1123 1303/1471/1123 1306/1475/1123 1305/1476/1123
f 1303/1471/1124 1304/1474/1124 1307/1477/1124 1306/1475/1124
f 79/1358/1125 495/1360/1125 1299/1469/1125 453/1405/1125
f 495/1360/1126 496/1368/1126 1300/1470/1126 1299/1469/1126
f 496/1368/1127 497/1366/1127 1301/1473/1127 1300/1470/1127
f 497/1366/1128 72/1367/1128 488/1478/1128 1301/1473/1128
f 1301/1473/1129 488/1478/1129 487/1479/1129 1304/1474/1129
f 1304/1474/1130 487/1479/1130 486/1480/1130 1307/1477/1130
f 1307/1477/1131 486/1480/1131 71/1112/1131 498/1111/1131
f 1306/1475/1132 1307/1477/1132 498/1111/1132 499/1110/1132
f 1305/1476/1133 1306/1475/1133 499/1110/1133 500/1109/1133
f 455/1407/1134 1305/1476/1134 500/1109/1134 80/1108/1134
f 454/1406/1135 1302/1472/1135 1305/1476/1135 455/1407/1135
f 453/1405/1136 1299/1469/1136 1302/1472/1136 454/1406/1136
f 1308/1481/1137 1309/1482/1137 1312/1483/1137 1311/1484/1137
f 1309/1482/1138 1310/1485/1138 1313/1486/1138 1312/1483/1138
f 1311/1484/1139 1312/1483/1139 1315/1487/1139 1314/1488/1139
f 1312/1483/1140 1313/1486/1140 1316/1489/1140 1315/1487/1140
f 70/1400/1141 501/1294/1141 1308/1481/1141 450/1401/1141
f 501/1294/1142 502/1292/1142 1309/1482/1142 1308/1481/1142
f 502/1292/1143 503/1290/1143 1310/1485/1143 1309/1482/1143
f 503/1290/1144 58/1174/1144 432/1173/1144 1310/1485/1144
f 1310/1485/1145 432/1173/1145 433/1172/1145 1313/1486/1145
f 1313/1486/1146 433/1172/1146 434/1171/1146 1316/1489/1146
f 1316/1489/1147 434/1171/1147 66/1170/1147 504/1362/1147
f 1315/1487/1148 1316/1489/1148 504/1362/1148 505/1361/1148
f 1314/1488/1149 1315/1487/1149 505/1361/1149 506/1359/1149
f 452/1404/1150 1314/1488/1150 506/1359/1150 79/1358/1150
f 451/1403/1151 1311/1484/1151 1314/1488/1151 452/1404/1151
f 450/1401/1152 1308/1481/1152 1311/1484/1152 451/1403/1152
f 1317/1490/1153 1318/1491/1153 1321/1492/1153 1320/1493/1153
f 1318/1491/1154 1319/1494/1154 1322/1495/1154 1321/1492/1154
f 1320/1493/1155 1321/1492/1155 1324/1496/1155 1323/1497/1155
f 1321/1492/1156 1322/1495/1156 1325/1498/1156 1324/1496/1156
f 87/1499/1157 662/1500/1157 1317/1501/1157 551/1502/1157
f 662/1500/1158 661/1503/1158 1318/1504/1158 1317/1501/1158
f 661/1503/1159 660/1505/1159 1319/1506/1159 1318/1504/1159
f 660/1507/1160 97/1508/1160 602/1509/1160 1319/1494/1160
f 1319/1494/1161 602/1509/1161 601/1510/1161 1322/1495/1161
f 1322/1495/1162 601/1510/1162 600/1511/1162 1325/1498/1162
f 1325/1498/1163 600/1511/1163 102/1512/1163 663/1513/1163
f 1324/1496/1164 1325/1498/1164 663/1513/1164 664/1514/1164
f 1323/1497/1165 1324/1496/1165 664/1514/1165 665/1515/1165
f 549/1516/1166 1323/1497/1166 665/1515/1166 91/1517/1166
f 550/1518/1167 1320/1493/1167 1323/1497/1167 549/1516/1167
f 551/1519/1168 1317/1490/1168 1320/1493/1168 550/1518/1168
f 1326/1520/1169 1327/1521/1169 1330/1522/1169 1329/1523/1169
f 1327/1521/1170 1328/1524/1170 1331/1525/1170 1330/1522/1170
f 1329/1523/1171 1330/1522/1171 1333/1526/1171 1332/1527/1171
f 1330/1522/1172 1331/1525/1172 1334/1528/1172 1333/1526/1172
f 83/1529/1173 653/1530/1173 1326/1520/1173 545/1531/1173
f 653/1530/1174 652/1532/1174 1327/1521/1174 1326/1520/1174
f 652/1532/1175 651/1533/1175 1328/1524/1175 1327/1521/1175
f 651/1533/1176 95/1534/1176 626/1535/1176 1328/1524/1176
f 1328/1524/1177 626/1535/1177 625/1536/1177 1331/1525/1177
f 1331/1525/1178 625/1536/1178 624/1537/1178 1334/1528/1178
f 1334/1528/1179 624/1537/1179 97/1538/1179 660/1505/1179
f 1333/1526/1180 1334/1528/1180 660/1505/1180 661/1503/1180
f 1332/1527/1181 1333/1526/1181 661/1503/1181 662/1500/1181
f 543/1539/1182 1332/1527/1182 662/1500/1182 87/1499/1182
f 544/1540/1183 1329/1523/1183 1332/1527/1183 543/1539/1183
f 545/1531/1184 1326/1520/1184 1329/1523/1184 544/1540/1184
f 1335/1541/1185 1336/1542/1185 1339/1543/1185 1338/1544/1185
f 1336/1542/1186 1337/1545/1186 1340/1546/1186 1339/1543/1186
f 1338/1544/1187 1339/1543/1187 1342/1547/1187 1341/1548/1187
f 1339/1543/1188 1340/1546/1188 1343/1549/1188 1342/1547/1188
f 89/1550/1189 647/1551/1189 1335/1541/1189 563/1552/1189
f 647/1551/1190 646/1553/1190 1336/1542/1190 1335/1541/1190
f 646/1553/1191 645/1554/1191 1337/1545/1191 1336/1542/1191
f 645/1554/1192 104/1555/1192 632/1556/1192 1337/1545/1192
f 1337/1545/1193 632/1556/1193 631/1557/1193 1340/1546/1193
f 1340/1546/1194 631/1557/1194 630/1558/1194 1343/1549/1194
f 1343/1549/1195 630/1558/1195 95/1559/1195 651/1560/1195
f 1342/1547/1196 1343/1549/1196 651/1560/1196 652/1561/1196
f 1341/1548/1197 1342/1547/1197 652/1561/1197 653/1562/1197
f 561/1563/1198 1341/1564/1198 653/1530/1198 83/1529/1198
f 562/1565/1199 1338/1544/1199 1341/1548/1199 561/1566/1199
f 563/1552/1200 1335/1541/1200 1338/1544/1200 562/1565/1200
f 1344/1567/1201 1345/1568/1201 1348/1569/1201 1347/1570/1201
f 1345/1568/1202 1346/1571/1202 1349/1572/1202 1348/1569/1202
f 1347/1570/1203 1348/1569/1203 1351/1573/1203 1350/1574/1203
f 1348/1569/1204 1349/1572/1204 1352/1575/1204 1351/1573/1204
f 89/1550/1205 578/1576/1205 1344/1577/1205 537/1578/1205
f 578/1576/1206 577/1579/1206 1345/1580/1206 1344/1577/1206
f 577/1581/1207 576/1582/1207 1346/1583/1207 1345/1584/1207
f 576/1582/1208 91/1517/1208 569/1585/1208 1346/1583/1208
f 1346/1583/1209 569/1585/1209 568/1586/1209 1349/1587/1209
f 1349/1572/1210 568/1588/1210 567/1589/1210 1352/1575/1210
f 1352/1575/1211 567/1589/1211 85/1590/1211 557/1591/1211
f 1351/1573/1212 1352/1575/1212 557/1591/1212 556/1592/1212
f 1350/1574/1213 1351/1573/1213 556/1592/1213 555/1593/1213
f 539/1594/1214 1350/1574/1214 555/1593/1214 81/1595/1214
f 538/1596/1215 1347/1570/1215 1350/1574/1215 539/1594/1215
f 537/1578/1216 1344/1577/1216 1347/1597/1216 538/1598/1216
f 1353/1599/1217 1354/1600/1217 1357/1601/1217 1356/1602/1217
f 1354/1603/1218 1355/1604/1218 1358/1605/1218 1357/1606/1218
f 1356/1602/1219 1357/1601/1219 1360/1607/1219 1359/1608/1219
f 1357/1606/1220 1358/1605/1220 1361/1609/1220 1360/1610/1220
f 92/1611/1221 575/1612/1221 1353/1599/1221 552/1613/1221
f 575/1612/1222 574/1614/1222 1354/1600/1222 1353/1599/1222
f 574/1615/1223 573/1616/1223 1355/1604/1223 1354/1603/1223
f 573/1616/1224 90/1617/1224 566/1618/1224 1355/1604/1224
f 1355/1604/1225 566/1618/1225 565/1619/1225 1358/1605/1225
f 1358/1605/1226 565/1619/1226 564/1620/1226 1361/1609/1226
f 1361/1609/1227 564/1620/1227 82/1621/1227 560/1622/1227
f 1360/1623/1228 1361/1624/1228 560/1625/1228 559/1626/1228
f 1359/1627/1229 1360/1623/1229 559/1626/1229 558/1628/1229
f 554/1629/1230 1359/1608/1230 558/1630/1230 86/1631/1230
f 553/1632/1231 1356/1602/1231 1359/1608/1231 554/1629/1231
f 552/1613/1232 1353/1599/1232 1356/1602/1232 553/1632/1232
f 1362/1633/1233 1363/1634/1233 1366/1635/1233 1365/1636/1233
f 1363/1637/1234 1364/1638/1234 1367/1639/1234 1366/1640/1234
f 1365/1636/1235 1366/1635/1235 1369/1641/1235 1368/1642/1235
f 1366/1640/1236 1367/1639/1236 1370/1643/1236 1369/1644/1236
f 88/1645/1237 548/1646/1237 1362/1633/1237 570/1647/1237
f 548/1648/1238 547/1649/1238 1363/1650/1238 1362/1651/1238
f 547/1649/1239 546/1652/1239 1364/1653/1239 1363/1650/1239
f 546/1654/1240 84/1655/1240 542/1656/1240 1364/1638/1240
f 1364/1638/1241 542/1656/1241 541/1657/1241 1367/1639/1241
f 1367/1639/1242 541/1657/1242 540/1658/1242 1370/1643/1242
f 1370/1643/1243 540/1658/1243 90/1617/1243 573/1616/1243
f 1369/1644/1244 1370/1643/1244 573/1616/1244 574/1615/1244
f 1368/1642/1245 1369/1641/1245 574/1614/1245 575/1612/1245
f 572/1659/1246 1368/1642/1246 575/1612/1246 92/1611/1246
f 571/1660/1247 1365/1636/1247 1368/1642/1247 572/1659/1247
f 570/1647/1248 1362/1633/1248 1365/1636/1248 571/1660/1248
f 1371/1661/1249 1372/1662/1249 1375/1663/1249 1374/1664/1249
f 1372/1662/1250 1373/1665/1250 1376/1666/1250 1375/1663/1250
f 1374/1664/1251 1375/1663/1251 1378/1667/1251 1377/1668/1251
f 1375/1663/1252 1376/1666/1252 1379/1669/1252 1378/1667/1252
f 83/1529/1253 545/1531/1253 1371/1661/1253 561/1563/1253
f 545/1531/1254 544/1540/1254 1372/1662/1254 1371/1661/1254
f 544/1540/1255 543/1539/1255 1373/1665/1255 1372/1662/1255
f 543/1539/1256 87/1499/1256 551/1502/1256 1373/1665/1256
f 1373/1665/1257 551/1502/1257 550/1670/1257 1376/1666/1257
f 1376/1671/1258 550/1518/1258 549/1516/1258 1379/1672/1258
f 1379/1672/1259 549/1516/1259 91/1517/1259 576/1582/1259
f 1378/1673/1260 1379/1672/1260 576/1582/1260 577/1581/1260
f 1377/1674/1261 1378/1675/1261 577/1579/1261 578/1576/1261
f 563/1552/1262 1377/1674/1262 578/1576/1262 89/1550/1262
f 562/1565/1263 1374/1676/1263 1377/1674/1263 563/1552/1263
f 561/1563/1264 1371/1661/1264 1374/1664/1264 562/1677/1264
f 1380/1678/1265 1381/1679/1265 1384/1680/1265 1383/1681/1265
f 1381/1679/1266 1382/1682/1266 1385/1683/1266 1384/1680/1266
f 1383/1684/1267 1384/1685/1267 1387/1686/1267 1386/1687/1267
f 1384/1680/1268 1385/1683/1268 1388/1688/1268 1387/1689/1268
f 91/1517/1269 665/1515/1269 1380/1678/1269 569/1585/1269
f 665/1515/1270 664/1514/1270 1381/1679/1270 1380/1678/1270
f 664/1514/1271 663/1513/1271 1382/1682/1271 1381/1679/1271
f 663/1513/1272 102/1512/1272 617/1690/1272 1382/1682/1272
f 1382/1682/1273 617/1690/1273 616/1691/1273 1385/1683/1273
f 1385/1683/1274 616/1691/1274 615/1692/1274 1388/1688/1274
f 1388/1693/1275 615/1694/1275 99/1695/1275 641/1696/1275
f 1387/1686/1276 1388/1693/1276 641/1696/1276 640/1697/1276
f 1386/1687/1277 1387/1686/1277 640/1697/1277 639/1698/1277
f 567/1589/1278 1386/1687/1278 639/1698/1278 85/1590/1278
f 568/1588/1279 1383/1684/1279 1386/1687/1279 567/1589/1279
f 569/1585/1280 1380/1678/1280 1383/1681/1280 568/1586/1280
f 1389/1699/1281 1390/1700/1281 1393/1701/1281 1392/1702/1281
f 1390/1700/1282 1391/1703/1282 1394/1704/1282 1393/1701/1282
f 1392/1702/1283 1393/1701/1283 1396/1705/1283 1395/1706/1283
f 1393/1701/1284 1394/1704/1284 1397/1707/1284 1396/1705/1284
f 85/1590/1285 639/1698/1285 1389/1699/1285 557/1591/1285
f 639/1698/1286 640/1697/1286 1390/1700/1286 1389/1699/1286
f 640/1697/1287 641/1696/1287 1391/1703/1287 1390/1700/1287
f 641/1696/1288 99/1695/1288 611/1708/1288 1391/1703/1288
f 1391/1703/1289 611/1708/1289 610/1709/1289 1394/1704/1289
f 1394/1704/1290 610/1709/1290 609/1710/1290 1397/1707/1290
f 1397/1707/1291 609/1710/1291 93/1711/1291 642/1712/1291
f 1396/1705/1292 1397/1707/1292 642/1712/1292 643/1713/1292
f 1395/1706/1293 1396/1705/1293 643/1713/1293 644/1714/1293
f 555/1593/1294 1395/1706/1294 644/1714/1294 81/1595/1294
f 556/1592/1295 1392/1702/1295 1395/1706/1295 555/1593/1295
f 557/1591/1296 1389/1699/1296 1392/1702/1296 556/1592/1296
f 1398/1715/1297 1399/1716/1297 1402/1717/1297 1401/1718/1297
f 1399/1716/1298 1400/1719/1298 1403/1720/1298 1402/1717/1298
f 1401/1718/1299 1402/1717/1299 1405/1721/1299 1404/1722/1299
f 1402/1717/1300 1403/1720/1300 1406/1723/1300 1405/1721/1300
f 100/1724/1301 648/1725/1301 1398/1715/1301 606/1726/1301
f 648/1725/1302 649/1727/1302 1399/1716/1302 1398/1715/1302
f 649/1728/1303 650/1729/1303 1400/1730/1303 1399/1731/1303
f 650/1729/1304 86/1631/1304 558/1630/1304 1400/1730/1304
f 1400/1719/1305 558/1628/1305 559/1626/1305 1403/1720/1305
f 1403/1720/1306 559/1626/1306 560/1625/1306 1406/1723/1306
f 1406/1732/1307 560/1622/1307 82/1621/1307 635/1733/1307
f 1405/1734/1308 1406/1732/1308 635/1733/1308 634/1735/1308
f 1404/1722/1309 1405/1721/1309 634/1736/1309 633/1737/1309
f 608/1738/1310 1404/1722/1310 633/1737/1310 94/1739/1310
f 607/1740/1311 1401/1718/1311 1404/1722/1311 608/1738/1311
f 606/1726/1312 1398/1715/1312 1401/1718/1312 607/1740/1312
f 1407/1741/1313 1408/1742/1313 1411/1743/1313 1410/1744/1313
f 1408/1742/1314 1409/1745/1314 1412/1746/1314 1411/1743/1314
f 1410/1744/1315 1411/1743/1315 1414/1747/1315 1413/1748/1315
f 1411/1743/1316 1412/1746/1316 1415/1749/1316 1414/1747/1316
f 98/1750/1317 659/1751/1317 1407/1741/1317 594/1752/1317
f 659/1751/1318 658/1753/1318 1408/1742/1318 1407/1741/1318
f 658/1753/1319 657/1754/1319 1409/1745/1319 1408/1742/1319
f 657/1754/1320 88/1645/1320 570/1647/1320 1409/1745/1320
f 1409/1745/1321 570/1647/1321 571/1660/1321 1412/1746/1321
f 1412/1746/1322 571/1660/1322 572/1659/1322 1415/1749/1322
f 1415/1749/1323 572/1659/1323 92/1611/1323 666/1755/1323
f 1414/1747/1324 1415/1749/1324 666/1755/1324 667/1756/1324
f 1413/1748/1325 1414/1747/1325 667/1756/1325 668/1757/1325
f 596/1758/1326 1413/1748/1326 668/1757/1326 101/1759/1326
f 595/1760/1327 1410/1744/1327 1413/1748/1327 596/1758/1327
f 594/1752/1328 1407/1741/1328 1410/1744/1328 595/1760/1328
f 1416/1761/1329 1417/1762/1329 1420/1763/1329 1419/1764/1329
f 1417/1765/1330 1418/1766/1330 1421/1767/1330 1420/1768/1330
f 1419/1769/1331 1420/1768/1331 1423/1770/1331 1422/1771/1331
f 1420/1768/1332 1421/1767/1332 1424/1772/1332 1423/1770/1332
f 81/1595/1333 644/1714/1333 1416/1761/1333 539/1594/1333
f 644/1714/1334 643/1713/1334 1417/1762/1334 1416/1761/1334
f 643/1713/1335 642/1712/1335 1418/1773/1335 1417/1762/1335
f 642/1712/1336 93/1711/1336 590/1774/1336 1418/1773/1336
f 1418/1766/1337 590/1775/1337 589/1776/1337 1421/1767/1337
f 1421/1767/1338 589/1776/1338 588/1777/1338 1424/1772/1338
f 1424/1772/1339 588/1777/1339 104/1555/1339 645/1554/1339
f 1423/1770/1340 1424/1772/1340 645/1554/1340 646/1553/1340
f 1422/1771/1341 1423/1770/1341 646/1553/1341 647/1551/1341
f 537/1578/1342 1422/1771/1342 647/1551/1342 89/1550/1342
f 538/1598/1343 1419/1769/1343 1422/1771/1343 537/1578/1343
f 539/1594/1344 1416/1761/1344 1419/1764/1344 538/1596/1344
f 1425/1778/1345 1426/1779/1345 1429/1780/1345 1428/1781/1345
f 1426/1779/1346 1427/1782/1346 1430/1783/1346 1429/1780/1346
f 1428/1781/1347 1429/1780/1347 1432/1784/1347 1431/1785/1347
f 1429/1780/1348 1430/1783/1348 1433/1786/1348 1432/1784/1348
f 101/1759/1349 668/1757/1349 1425/1778/1349 612/1787/1349
f 668/1757/1350 667/1756/1350 1426/1779/1350 1425/1778/1350
f 667/1756/1351 666/1755/1351 1427/1782/1351 1426/1779/1351
f 666/1755/1352 92/1611/1352 552/1613/1352 1427/1782/1352
f 1427/1782/1353 552/1613/1353 553/1632/1353 1430/1783/1353
f 1430/1783/1354 553/1632/1354 554/1629/1354 1433/1786/1354
f 1433/1786/1355 554/1629/1355 86/1631/1355 650/1729/1355
f 1432/1784/1356 1433/1786/1356 650/1729/1356 649/1728/1356
f 1431/1785/1357 1432/1784/1357 649/1728/1357 648/1788/1357
f 614/1789/1358 1431/1785/1358 648/1788/1358 100/1790/1358
f 613/1791/1359 1428/1781/1359 1431/1785/1359 614/1789/1359
f 612/1787/1360 1425/1778/1360 1428/1781/1360 613/1791/1360
f 1434/1792/1361 1435/1793/1361 1438/1794/1361 1437/1795/1361
f 1435/1793/1362 1436/1796/1362 1439/1797/1362 1438/1794/1362
f 1437/1795/1363 1438/1794/1363 1441/1798/1363 1440/1799/1363
f 1438/1794/1364 1439/1797/1364 1442/1800/1364 1441/1798/1364
f 103/1801/1365 638/1802/1365 1434/1792/1365 627/1803/1365
f 638/1802/1366 637/1804/1366 1435/1793/1366 1434/1792/1366
f 637/1804/1367 636/1805/1367 1436/1796/1367 1435/1793/1367
f 636/1805/1368 90/1617/1368 540/1658/1368 1436/1796/1368
f 1436/1796/1369 540/1658/1369 541/1657/1369 1439/1797/1369
f 1439/1797/1370 541/1657/1370 542/1656/1370 1442/1800/1370
f 1442/1800/1371 542/1656/1371 84/1655/1371 656/1806/1371
f 1441/1798/1372 1442/1800/1372 656/1806/1372 655/1807/1372
f 1440/1799/1373 1441/1798/1373 655/1807/1373 654/1808/1373
f 629/1809/1374 1440/1799/1374 654/1808/1374 96/1810/1374
f 628/1811/1375 1437/1795/1375 1440/1799/1375 629/1809/1375
f 627/1803/1376 1434/1792/1376 1437/1795/1376 628/1811/1376
f 1443/1812/1377 1444/1813/1377 1447/1814/1377 1446/1815/1377
f 1444/1813/1378 1445/1816/1378 1448/1817/1378 1447/1814/1378
f 1446/1815/1379 1447/1814/1379 1450/1818/1379 1449/1819/1379
f 1447/1814/1380 1448/1817/1380 1451/1820/1380 1450/1818/1380
f 96/1821/1381 654/1822/1381 1443/1812/1381 621/1823/1381
f 654/1822/1382 655/1824/1382 1444/1813/1382 1443/1812/1382
f 655/1824/1383 656/1825/1383 1445/1816/1383 1444/1813/1383
f 656/1825/1384 84/1826/1384 546/1652/1384 1445/1816/1384
f 1445/1816/1385 546/1652/1385 547/1649/1385 1448/1817/1385
f 1448/1817/1386 547/1649/1386 548/1648/1386 1451/1820/1386
f 1451/1820/1387 548/1648/1387 88/1827/1387 657/1828/1387
f 1450/1818/1388 1451/1820/1388 657/1828/1388 658/1829/1388
f 1449/1819/1389 1450/1818/1389 658/1829/1389 659/1830/1389
f 623/1831/1390 1449/1819/1390 659/1830/1390 98/1832/1390
f 622/1833/1391 1446/1815/1391 1449/1819/1391 623/1831/1391
f 621/1823/1392 1443/1812/1392 1446/1815/1392 622/1833/1392
f 1452/1834/1393 1453/1835/1393 1456/1836/1393 1455/1837/1393
f 1453/1835/1394 1454/1838/1394 1457/1839/1394 1456/1836/1394
f 1455/1837/1395 1456/1836/1395 1459/1840/1395 1458/1841/1395
f 1456/1836/1396 1457/1839/1396 1460/1842/1396 1459/1840/1396
f 94/1843/1397 582/1844/1397 1452/1834/1397 581/1845/1397
f 582/1844/1398 583/1846/1398 1453/1835/1398 1452/1834/1398
f 583/1846/1399 584/1847/1399 1454/1838/1399 1453/1835/1399
f 584/1847/1400 103/1801/1400 585/1848/1400 1454/1838/1400
f 1454/1838/1401 585/1848/1401 586/1849/1401 1457/1839/1401
f 1457/1839/1402 586/1849/1402 587/1850/1402 1460/1842/1402
f 1460/1842/1403 587/1850/1403 104/1555/1403 588/1777/1403
f 1459/1840/1404 1460/1842/1404 588/1777/1404 589/1776/1404
f 1458/1841/1405 1459/1840/1405 589/1776/1405 590/1775/1405
f 579/1851/1406 1458/1852/1406 590/1774/1406 93/1711/1406
f 580/1853/1407 1455/1854/1407 1458/1852/1407 579/1851/1407
f 581/1855/1408 1452/1856/1408 1455/1854/1408 580/1853/1408
f 1461/1857/1409 1462/1858/1409 1465/1859/1409 1464/1860/1409
f 1462/1858/1410 1463/1861/1410 1466/1862/1410 1465/1859/1410
f 1464/1860/1411 1465/1859/1411 1468/1863/1411 1467/1864/1411
f 1465/1859/1412 1466/1862/1412 1469/1865/1412 1468/1863/1412
f 98/1750/1413 594/1752/1413 1461/1857/1413 593/1866/1413
f 594/1752/1414 595/1760/1414 1462/1858/1414 1461/1857/1414
f 595/1760/1415 596/1758/1415 1463/1861/1415 1462/1858/1415
f 596/1758/1416 101/1759/1416 597/1867/1416 1463/1861/1416
f 1463/1861/1417 597/1867/1417 598/1868/1417 1466/1862/1417
f 1466/1862/1418 598/1868/1418 599/1869/1418 1469/1865/1418
f 1469/1865/1419 599/1869/1419 102/1512/1419 600/1511/1419
f 1468/1863/1420 1469/1865/1420 600/1511/1420 601/1510/1420
f 1467/1864/1421 1468/1863/1421 601/1510/1421 602/1509/1421
f 591/1870/1422 1467/1864/1422 602/1509/1422 97/1508/1422
f 592/1871/1423 1464/1860/1423 1467/1864/1423 591/1870/1423
f 593/1866/1424 1461/1857/1424 1464/1860/1424 592/1871/1424
f 1470/1872/1425 1471/1873/1425 1474/1874/1425 1473/1875/1425
f 1471/1873/1426 1472/1876/1426 1475/1877/1426 1474/1874/1426
f 1473/1875/1427 1474/1874/1427 1477/1878/1427 1476/1879/1427
f 1474/1874/1428 1475/1877/1428 1478/1880/1428 1477/1878/1428
f 100/1724/1429 606/1726/1429 1470/1872/1429 605/1881/1429
f 606/1726/1430 607/1740/1430 1471/1873/1430 1470/1872/1430
f 607/1740/1431 608/1738/1431 1472/1876/1431 1471/1873/1431
f 608/1738/1432 94/1739/1432 581/1855/1432 1472/1876/1432
f 1472/1876/1433 581/1855/1433 580/1853/1433 1475/1877/1433
f 1475/1877/1434 580/1853/1434 579/1851/1434 1478/1880/1434
f 1478/1880/1435 579/1851/1435 93/1711/1435 609/1710/1435
f 1477/1878/1436 1478/1880/1436 609/1710/1436 610/1709/1436
f 1476/1879/1437 1477/1878/1437 610/1709/1437 611/1708/1437
f 603/1882/1438 1476/1879/1438 611/1708/1438 99/1695/1438
f 604/1883/1439 1473/1875/1439 1476/1879/1439 603/1882/1439
f 605/1881/1440 1470/1872/1440 1473/1875/1440 604/1883/1440
f 1479/1884/1441 1480/1885/1441 1483/1886/1441 1482/1887/1441
f 1480/1885/1442 1481/1888/1442 1484/1889/1442 1483/1886/1442
f 1482/1887/1443 1483/1886/1443 1486/1890/1443 1485/1891/1443
f 1483/1886/1444 1484/1889/1444 1487/1892/1444 1486/1890/1444
f 101/1759/1445 612/1787/1445 1479/1884/1445 597/1867/1445
f 612/1787/1446 613/1791/1446 1480/1885/1446 1479/1884/1446
f 613/1791/1447 614/1789/1447 1481/1888/1447 1480/1885/1447
f 614/1789/1448 100/1790/1448 605/1893/1448 1481/1888/1448
f 1481/1894/1449 605/1881/1449 604/1883/1449 1484/1895/1449
f 1484/1895/1450 604/1883/1450 603/1882/1450 1487/1896/1450
f 1487/1896/1451 603/1882/1451 99/1695/1451 615/1694/1451
f 1486/1890/1452 1487/1892/1452 615/1692/1452 616/1691/1452
f 1485/1891/1453 1486/1890/1453 616/1691/1453 617/1690/1453
f 599/1869/1454 1485/1891/1454 617/1690/1454 102/1512/1454
f 598/1868/1455 1482/1887/1455 1485/1891/1455 599/1869/1455
f 597/1867/1456 1479/1884/1456 1482/1887/1456 598/1868/1456
f 1488/1897/1457 1489/1898/1457 1492/1899/1457 1491/1900/1457
f 1489/1898/1458 1490/1901/1458 1493/1902/1458 1492/1899/1458
f 1491/1900/1459 1492/1899/1459 1495/1903/1459 1494/1904/1459
f 1492/1899/1460 1493/1902/1460 1496/1905/1460 1495/1903/1460
f 96/1821/1461 621/1823/1461 1488/1897/1461 620/1906/1461
f 621/1823/1462 622/1833/1462 1489/1898/1462 1488/1897/1462
f 622/1833/1463 623/1831/1463 1490/1901/1463 1489/1898/1463
f 623/1831/1464 98/1832/1464 593/1907/1464 1490/1901/1464
f 1490/1901/1465 593/1907/1465 592/1908/1465 1493/1902/1465
f 1493/1902/1466 592/1908/1466 591/1909/1466 1496/1905/1466
f 1496/1905/1467 591/1909/1467 97/1538/1467 624/1537/1467
f 1495/1903/1468 1496/1905/1468 624/1537/1468 625/1536/1468
f 1494/1904/1469 1495/1903/1469 625/1536/1469 626/1535/1469
f 618/1910/1470 1494/1904/1470 626/1535/1470 95/1534/1470
f 619/1911/1471 1491/1900/1471 1494/1904/1471 618/1910/1471
f 620/1906/1472 1488/1897/1472 1491/1900/1472 619/1911/1472
f 1497/1912/1473 1498/1913/1473 1501/1914/1473 1500/1915/1473
f 1498/1913/1474 1499/1916/1474 1502/1917/1474 1501/1914/1474
f 1500/1915/1475 1501/1914/1475 1504/1918/1475 1503/1919/1475
f 1501/1914/1476 1502/1917/1476 1505/1920/1476 1504/1918/1476
f 103/1801/1477 627/1803/1477 1497/1912/1477 585/1848/1477
f 627/1803/1478 628/1811/1478 1498/1913/1478 1497/1912/1478
f 628/1811/1479 629/1809/1479 1499/1916/1479 1498/1913/1479
f 629/1809/1480 96/1810/1480 620/1921/1480 1499/1916/1480
f 1499/1916/1481 620/1921/1481 619/1922/1481 1502/1917/1481
f 1502/1917/1482 619/1922/1482 618/1923/1482 1505/1920/1482
f 1505/1920/1483 618/1923/1483 95/1559/1483 630/1558/1483
f 1504/1918/1484 1505/1920/1484 630/1558/1484 631/1557/1484
f 1503/1919/1485 1504/1918/1485 631/1557/1485 632/1556/1485
f 587/1850/1486 1503/1919/1486 632/1556/1486 104/1555/1486
f 586/1849/1487 1500/1915/1487 1503/1919/1487 587/1850/1487
f 585/1848/1488 1497/1912/1488 1500/1915/1488 586/1849/1488
f 1506/1924/1489 1507/1925/1489 1510/1926/1489 1509/1927/1489
f 1507/1925/1490 1508/1928/1490 1511/1929/1490 1510/1926/1490
f 1509/1927/1491 1510/1926/1491 1513/1930/1491 1512/1931/1491
f 1510/1926/1492 1511/1929/1492 1514/1932/1492 1513/1930/1492
f 94/1843/1493 633/1933/1493 1506/1924/1493 582/1844/1493
f 633/1933/1494 634/1735/1494 1507/1925/1494 1506/1924/1494
f 634/1735/1495 635/1733/1495 1508/1928/1495 1507/1925/1495
f 635/1733/1496 82/1621/1496 564/1620/1496 1508/1928/1496
f 1508/1928/1497 564/1620/1497 565/1619/1497 1511/1929/1497
f 1511/1929/1498 565/1619/1498 566/1618/1498 1514/1932/1498
f 1514/1932/1499 566/1618/1499 90/1617/1499 636/1805/1499
f 1513/1930/1500 1514/1932/1500 636/1805/1500 637/1804/1500
f 1512/1931/1501 1513/1930/1501 637/1804/1501 638/1802/1501
f 584/1847/1502 1512/1931/1502 638/1802/1502 103/1801/1502
f 583/1846/1503 1509/1927/1503 1512/1931/1503 584/1847/1503
f 582/1844/1504 1506/1924/1504 1509/1927/1504 583/1846/1504
